k 2 zeta -758 len 128 start 0
r[0]=17767
r[1]=9158
r[2]=-26519
r[3]=18547
r[4]=-9135
r[5]=23807
r[6]=-27574
r[7]=22764
r[8]=7977
r[9]=31949
r[10]=22714
r[11]=-10325
r[12]=16882
r[13]=7931
r[14]=-22045
r[15]=-7866
r[16]=124
r[17]=25282
r[18]=2132
r[19]=10232
r[20]=8987
r[21]=-5656
r[22]=-12825
r[23]=17293
r[24]=3958
r[25]=9562
r[26]=-1746
r[27]=29283
r[28]=-15821
r[29]=-10337
r[30]=-15159
r[31]=1946
r[32]=-1178
r[33]=23858
r[34]=20493
r[35]=-10313
r[36]=-17871
r[37]=-7080
r[38]=12451
r[39]=-9894
r[40]=24869
r[41]=-30371
r[42]=-20219
r[43]=-23785
r[44]=-22440
r[45]=23273
r[46]=-31650
r[47]=-22316
r[48]=-16981
r[49]=-29518
r[50]=-12083
r[51]=-7994
r[52]=30363
r[53]=-24908
r[54]=9300
r[55]=-31215
r[56]=-15346
r[57]=7554
r[58]=-1932
r[59]=-31167
r[60]=-2783
r[61]=-17091
r[62]=-29220
r[63]=-3961
r[64]=6768
r[65]=-8727
r[66]=-14274
r[67]=-11103
r[68]=-15807
r[69]=-1823
r[70]=-20996
r[71]=9063
r[72]=-32194
r[73]=24321
r[74]=-14722
r[75]=10903
r[76]=-17942
r[77]=19164
r[78]=-11413
r[79]=30614
r[80]=-10353
r[81]=-23496
r[82]=22620
r[83]=20010
r[84]=17132
r[85]=31920
r[86]=-11205
r[87]=1787
r[88]=-26062
r[89]=-13137
r[90]=-29380
r[91]=-28844
r[92]=-30228
r[93]=6936
r[94]=32731
r[95]=-23460
r[96]=-1790
r[97]=18458
r[98]=30974
r[99]=-17597
r[100]=16635
r[101]=9978
r[102]=-8534
r[103]=-15558
r[104]=-31237
r[105]=-23255
r[106]=-4655
r[107]=16358
r[108]=-4091
r[109]=-16068
r[110]=-18564
r[111]=-14444
r[112]=25973
r[113]=4056
r[114]=5566
r[115]=-22431
r[116]=-29559
r[117]=-5639
r[118]=-20644
r[119]=9915
r[120]=-18776
r[121]=15513
r[122]=-18929
r[123]=16533
r[124]=22449
r[125]=13803
r[126]=-6927
r[127]=20659
r[128]=32261
r[129]=24047
r[130]=3063
r[131]=-16640
r[132]=-31511
r[133]=-5471
r[134]=-32198
r[135]=2789
r[136]=-28726
r[137]=28683
r[138]=19147
r[139]=32720
r[140]=12616
r[141]=583
r[142]=18276
r[143]=-26947
r[144]=4639
r[145]=23843
r[146]=16158
r[147]=-24920
r[148]=18204
r[149]=-4485
r[150]=-15004
r[151]=-571
r[152]=11028
r[153]=31603
r[154]=15962
r[155]=-32059
r[156]=-20130
r[157]=9035
r[158]=-11399
r[159]=12131
r[160]=-32453
r[161]=-8336
r[162]=-4508
r[163]=1572
r[164]=-13807
r[165]=28830
r[166]=4361
r[167]=23004
r[168]=-8022
r[169]=23508
r[170]=-9812
r[171]=4594
r[172]=24091
r[173]=8464
r[174]=-22353
r[175]=28731
r[176]=32307
r[177]=-6195
r[178]=3811
r[179]=-15024
r[180]=-10680
r[181]=-11193
r[182]=-15595
r[183]=348
r[184]=20411
r[185]=367
r[186]=-31710
r[187]=281
r[188]=9402
r[189]=22427
r[190]=12413
r[191]=-23051
r[192]=14091
r[193]=7905
r[194]=-21478
r[195]=284
r[196]=-28801
r[197]=-17117
r[198]=23288
r[199]=28713
r[200]=6392
r[201]=13476
r[202]=-32229
r[203]=30483
r[204]=21941
r[205]=10954
r[206]=-6322
r[207]=-11288
r[208]=4760
r[209]=-2510
r[210]=-26312
r[211]=-5920
r[212]=-13703
r[213]=23629
r[214]=-5571
r[215]=6708
r[216]=23996
r[217]=28255
r[218]=6990
r[219]=-32137
r[220]=-14854
r[221]=19403
r[222]=10348
r[223]=-763
r[224]=27308
r[225]=-11130
r[226]=-479
r[227]=-1493
r[228]=-28246
r[229]=22810
r[230]=27221
r[231]=-21854
r[232]=-29250
r[233]=-5008
r[234]=8629
r[235]=-7309
r[236]=5947
r[237]=2308
r[238]=-18596
r[239]=10707
r[240]=-202
r[241]=20628
r[242]=4787
r[243]=-13905
r[244]=-21278
r[245]=-784
r[246]=-7196
r[247]=2718
r[248]=27471
r[249]=-206
r[250]=-29419
r[251]=12617
r[252]=19197
r[253]=-19070
r[254]=11854
r[255]=-19031
j 0 t -1455j 1 t 1382j 2 t -512j 3 t -1342j 4 t -105j 5 t 1659j 6 t 525j 7 t -1540j 8 t 1426j 9 t 794j 10 t -1742j 11 t -146j 12 t 1456j 13 t -680j 14 t 336j 15 t 1321j 16 t 1270j 17 t -1789j 18 t 214j 19 t 567j 20 t -979j 21 t -1324j 22 t 981j 23 t 1454j 24 t -1100j 25 t -619j 26 t 888j 27 t 1168j 28 t -75j 29 t -1482j 30 t -1191j 31 t -1530j 32 t -942j 33 t 1626j 34 t -1143j 35 t 1524j 36 t -44j 37 t -1376j 38 t -16j 39 t -976j 40 t -1424j 41 t -1758j 42 t -364j 43 t 32j 44 t 891j 45 t -28j 46 t 1353j 47 t 561j 48 t -1817j 49 t 1567j 50 t 1128j 51 t -309j 52 t 243j 53 t -1220j 54 t 1145j 55 t -857j 56 t -110j 57 t -1296j 58 t -1289j 59 t -185j 60 t 551j 61 t 91j 62 t 14j 63 t -391j 64 t -1612j 65 t -1129j 66 t -467j 67 t -1656j 68 t 1582j 69 t -483j 70 t 697j 71 t -600j 72 t -512j 73 t 333j 74 t 190j 75 t 379j 76 t -1295j 77 t 785j 78 t 1698j 79 t 975j 80 t 752j 81 t 1226j 82 t 666j 83 t 995j 84 t 6j 85 t 1053j 86 t -1462j 87 t -104j 88 t -243j 89 t -180j 90 t 1440j 91 t -534j 92 t 669j 93 t -1875j 94 t -1683j 95 t -943j 96 t 325j 97 t 1179j 98 t 730j 99 t -1422j 100 t -904j 101 t -173j 102 t -293j 103 t 1913j 104 t 918j 105 t -103j 106 t -1037j 107 t -377j 108 t -918j 109 t -939j 110 t -1002j 111 t -166j 112 t 287j 113 t -1094j 114 t 829j 115 t 293j 116 t -883j 117 t -633j 118 t -1411j 119 t -1126j 120 t -813j 121 t 29j 122 t 1669j 123 t -144j 124 t -1846j 125 t 1715j 126 t -1087j 127 t -763k 3 zeta -359 len 64 start 0
r[0]=16312
r[1]=10540
r[2]=-27031
r[3]=17205
r[4]=-9240
r[5]=25466
r[6]=-27049
r[7]=21224
r[8]=9403
r[9]=32743
r[10]=20972
r[11]=-10471
r[12]=18338
r[13]=7251
r[14]=-21709
r[15]=-6545
r[16]=1394
r[17]=23493
r[18]=2346
r[19]=10799
r[20]=8008
r[21]=-6980
r[22]=-11844
r[23]=18747
r[24]=2858
r[25]=8943
r[26]=-858
r[27]=30451
r[28]=-15896
r[29]=-11819
r[30]=-16350
r[31]=416
r[32]=-2120
r[33]=25484
r[34]=19350
r[35]=-8789
r[36]=-17915
r[37]=-8456
r[38]=12435
r[39]=-10870
r[40]=23445
r[41]=-32129
r[42]=-20583
r[43]=-23753
r[44]=-21549
r[45]=23245
r[46]=-30297
r[47]=-21755
r[48]=-18798
r[49]=-27951
r[50]=-10955
r[51]=-8303
r[52]=30606
r[53]=-26128
r[54]=10445
r[55]=-32072
r[56]=-15456
r[57]=6258
r[58]=-3221
r[59]=-31352
r[60]=-2232
r[61]=-17000
r[62]=-29206
r[63]=-4352
r[64]=5156
r[65]=-9856
r[66]=-14741
r[67]=-12759
r[68]=-14225
r[69]=-2306
r[70]=-20299
r[71]=8463
r[72]=-32706
r[73]=24654
r[74]=-14532
r[75]=11282
r[76]=-19237
r[77]=19949
r[78]=-9715
r[79]=31589
r[80]=-9601
r[81]=-22270
r[82]=23286
r[83]=21005
r[84]=17138
r[85]=-32563
r[86]=-12667
r[87]=1683
r[88]=-26305
r[89]=-13317
r[90]=-27940
r[91]=-29378
r[92]=-29559
r[93]=5061
r[94]=31048
r[95]=-24403
r[96]=-1465
r[97]=19637
r[98]=31704
r[99]=-19019
r[100]=15731
r[101]=9805
r[102]=-8827
r[103]=-13645
r[104]=-30319
r[105]=-23358
r[106]=-5692
r[107]=15981
r[108]=-5009
r[109]=-17007
r[110]=-19566
r[111]=-14610
r[112]=26260
r[113]=2962
r[114]=6395
r[115]=-22138
r[116]=-30442
r[117]=-6272
r[118]=-22055
r[119]=8789
r[120]=-19589
r[121]=15542
r[122]=-17260
r[123]=16389
r[124]=20603
r[125]=15518
r[126]=-8014
r[127]=19896
r[128]=19222
r[129]=7776
r[130]=-26007
r[131]=19889
r[132]=-9030
r[133]=22148
r[134]=-28099
r[135]=24304
r[136]=6551
r[137]=31155
r[138]=24456
r[139]=-10179
r[140]=15426
r[141]=8611
r[142]=-22381
r[143]=-9187
r[144]=-1146
r[145]=27071
r[146]=1918
r[147]=9665
r[148]=9966
r[149]=-4332
r[150]=-13806
r[151]=15839
r[152]=5058
r[153]=10181
r[154]=-2634
r[155]=28115
r[156]=-15746
r[157]=-8855
r[158]=-13968
r[159]=3476
r[160]=-236
r[161]=22232
r[162]=21636
r[163]=-11837
r[164]=-17827
r[165]=-5704
r[166]=12467
r[167]=-8918
r[168]=26293
r[169]=-28613
r[170]=-19855
r[171]=-23817
r[172]=-23331
r[173]=23301
r[174]=32533
r[175]=-22877
r[176]=-15164
r[177]=-31085
r[178]=-13211
r[179]=-7685
r[180]=30120
r[181]=-23688
r[182]=8155
r[183]=-30358
r[184]=-15236
r[185]=8850
r[186]=-643
r[187]=-30982
r[188]=-3334
r[189]=-17182
r[190]=-29234
r[191]=-3570
r[192]=8380
r[193]=-7598
r[194]=-13807
r[195]=-9447
r[196]=-17389
r[197]=-1340
r[198]=-21693
r[199]=9663
r[200]=-31682
r[201]=23988
r[202]=-14912
r[203]=10524
r[204]=-16647
r[205]=18379
r[206]=-13111
r[207]=29639
r[208]=-11105
r[209]=-24722
r[210]=21954
r[211]=19015
r[212]=17126
r[213]=30867
r[214]=-9743
r[215]=1891
r[216]=-25819
r[217]=-12957
r[218]=-30820
r[219]=-28310
r[220]=-30897
r[221]=8811
r[222]=-31122
r[223]=-22517
r[224]=-2115
r[225]=17279
r[226]=30244
r[227]=-16175
r[228]=17539
r[229]=10151
r[230]=-8241
r[231]=-17471
r[232]=-32155
r[233]=-23152
r[234]=-3618
r[235]=16735
r[236]=-3173
r[237]=-15129
r[238]=-17562
r[239]=-14278
r[240]=25686
r[241]=5150
r[242]=4737
r[243]=-22724
r[244]=-28676
r[245]=-5006
r[246]=-19233
r[247]=11041
r[248]=-17963
r[249]=15484
r[250]=-20598
r[251]=16677
r[252]=24295
r[253]=12088
r[254]=-5840
r[255]=21422
j 0 t -204j 1 t -1578j 2 t -1284j 3 t -1068j 4 t 1725j 5 t -557j 6 t 408j 7 t -371j 8 t -1317j 9 t 117j 10 t -1362j 11 t -1216j 12 t 601j 13 t -1249j 14 t -659j 15 t -958j 16 t 509j 17 t -1389j 18 t -583j 19 t 109j 20 t 262j 21 t 1433j 22 t -67j 23 t 1124j 24 t 1423j 25 t 749j 26 t 966j 27 t -568j 28 t -1488j 29 t 1042j 30 t 1442j 31 t 1637j 32 t -1285j 33 t -591j 34 t -539j 35 t 440j 36 t -1188j 37 t -171j 38 t 29j 39 t 75j 40 t 1822j 41 t 1247j 42 t -1141j 43 t 1315j 44 t -42j 45 t 1489j 46 t 676j 47 t 467j 48 t -1008j 49 t -1424j 50 t 576j 51 t -387j 52 t 737j 53 t 509j 54 t 697j 55 t -1528j 56 t 1258j 57 t 555j 58 t 1233j 59 t -1338j 60 t -1732j 61 t -1443j 62 t 299j 63 t -1500k 4 zeta -1517 len 64 start 128
r[0]=16108
r[1]=8962
r[2]=-28315
r[3]=16137
r[4]=-7515
r[5]=24909
r[6]=-26641
r[7]=20853
r[8]=8086
r[9]=-32676
r[10]=19610
r[11]=-11687
r[12]=18939
r[13]=6002
r[14]=-22368
r[15]=-7503
r[16]=1903
r[17]=22104
r[18]=1763
r[19]=10908
r[20]=8270
r[21]=-5547
r[22]=-11911
r[23]=19871
r[24]=4281
r[25]=9692
r[26]=108
r[27]=29883
r[28]=-17384
r[29]=-10777
r[30]=-14908
r[31]=2053
r[32]=-3405
r[33]=24893
r[34]=18811
r[35]=-8349
r[36]=-19103
r[37]=-8627
r[38]=12464
r[39]=-10795
r[40]=25267
r[41]=-30882
r[42]=-21724
r[43]=-22438
r[44]=-21591
r[45]=24734
r[46]=-29621
r[47]=-21288
r[48]=-19806
r[49]=-29375
r[50]=-10379
r[51]=-8690
r[52]=31343
r[53]=-25619
r[54]=11142
r[55]=31936
r[56]=-14198
r[57]=6813
r[58]=-1988
r[59]=-32690
r[60]=-3964
r[61]=-18443
r[62]=-28907
r[63]=-5852
r[64]=16516
r[65]=12118
r[66]=-25747
r[67]=18273
r[68]=-10965
r[69]=26023
r[70]=-27457
r[71]=21595
r[72]=10720
r[73]=32626
r[74]=22334
r[75]=-9255
r[76]=17737
r[77]=8500
r[78]=-21050
r[79]=-5587
r[80]=885
r[81]=24882
r[82]=2929
r[83]=10690
r[84]=7746
r[85]=-8413
r[86]=-11777
r[87]=17623
r[88]=1435
r[89]=8194
r[90]=-1824
r[91]=31019
r[92]=-14408
r[93]=-12861
r[94]=-17792
r[95]=-1221
r[96]=-835
r[97]=26075
r[98]=19889
r[99]=-9229
r[100]=-16727
r[101]=-8285
r[102]=12406
r[103]=-10945
r[104]=21623
r[105]=32160
r[106]=-19442
r[107]=-25068
r[108]=-21507
r[109]=21756
r[110]=-30973
r[111]=-22222
r[112]=-17790
r[113]=-26527
r[114]=-11531
r[115]=-7916
r[116]=29869
r[117]=-26637
r[118]=9748
r[119]=-30544
r[120]=-16714
r[121]=5703
r[122]=-4454
r[123]=-30014
r[124]=-500
r[125]=-15557
r[126]=-29505
r[127]=-2852
r[128]=19222
r[129]=7776
r[130]=-26007
r[131]=19889
r[132]=-9030
r[133]=22148
r[134]=-28099
r[135]=24304
r[136]=6551
r[137]=31155
r[138]=24456
r[139]=-10179
r[140]=15426
r[141]=8611
r[142]=-22381
r[143]=-9187
r[144]=-1146
r[145]=27071
r[146]=1918
r[147]=9665
r[148]=9966
r[149]=-4332
r[150]=-13806
r[151]=15839
r[152]=5058
r[153]=10181
r[154]=-2634
r[155]=28115
r[156]=-15746
r[157]=-8855
r[158]=-13968
r[159]=3476
r[160]=-236
r[161]=22232
r[162]=21636
r[163]=-11837
r[164]=-17827
r[165]=-5704
r[166]=12467
r[167]=-8918
r[168]=26293
r[169]=-28613
r[170]=-19855
r[171]=-23817
r[172]=-23331
r[173]=23301
r[174]=32533
r[175]=-22877
r[176]=-15164
r[177]=-31085
r[178]=-13211
r[179]=-7685
r[180]=30120
r[181]=-23688
r[182]=8155
r[183]=-30358
r[184]=-15236
r[185]=8850
r[186]=-643
r[187]=-30982
r[188]=-3334
r[189]=-17182
r[190]=-29234
r[191]=-3570
r[192]=8380
r[193]=-7598
r[194]=-13807
r[195]=-9447
r[196]=-17389
r[197]=-1340
r[198]=-21693
r[199]=9663
r[200]=-31682
r[201]=23988
r[202]=-14912
r[203]=10524
r[204]=-16647
r[205]=18379
r[206]=-13111
r[207]=29639
r[208]=-11105
r[209]=-24722
r[210]=21954
r[211]=19015
r[212]=17126
r[213]=30867
r[214]=-9743
r[215]=1891
r[216]=-25819
r[217]=-12957
r[218]=-30820
r[219]=-28310
r[220]=-30897
r[221]=8811
r[222]=-31122
r[223]=-22517
r[224]=-2115
r[225]=17279
r[226]=30244
r[227]=-16175
r[228]=17539
r[229]=10151
r[230]=-8241
r[231]=-17471
r[232]=-32155
r[233]=-23152
r[234]=-3618
r[235]=16735
r[236]=-3173
r[237]=-15129
r[238]=-17562
r[239]=-14278
r[240]=25686
r[241]=5150
r[242]=4737
r[243]=-22724
r[244]=-28676
r[245]=-5006
r[246]=-19233
r[247]=11041
r[248]=-17963
r[249]=15484
r[250]=-20598
r[251]=16677
r[252]=24295
r[253]=12088
r[254]=-5840
r[255]=21422
j 128 t 1029j 129 t 981j 130 t -334j 131 t 1703j 132 t -201j 133 t 336j 134 t -1149j 135 t -356j 136 t 2260j 137 t -768j 138 t 589j 139 t -1506j 140 t 80j 141 t 549j 142 t 1787j 143 t -436j 144 t 1443j 145 t 167j 146 t 696j 147 t -1588j 148 t 734j 149 t 379j 150 t 227j 151 t 927j 152 t 770j 153 t -1044j 154 t 1070j 155 t 540j 156 t 821j 157 t 434j 158 t -166j 159 t 1850j 160 t 1375j 161 t -2057j 162 t -1333j 163 t 1174j 164 t 859j 165 t 98j 166 t 69j 167 t -250j 168 t 1206j 169 t 618j 170 t 1573j 171 t -271j 172 t 418j 173 t -718j 174 t 61j 175 t 1861j 176 t -2108j 177 t 398j 178 t 273j 179 t 143j 180 t 1864j 181 t 500j 182 t 321j 183 t 1117j 184 t -544j 185 t -166j 186 t 1657j 187 t -1280j 188 t 268j 189 t -815j 190 t 570j 191 t -1327k 5 zeta 1493 len 32 start 0
r[0]=16108
r[1]=8962
r[2]=-28315
r[3]=16137
r[4]=-7515
r[5]=24909
r[6]=-26641
r[7]=20853
r[8]=8086
r[9]=-32676
r[10]=19610
r[11]=-11687
r[12]=18939
r[13]=6002
r[14]=-22368
r[15]=-7503
r[16]=1903
r[17]=22104
r[18]=1763
r[19]=10908
r[20]=8270
r[21]=-5547
r[22]=-11911
r[23]=19871
r[24]=4281
r[25]=9692
r[26]=108
r[27]=29883
r[28]=-17384
r[29]=-10777
r[30]=-14908
r[31]=2053
r[32]=-3405
r[33]=24893
r[34]=18811
r[35]=-8349
r[36]=-19103
r[37]=-8627
r[38]=12464
r[39]=-10795
r[40]=25267
r[41]=-30882
r[42]=-21724
r[43]=-22438
r[44]=-21591
r[45]=24734
r[46]=-29621
r[47]=-21288
r[48]=-19806
r[49]=-29375
r[50]=-10379
r[51]=-8690
r[52]=31343
r[53]=-25619
r[54]=11142
r[55]=31936
r[56]=-14198
r[57]=6813
r[58]=-1988
r[59]=-32690
r[60]=-3964
r[61]=-18443
r[62]=-28907
r[63]=-5852
r[64]=16516
r[65]=12118
r[66]=-25747
r[67]=18273
r[68]=-10965
r[69]=26023
r[70]=-27457
r[71]=21595
r[72]=10720
r[73]=32626
r[74]=22334
r[75]=-9255
r[76]=17737
r[77]=8500
r[78]=-21050
r[79]=-5587
r[80]=885
r[81]=24882
r[82]=2929
r[83]=10690
r[84]=7746
r[85]=-8413
r[86]=-11777
r[87]=17623
r[88]=1435
r[89]=8194
r[90]=-1824
r[91]=31019
r[92]=-14408
r[93]=-12861
r[94]=-17792
r[95]=-1221
r[96]=-835
r[97]=26075
r[98]=19889
r[99]=-9229
r[100]=-16727
r[101]=-8285
r[102]=12406
r[103]=-10945
r[104]=21623
r[105]=32160
r[106]=-19442
r[107]=-25068
r[108]=-21507
r[109]=21756
r[110]=-30973
r[111]=-22222
r[112]=-17790
r[113]=-26527
r[114]=-11531
r[115]=-7916
r[116]=29869
r[117]=-26637
r[118]=9748
r[119]=-30544
r[120]=-16714
r[121]=5703
r[122]=-4454
r[123]=-30014
r[124]=-500
r[125]=-15557
r[126]=-29505
r[127]=-2852
r[128]=20251
r[129]=8757
r[130]=-26341
r[131]=21592
r[132]=-9231
r[133]=22484
r[134]=-29248
r[135]=23948
r[136]=8811
r[137]=30387
r[138]=25045
r[139]=-11685
r[140]=15506
r[141]=9160
r[142]=-20594
r[143]=-9623
r[144]=297
r[145]=27238
r[146]=2614
r[147]=8077
r[148]=10700
r[149]=-3953
r[150]=-13579
r[151]=16766
r[152]=5828
r[153]=9137
r[154]=-1564
r[155]=28655
r[156]=-14925
r[157]=-8421
r[158]=-14134
r[159]=5326
r[160]=1139
r[161]=20175
r[162]=20303
r[163]=-10663
r[164]=-16968
r[165]=-5606
r[166]=12536
r[167]=-9168
r[168]=27499
r[169]=-27995
r[170]=-18282
r[171]=-24088
r[172]=-22913
r[173]=22583
r[174]=32594
r[175]=-21016
r[176]=-17272
r[177]=-30687
r[178]=-12938
r[179]=-7542
r[180]=31984
r[181]=-23188
r[182]=8476
r[183]=-29241
r[184]=-15780
r[185]=8684
r[186]=1014
r[187]=-32262
r[188]=-3066
r[189]=-17997
r[190]=-28664
r[191]=-4897
r[192]=18193
r[193]=6795
r[194]=-25673
r[195]=18186
r[196]=-8829
r[197]=21812
r[198]=-26950
r[199]=24660
r[200]=4291
r[201]=31923
r[202]=23867
r[203]=-8673
r[204]=15346
r[205]=8062
r[206]=-24168
r[207]=-8751
r[208]=-2589
r[209]=26904
r[210]=1222
r[211]=11253
r[212]=9232
r[213]=-4711
r[214]=-14033
r[215]=14912
r[216]=4288
r[217]=11225
r[218]=-3704
r[219]=27575
r[220]=-16567
r[221]=-9289
r[222]=-13802
r[223]=1626
r[224]=-1611
r[225]=24289
r[226]=22969
r[227]=-13011
r[228]=-18686
r[229]=-5802
r[230]=12398
r[231]=-8668
r[232]=25087
r[233]=-29231
r[234]=-21428
r[235]=-23546
r[236]=-23749
r[237]=24019
r[238]=32472
r[239]=-24738
r[240]=-13056
r[241]=-31483
r[242]=-13484
r[243]=-7828
r[244]=28256
r[245]=-24188
r[246]=7834
r[247]=-31475
r[248]=-14692
r[249]=9016
r[250]=-2300
r[251]=-29702
r[252]=-3602
r[253]=-16367
r[254]=-29804
r[255]=-2243
j 0 t -1052j 1 t -418j 2 t 21j 3 t -104j 4 t 843j 5 t 1129j 6 t -580j 7 t -847j 8 t -1023j 9 t 217j 10 t 481j 11 t -1693j 12 t -1007j 13 t -1042j 14 t -550j 15 t 559j 16 t 1099j 17 t 227j 18 t -345j 19 t 1133j 20 t -669j 21 t -170j 22 t -1183j 23 t 1407j 24 t 56j 25 t 43j 26 t 866j 27 t 596j 28 t 146j 29 t 167j 30 t -1705j 31 t -1108k 6 zeta 1422 len 32 start 64
r[0]=15056
r[1]=8544
r[2]=-28294
r[3]=16033
r[4]=-6672
r[5]=26038
r[6]=-27221
r[7]=20006
r[8]=7063
r[9]=-32459
r[10]=20091
r[11]=-13380
r[12]=17932
r[13]=4960
r[14]=-22918
r[15]=-6944
r[16]=3002
r[17]=22331
r[18]=1418
r[19]=12041
r[20]=7601
r[21]=-5717
r[22]=-13094
r[23]=21278
r[24]=4337
r[25]=9735
r[26]=974
r[27]=30479
r[28]=-17238
r[29]=-10610
r[30]=-16613
r[31]=945
r[32]=17160
r[33]=9380
r[34]=-28336
r[35]=16241
r[36]=-8358
r[37]=23780
r[38]=-26061
r[39]=21700
r[40]=9109
r[41]=32643
r[42]=19129
r[43]=-9994
r[44]=19946
r[45]=7044
r[46]=-21818
r[47]=-8062
r[48]=804
r[49]=21877
r[50]=2108
r[51]=9775
r[52]=8939
r[53]=-5377
r[54]=-10728
r[55]=18464
r[56]=4225
r[57]=9649
r[58]=-758
r[59]=29287
r[60]=-17530
r[61]=-10944
r[62]=-13203
r[63]=3161
r[64]=16516
r[65]=12118
r[66]=-25747
r[67]=18273
r[68]=-10965
r[69]=26023
r[70]=-27457
r[71]=21595
r[72]=10720
r[73]=32626
r[74]=22334
r[75]=-9255
r[76]=17737
r[77]=8500
r[78]=-21050
r[79]=-5587
r[80]=885
r[81]=24882
r[82]=2929
r[83]=10690
r[84]=7746
r[85]=-8413
r[86]=-11777
r[87]=17623
r[88]=1435
r[89]=8194
r[90]=-1824
r[91]=31019
r[92]=-14408
r[93]=-12861
r[94]=-17792
r[95]=-1221
r[96]=-835
r[97]=26075
r[98]=19889
r[99]=-9229
r[100]=-16727
r[101]=-8285
r[102]=12406
r[103]=-10945
r[104]=21623
r[105]=32160
r[106]=-19442
r[107]=-25068
r[108]=-21507
r[109]=21756
r[110]=-30973
r[111]=-22222
r[112]=-17790
r[113]=-26527
r[114]=-11531
r[115]=-7916
r[116]=29869
r[117]=-26637
r[118]=9748
r[119]=-30544
r[120]=-16714
r[121]=5703
r[122]=-4454
r[123]=-30014
r[124]=-500
r[125]=-15557
r[126]=-29505
r[127]=-2852
r[128]=20251
r[129]=8757
r[130]=-26341
r[131]=21592
r[132]=-9231
r[133]=22484
r[134]=-29248
r[135]=23948
r[136]=8811
r[137]=30387
r[138]=25045
r[139]=-11685
r[140]=15506
r[141]=9160
r[142]=-20594
r[143]=-9623
r[144]=297
r[145]=27238
r[146]=2614
r[147]=8077
r[148]=10700
r[149]=-3953
r[150]=-13579
r[151]=16766
r[152]=5828
r[153]=9137
r[154]=-1564
r[155]=28655
r[156]=-14925
r[157]=-8421
r[158]=-14134
r[159]=5326
r[160]=1139
r[161]=20175
r[162]=20303
r[163]=-10663
r[164]=-16968
r[165]=-5606
r[166]=12536
r[167]=-9168
r[168]=27499
r[169]=-27995
r[170]=-18282
r[171]=-24088
r[172]=-22913
r[173]=22583
r[174]=32594
r[175]=-21016
r[176]=-17272
r[177]=-30687
r[178]=-12938
r[179]=-7542
r[180]=31984
r[181]=-23188
r[182]=8476
r[183]=-29241
r[184]=-15780
r[185]=8684
r[186]=1014
r[187]=-32262
r[188]=-3066
r[189]=-17997
r[190]=-28664
r[191]=-4897
r[192]=18193
r[193]=6795
r[194]=-25673
r[195]=18186
r[196]=-8829
r[197]=21812
r[198]=-26950
r[199]=24660
r[200]=4291
r[201]=31923
r[202]=23867
r[203]=-8673
r[204]=15346
r[205]=8062
r[206]=-24168
r[207]=-8751
r[208]=-2589
r[209]=26904
r[210]=1222
r[211]=11253
r[212]=9232
r[213]=-4711
r[214]=-14033
r[215]=14912
r[216]=4288
r[217]=11225
r[218]=-3704
r[219]=27575
r[220]=-16567
r[221]=-9289
r[222]=-13802
r[223]=1626
r[224]=-1611
r[225]=24289
r[226]=22969
r[227]=-13011
r[228]=-18686
r[229]=-5802
r[230]=12398
r[231]=-8668
r[232]=25087
r[233]=-29231
r[234]=-21428
r[235]=-23546
r[236]=-23749
r[237]=24019
r[238]=32472
r[239]=-24738
r[240]=-13056
r[241]=-31483
r[242]=-13484
r[243]=-7828
r[244]=28256
r[245]=-24188
r[246]=7834
r[247]=-31475
r[248]=-14692
r[249]=9016
r[250]=-2300
r[251]=-29702
r[252]=-3602
r[253]=-16367
r[254]=-29804
r[255]=-2243
j 64 t -68j 65 t 1964j 66 t -286j 67 t -1836j 68 t -1725j 69 t 322j 70 t -712j 71 t -991j 72 t 222j 73 t 506j 74 t -1069j 75 t -64j 76 t -380j 77 t 787j 78 t -1721j 79 t -1415j 80 t 1043j 81 t -430j 82 t -652j 83 t -238j 84 t 1962j 85 t 179j 86 t -765j 87 t -1100j 88 t -193j 89 t 899j 90 t 327j 91 t -100j 92 t 1255j 93 t -334j 94 t 986j 95 t 900k 7 zeta 287 len 32 start 128
r[0]=15056
r[1]=8544
r[2]=-28294
r[3]=16033
r[4]=-6672
r[5]=26038
r[6]=-27221
r[7]=20006
r[8]=7063
r[9]=-32459
r[10]=20091
r[11]=-13380
r[12]=17932
r[13]=4960
r[14]=-22918
r[15]=-6944
r[16]=3002
r[17]=22331
r[18]=1418
r[19]=12041
r[20]=7601
r[21]=-5717
r[22]=-13094
r[23]=21278
r[24]=4337
r[25]=9735
r[26]=974
r[27]=30479
r[28]=-17238
r[29]=-10610
r[30]=-16613
r[31]=945
r[32]=17160
r[33]=9380
r[34]=-28336
r[35]=16241
r[36]=-8358
r[37]=23780
r[38]=-26061
r[39]=21700
r[40]=9109
r[41]=32643
r[42]=19129
r[43]=-9994
r[44]=19946
r[45]=7044
r[46]=-21818
r[47]=-8062
r[48]=804
r[49]=21877
r[50]=2108
r[51]=9775
r[52]=8939
r[53]=-5377
r[54]=-10728
r[55]=18464
r[56]=4225
r[57]=9649
r[58]=-758
r[59]=29287
r[60]=-17530
r[61]=-10944
r[62]=-13203
r[63]=3161
r[64]=16448
r[65]=14082
r[66]=-26033
r[67]=16437
r[68]=-12690
r[69]=26345
r[70]=-28169
r[71]=20604
r[72]=10942
r[73]=-32404
r[74]=21265
r[75]=-9319
r[76]=17357
r[77]=9287
r[78]=-22771
r[79]=-7002
r[80]=1928
r[81]=24452
r[82]=2277
r[83]=10452
r[84]=9708
r[85]=-8234
r[86]=-12542
r[87]=16523
r[88]=1242
r[89]=9093
r[90]=-1497
r[91]=30919
r[92]=-13153
r[93]=-13195
r[94]=-16806
r[95]=-321
r[96]=16584
r[97]=10154
r[98]=-25461
r[99]=20109
r[100]=-9240
r[101]=25701
r[102]=-26745
r[103]=22586
r[104]=10498
r[105]=32120
r[106]=23403
r[107]=-9191
r[108]=18117
r[109]=7713
r[110]=-19329
r[111]=-4172
r[112]=-158
r[113]=25312
r[114]=3581
r[115]=10928
r[116]=5784
r[117]=-8592
r[118]=-11012
r[119]=18723
r[120]=1628
r[121]=7295
r[122]=-2151
r[123]=31119
r[124]=-15663
r[125]=-12527
r[126]=-18778
r[127]=-2121
r[128]=20251
r[129]=8757
r[130]=-26341
r[131]=21592
r[132]=-9231
r[133]=22484
r[134]=-29248
r[135]=23948
r[136]=8811
r[137]=30387
r[138]=25045
r[139]=-11685
r[140]=15506
r[141]=9160
r[142]=-20594
r[143]=-9623
r[144]=297
r[145]=27238
r[146]=2614
r[147]=8077
r[148]=10700
r[149]=-3953
r[150]=-13579
r[151]=16766
r[152]=5828
r[153]=9137
r[154]=-1564
r[155]=28655
r[156]=-14925
r[157]=-8421
r[158]=-14134
r[159]=5326
r[160]=1139
r[161]=20175
r[162]=20303
r[163]=-10663
r[164]=-16968
r[165]=-5606
r[166]=12536
r[167]=-9168
r[168]=27499
r[169]=-27995
r[170]=-18282
r[171]=-24088
r[172]=-22913
r[173]=22583
r[174]=32594
r[175]=-21016
r[176]=-17272
r[177]=-30687
r[178]=-12938
r[179]=-7542
r[180]=31984
r[181]=-23188
r[182]=8476
r[183]=-29241
r[184]=-15780
r[185]=8684
r[186]=1014
r[187]=-32262
r[188]=-3066
r[189]=-17997
r[190]=-28664
r[191]=-4897
r[192]=18193
r[193]=6795
r[194]=-25673
r[195]=18186
r[196]=-8829
r[197]=21812
r[198]=-26950
r[199]=24660
r[200]=4291
r[201]=31923
r[202]=23867
r[203]=-8673
r[204]=15346
r[205]=8062
r[206]=-24168
r[207]=-8751
r[208]=-2589
r[209]=26904
r[210]=1222
r[211]=11253
r[212]=9232
r[213]=-4711
r[214]=-14033
r[215]=14912
r[216]=4288
r[217]=11225
r[218]=-3704
r[219]=27575
r[220]=-16567
r[221]=-9289
r[222]=-13802
r[223]=1626
r[224]=-1611
r[225]=24289
r[226]=22969
r[227]=-13011
r[228]=-18686
r[229]=-5802
r[230]=12398
r[231]=-8668
r[232]=25087
r[233]=-29231
r[234]=-21428
r[235]=-23546
r[236]=-23749
r[237]=24019
r[238]=32472
r[239]=-24738
r[240]=-13056
r[241]=-31483
r[242]=-13484
r[243]=-7828
r[244]=28256
r[245]=-24188
r[246]=7834
r[247]=-31475
r[248]=-14692
r[249]=9016
r[250]=-2300
r[251]=-29702
r[252]=-3602
r[253]=-16367
r[254]=-29804
r[255]=-2243
j 128 t 162j 129 t -1538j 130 t 1590j 131 t -707j 132 t -195j 133 t 1573j 134 t -1584j 135 t -1000j 136 t 173j 137 t 1022j 138 t 568j 139 t -1082j 140 t 792j 141 t -950j 142 t 1301j 143 t 752j 144 t -966j 145 t 984j 146 t 1331j 147 t 868j 148 t -706j 149 t -1559j 150 t -98j 151 t 950j 152 t -292j 153 t 1656j 154 t -604j 155 t -678j 156 t -439j 157 t -1414j 158 t 278j 159 t 1630k 8 zeta 202 len 32 start 192
r[0]=15056
r[1]=8544
r[2]=-28294
r[3]=16033
r[4]=-6672
r[5]=26038
r[6]=-27221
r[7]=20006
r[8]=7063
r[9]=-32459
r[10]=20091
r[11]=-13380
r[12]=17932
r[13]=4960
r[14]=-22918
r[15]=-6944
r[16]=3002
r[17]=22331
r[18]=1418
r[19]=12041
r[20]=7601
r[21]=-5717
r[22]=-13094
r[23]=21278
r[24]=4337
r[25]=9735
r[26]=974
r[27]=30479
r[28]=-17238
r[29]=-10610
r[30]=-16613
r[31]=945
r[32]=17160
r[33]=9380
r[34]=-28336
r[35]=16241
r[36]=-8358
r[37]=23780
r[38]=-26061
r[39]=21700
r[40]=9109
r[41]=32643
r[42]=19129
r[43]=-9994
r[44]=19946
r[45]=7044
r[46]=-21818
r[47]=-8062
r[48]=804
r[49]=21877
r[50]=2108
r[51]=9775
r[52]=8939
r[53]=-5377
r[54]=-10728
r[55]=18464
r[56]=4225
r[57]=9649
r[58]=-758
r[59]=29287
r[60]=-17530
r[61]=-10944
r[62]=-13203
r[63]=3161
r[64]=16448
r[65]=14082
r[66]=-26033
r[67]=16437
r[68]=-12690
r[69]=26345
r[70]=-28169
r[71]=20604
r[72]=10942
r[73]=-32404
r[74]=21265
r[75]=-9319
r[76]=17357
r[77]=9287
r[78]=-22771
r[79]=-7002
r[80]=1928
r[81]=24452
r[82]=2277
r[83]=10452
r[84]=9708
r[85]=-8234
r[86]=-12542
r[87]=16523
r[88]=1242
r[89]=9093
r[90]=-1497
r[91]=30919
r[92]=-13153
r[93]=-13195
r[94]=-16806
r[95]=-321
r[96]=16584
r[97]=10154
r[98]=-25461
r[99]=20109
r[100]=-9240
r[101]=25701
r[102]=-26745
r[103]=22586
r[104]=10498
r[105]=32120
r[106]=23403
r[107]=-9191
r[108]=18117
r[109]=7713
r[110]=-19329
r[111]=-4172
r[112]=-158
r[113]=25312
r[114]=3581
r[115]=10928
r[116]=5784
r[117]=-8592
r[118]=-11012
r[119]=18723
r[120]=1628
r[121]=7295
r[122]=-2151
r[123]=31119
r[124]=-15663
r[125]=-12527
r[126]=-18778
r[127]=-2121
r[128]=20413
r[129]=7219
r[130]=-24751
r[131]=20885
r[132]=-9426
r[133]=24057
r[134]=-30832
r[135]=22948
r[136]=8984
r[137]=31409
r[138]=25613
r[139]=-12767
r[140]=16298
r[141]=8210
r[142]=-19293
r[143]=-8871
r[144]=-669
r[145]=28222
r[146]=3945
r[147]=8945
r[148]=9994
r[149]=-5512
r[150]=-13677
r[151]=17716
r[152]=5536
r[153]=10793
r[154]=-2168
r[155]=27977
r[156]=-15364
r[157]=-9835
r[158]=-13856
r[159]=6956
r[160]=20089
r[161]=10295
r[162]=-27931
r[163]=22299
r[164]=-9036
r[165]=20911
r[166]=-27664
r[167]=24948
r[168]=8638
r[169]=29365
r[170]=24477
r[171]=-10603
r[172]=14714
r[173]=10110
r[174]=-21895
r[175]=-10375
r[176]=1263
r[177]=26254
r[178]=1283
r[179]=7209
r[180]=11406
r[181]=-2394
r[182]=-13481
r[183]=15816
r[184]=6120
r[185]=7481
r[186]=-960
r[187]=29333
r[188]=-14486
r[189]=-7007
r[190]=-14412
r[191]=3696
r[192]=18193
r[193]=6795
r[194]=-25673
r[195]=18186
r[196]=-8829
r[197]=21812
r[198]=-26950
r[199]=24660
r[200]=4291
r[201]=31923
r[202]=23867
r[203]=-8673
r[204]=15346
r[205]=8062
r[206]=-24168
r[207]=-8751
r[208]=-2589
r[209]=26904
r[210]=1222
r[211]=11253
r[212]=9232
r[213]=-4711
r[214]=-14033
r[215]=14912
r[216]=4288
r[217]=11225
r[218]=-3704
r[219]=27575
r[220]=-16567
r[221]=-9289
r[222]=-13802
r[223]=1626
r[224]=-1611
r[225]=24289
r[226]=22969
r[227]=-13011
r[228]=-18686
r[229]=-5802
r[230]=12398
r[231]=-8668
r[232]=25087
r[233]=-29231
r[234]=-21428
r[235]=-23546
r[236]=-23749
r[237]=24019
r[238]=32472
r[239]=-24738
r[240]=-13056
r[241]=-31483
r[242]=-13484
r[243]=-7828
r[244]=28256
r[245]=-24188
r[246]=7834
r[247]=-31475
r[248]=-14692
r[249]=9016
r[250]=-2300
r[251]=-29702
r[252]=-3602
r[253]=-16367
r[254]=-29804
r[255]=-2243
j 192 t -1238j 193 t 549j 194 t -267j 195 t -1022j 196 t 312j 197 t 166j 198 t 522j 199 t -32j 200 t 1466j 201 t -154j 202 t -1262j 203 t 334j 204 t 1298j 205 t 1290j 206 t -1232j 207 t 1534j 208 t 766j 209 t 996j 210 t 683j 211 t -118j 212 t -1054j 213 t -1455j 214 t -1452j 215 t 1122j 216 t -1698j 217 t -1145j 218 t 394j 219 t -82j 220 t 1526j 221 t -615j 222 t -24j 223 t -1205k 9 zeta -171 len 16 start 0
r[0]=15056
r[1]=8544
r[2]=-28294
r[3]=16033
r[4]=-6672
r[5]=26038
r[6]=-27221
r[7]=20006
r[8]=7063
r[9]=-32459
r[10]=20091
r[11]=-13380
r[12]=17932
r[13]=4960
r[14]=-22918
r[15]=-6944
r[16]=3002
r[17]=22331
r[18]=1418
r[19]=12041
r[20]=7601
r[21]=-5717
r[22]=-13094
r[23]=21278
r[24]=4337
r[25]=9735
r[26]=974
r[27]=30479
r[28]=-17238
r[29]=-10610
r[30]=-16613
r[31]=945
r[32]=17160
r[33]=9380
r[34]=-28336
r[35]=16241
r[36]=-8358
r[37]=23780
r[38]=-26061
r[39]=21700
r[40]=9109
r[41]=32643
r[42]=19129
r[43]=-9994
r[44]=19946
r[45]=7044
r[46]=-21818
r[47]=-8062
r[48]=804
r[49]=21877
r[50]=2108
r[51]=9775
r[52]=8939
r[53]=-5377
r[54]=-10728
r[55]=18464
r[56]=4225
r[57]=9649
r[58]=-758
r[59]=29287
r[60]=-17530
r[61]=-10944
r[62]=-13203
r[63]=3161
r[64]=16448
r[65]=14082
r[66]=-26033
r[67]=16437
r[68]=-12690
r[69]=26345
r[70]=-28169
r[71]=20604
r[72]=10942
r[73]=-32404
r[74]=21265
r[75]=-9319
r[76]=17357
r[77]=9287
r[78]=-22771
r[79]=-7002
r[80]=1928
r[81]=24452
r[82]=2277
r[83]=10452
r[84]=9708
r[85]=-8234
r[86]=-12542
r[87]=16523
r[88]=1242
r[89]=9093
r[90]=-1497
r[91]=30919
r[92]=-13153
r[93]=-13195
r[94]=-16806
r[95]=-321
r[96]=16584
r[97]=10154
r[98]=-25461
r[99]=20109
r[100]=-9240
r[101]=25701
r[102]=-26745
r[103]=22586
r[104]=10498
r[105]=32120
r[106]=23403
r[107]=-9191
r[108]=18117
r[109]=7713
r[110]=-19329
r[111]=-4172
r[112]=-158
r[113]=25312
r[114]=3581
r[115]=10928
r[116]=5784
r[117]=-8592
r[118]=-11012
r[119]=18723
r[120]=1628
r[121]=7295
r[122]=-2151
r[123]=31119
r[124]=-15663
r[125]=-12527
r[126]=-18778
r[127]=-2121
r[128]=20413
r[129]=7219
r[130]=-24751
r[131]=20885
r[132]=-9426
r[133]=24057
r[134]=-30832
r[135]=22948
r[136]=8984
r[137]=31409
r[138]=25613
r[139]=-12767
r[140]=16298
r[141]=8210
r[142]=-19293
r[143]=-8871
r[144]=-669
r[145]=28222
r[146]=3945
r[147]=8945
r[148]=9994
r[149]=-5512
r[150]=-13677
r[151]=17716
r[152]=5536
r[153]=10793
r[154]=-2168
r[155]=27977
r[156]=-15364
r[157]=-9835
r[158]=-13856
r[159]=6956
r[160]=20089
r[161]=10295
r[162]=-27931
r[163]=22299
r[164]=-9036
r[165]=20911
r[166]=-27664
r[167]=24948
r[168]=8638
r[169]=29365
r[170]=24477
r[171]=-10603
r[172]=14714
r[173]=10110
r[174]=-21895
r[175]=-10375
r[176]=1263
r[177]=26254
r[178]=1283
r[179]=7209
r[180]=11406
r[181]=-2394
r[182]=-13481
r[183]=15816
r[184]=6120
r[185]=7481
r[186]=-960
r[187]=29333
r[188]=-14486
r[189]=-7007
r[190]=-14412
r[191]=3696
r[192]=16955
r[193]=7344
r[194]=-25940
r[195]=17164
r[196]=-8517
r[197]=21978
r[198]=-26428
r[199]=24628
r[200]=5757
r[201]=31769
r[202]=22605
r[203]=-8339
r[204]=16644
r[205]=9352
r[206]=-25400
r[207]=-7217
r[208]=-1823
r[209]=27900
r[210]=1905
r[211]=11135
r[212]=8178
r[213]=-6166
r[214]=-15485
r[215]=16034
r[216]=2590
r[217]=10080
r[218]=-3310
r[219]=27493
r[220]=-15041
r[221]=-9904
r[222]=-13826
r[223]=421
r[224]=19431
r[225]=6246
r[226]=-25406
r[227]=19208
r[228]=-9141
r[229]=21646
r[230]=-27472
r[231]=24692
r[232]=2825
r[233]=32077
r[234]=25129
r[235]=-9007
r[236]=14048
r[237]=6772
r[238]=-22936
r[239]=-10285
r[240]=-3355
r[241]=25908
r[242]=539
r[243]=11371
r[244]=10286
r[245]=-3256
r[246]=-12581
r[247]=13790
r[248]=5986
r[249]=12370
r[250]=-4098
r[251]=27657
r[252]=-18093
r[253]=-8674
r[254]=-13778
r[255]=2831
j 0 t -1058j 1 t -274j 2 t 1208j 3 t 853j 4 t -563j 5 t 642j 6 t -595j 7 t -16j 8 t -1442j 9 t -1304j 10 t -931j 11 t 831j 12 t -585j 13 t 845j 14 t 694j 15 t 1561k 10 zeta 622 len 16 start 32
r[0]=13998
r[1]=8270
r[2]=-27086
r[3]=16886
r[4]=-7235
r[5]=26680
r[6]=-27816
r[7]=19990
r[8]=5621
r[9]=31773
r[10]=19160
r[11]=-12549
r[12]=17347
r[13]=5805
r[14]=-22224
r[15]=-5383
r[16]=16114
r[17]=8818
r[18]=-29502
r[19]=15180
r[20]=-6109
r[21]=25396
r[22]=-26626
r[23]=20022
r[24]=8505
r[25]=-31155
r[26]=21022
r[27]=-14211
r[28]=18517
r[29]=4115
r[30]=-23612
r[31]=-8505
r[32]=17160
r[33]=9380
r[34]=-28336
r[35]=16241
r[36]=-8358
r[37]=23780
r[38]=-26061
r[39]=21700
r[40]=9109
r[41]=32643
r[42]=19129
r[43]=-9994
r[44]=19946
r[45]=7044
r[46]=-21818
r[47]=-8062
r[48]=804
r[49]=21877
r[50]=2108
r[51]=9775
r[52]=8939
r[53]=-5377
r[54]=-10728
r[55]=18464
r[56]=4225
r[57]=9649
r[58]=-758
r[59]=29287
r[60]=-17530
r[61]=-10944
r[62]=-13203
r[63]=3161
r[64]=16448
r[65]=14082
r[66]=-26033
r[67]=16437
r[68]=-12690
r[69]=26345
r[70]=-28169
r[71]=20604
r[72]=10942
r[73]=-32404
r[74]=21265
r[75]=-9319
r[76]=17357
r[77]=9287
r[78]=-22771
r[79]=-7002
r[80]=1928
r[81]=24452
r[82]=2277
r[83]=10452
r[84]=9708
r[85]=-8234
r[86]=-12542
r[87]=16523
r[88]=1242
r[89]=9093
r[90]=-1497
r[91]=30919
r[92]=-13153
r[93]=-13195
r[94]=-16806
r[95]=-321
r[96]=16584
r[97]=10154
r[98]=-25461
r[99]=20109
r[100]=-9240
r[101]=25701
r[102]=-26745
r[103]=22586
r[104]=10498
r[105]=32120
r[106]=23403
r[107]=-9191
r[108]=18117
r[109]=7713
r[110]=-19329
r[111]=-4172
r[112]=-158
r[113]=25312
r[114]=3581
r[115]=10928
r[116]=5784
r[117]=-8592
r[118]=-11012
r[119]=18723
r[120]=1628
r[121]=7295
r[122]=-2151
r[123]=31119
r[124]=-15663
r[125]=-12527
r[126]=-18778
r[127]=-2121
r[128]=20413
r[129]=7219
r[130]=-24751
r[131]=20885
r[132]=-9426
r[133]=24057
r[134]=-30832
r[135]=22948
r[136]=8984
r[137]=31409
r[138]=25613
r[139]=-12767
r[140]=16298
r[141]=8210
r[142]=-19293
r[143]=-8871
r[144]=-669
r[145]=28222
r[146]=3945
r[147]=8945
r[148]=9994
r[149]=-5512
r[150]=-13677
r[151]=17716
r[152]=5536
r[153]=10793
r[154]=-2168
r[155]=27977
r[156]=-15364
r[157]=-9835
r[158]=-13856
r[159]=6956
r[160]=20089
r[161]=10295
r[162]=-27931
r[163]=22299
r[164]=-9036
r[165]=20911
r[166]=-27664
r[167]=24948
r[168]=8638
r[169]=29365
r[170]=24477
r[171]=-10603
r[172]=14714
r[173]=10110
r[174]=-21895
r[175]=-10375
r[176]=1263
r[177]=26254
r[178]=1283
r[179]=7209
r[180]=11406
r[181]=-2394
r[182]=-13481
r[183]=15816
r[184]=6120
r[185]=7481
r[186]=-960
r[187]=29333
r[188]=-14486
r[189]=-7007
r[190]=-14412
r[191]=3696
r[192]=16955
r[193]=7344
r[194]=-25940
r[195]=17164
r[196]=-8517
r[197]=21978
r[198]=-26428
r[199]=24628
r[200]=5757
r[201]=31769
r[202]=22605
r[203]=-8339
r[204]=16644
r[205]=9352
r[206]=-25400
r[207]=-7217
r[208]=-1823
r[209]=27900
r[210]=1905
r[211]=11135
r[212]=8178
r[213]=-6166
r[214]=-15485
r[215]=16034
r[216]=2590
r[217]=10080
r[218]=-3310
r[219]=27493
r[220]=-15041
r[221]=-9904
r[222]=-13826
r[223]=421
r[224]=19431
r[225]=6246
r[226]=-25406
r[227]=19208
r[228]=-9141
r[229]=21646
r[230]=-27472
r[231]=24692
r[232]=2825
r[233]=32077
r[234]=25129
r[235]=-9007
r[236]=14048
r[237]=6772
r[238]=-22936
r[239]=-10285
r[240]=-3355
r[241]=25908
r[242]=539
r[243]=11371
r[244]=10286
r[245]=-3256
r[246]=-12581
r[247]=13790
r[248]=5986
r[249]=12370
r[250]=-4098
r[251]=27657
r[252]=-18093
r[253]=-8674
r[254]=-13778
r[255]=2831
j 32 t 1549j 33 t -56j 34 t 517j 35 t -690j 36 t -396j 37 t 1437j 38 t -496j 39 t -1460j 40 t 1660j 41 t 533j 42 t 171j 43 t 1575j 44 t -525j 45 t 1125j 46 t 462j 47 t 521k 11 zeta 1577 len 16 start 64
r[0]=13998
r[1]=8270
r[2]=-27086
r[3]=16886
r[4]=-7235
r[5]=26680
r[6]=-27816
r[7]=19990
r[8]=5621
r[9]=31773
r[10]=19160
r[11]=-12549
r[12]=17347
r[13]=5805
r[14]=-22224
r[15]=-5383
r[16]=16114
r[17]=8818
r[18]=-29502
r[19]=15180
r[20]=-6109
r[21]=25396
r[22]=-26626
r[23]=20022
r[24]=8505
r[25]=-31155
r[26]=21022
r[27]=-14211
r[28]=18517
r[29]=4115
r[30]=-23612
r[31]=-8505
r[32]=18709
r[33]=9324
r[34]=-27819
r[35]=15551
r[36]=-8754
r[37]=25217
r[38]=-26557
r[39]=20240
r[40]=10769
r[41]=-32360
r[42]=19300
r[43]=-8419
r[44]=19421
r[45]=8169
r[46]=-21356
r[47]=-7541
r[48]=15611
r[49]=9436
r[50]=-28853
r[51]=16931
r[52]=-7962
r[53]=22343
r[54]=-25565
r[55]=23160
r[56]=7449
r[57]=32110
r[58]=18958
r[59]=-11569
r[60]=20471
r[61]=5919
r[62]=-22280
r[63]=-8583
r[64]=16448
r[65]=14082
r[66]=-26033
r[67]=16437
r[68]=-12690
r[69]=26345
r[70]=-28169
r[71]=20604
r[72]=10942
r[73]=-32404
r[74]=21265
r[75]=-9319
r[76]=17357
r[77]=9287
r[78]=-22771
r[79]=-7002
r[80]=1928
r[81]=24452
r[82]=2277
r[83]=10452
r[84]=9708
r[85]=-8234
r[86]=-12542
r[87]=16523
r[88]=1242
r[89]=9093
r[90]=-1497
r[91]=30919
r[92]=-13153
r[93]=-13195
r[94]=-16806
r[95]=-321
r[96]=16584
r[97]=10154
r[98]=-25461
r[99]=20109
r[100]=-9240
r[101]=25701
r[102]=-26745
r[103]=22586
r[104]=10498
r[105]=32120
r[106]=23403
r[107]=-9191
r[108]=18117
r[109]=7713
r[110]=-19329
r[111]=-4172
r[112]=-158
r[113]=25312
r[114]=3581
r[115]=10928
r[116]=5784
r[117]=-8592
r[118]=-11012
r[119]=18723
r[120]=1628
r[121]=7295
r[122]=-2151
r[123]=31119
r[124]=-15663
r[125]=-12527
r[126]=-18778
r[127]=-2121
r[128]=20413
r[129]=7219
r[130]=-24751
r[131]=20885
r[132]=-9426
r[133]=24057
r[134]=-30832
r[135]=22948
r[136]=8984
r[137]=31409
r[138]=25613
r[139]=-12767
r[140]=16298
r[141]=8210
r[142]=-19293
r[143]=-8871
r[144]=-669
r[145]=28222
r[146]=3945
r[147]=8945
r[148]=9994
r[149]=-5512
r[150]=-13677
r[151]=17716
r[152]=5536
r[153]=10793
r[154]=-2168
r[155]=27977
r[156]=-15364
r[157]=-9835
r[158]=-13856
r[159]=6956
r[160]=20089
r[161]=10295
r[162]=-27931
r[163]=22299
r[164]=-9036
r[165]=20911
r[166]=-27664
r[167]=24948
r[168]=8638
r[169]=29365
r[170]=24477
r[171]=-10603
r[172]=14714
r[173]=10110
r[174]=-21895
r[175]=-10375
r[176]=1263
r[177]=26254
r[178]=1283
r[179]=7209
r[180]=11406
r[181]=-2394
r[182]=-13481
r[183]=15816
r[184]=6120
r[185]=7481
r[186]=-960
r[187]=29333
r[188]=-14486
r[189]=-7007
r[190]=-14412
r[191]=3696
r[192]=16955
r[193]=7344
r[194]=-25940
r[195]=17164
r[196]=-8517
r[197]=21978
r[198]=-26428
r[199]=24628
r[200]=5757
r[201]=31769
r[202]=22605
r[203]=-8339
r[204]=16644
r[205]=9352
r[206]=-25400
r[207]=-7217
r[208]=-1823
r[209]=27900
r[210]=1905
r[211]=11135
r[212]=8178
r[213]=-6166
r[214]=-15485
r[215]=16034
r[216]=2590
r[217]=10080
r[218]=-3310
r[219]=27493
r[220]=-15041
r[221]=-9904
r[222]=-13826
r[223]=421
r[224]=19431
r[225]=6246
r[226]=-25406
r[227]=19208
r[228]=-9141
r[229]=21646
r[230]=-27472
r[231]=24692
r[232]=2825
r[233]=32077
r[234]=25129
r[235]=-9007
r[236]=14048
r[237]=6772
r[238]=-22936
r[239]=-10285
r[240]=-3355
r[241]=25908
r[242]=539
r[243]=11371
r[244]=10286
r[245]=-3256
r[246]=-12581
r[247]=13790
r[248]=5986
r[249]=12370
r[250]=-4098
r[251]=27657
r[252]=-18093
r[253]=-8674
r[254]=-13778
r[255]=2831
j 64 t -744j 65 t 2043j 66 t 33j 67 t -138j 68 t -583j 69 t -1229j 70 t -423j 71 t -243j 72 t 18j 73 t 566j 74 t 702j 75 t 1799j 76 t -1831j 77 t 50j 78 t -1112j 79 t 1298k 12 zeta 182 len 16 start 96
r[0]=13998
r[1]=8270
r[2]=-27086
r[3]=16886
r[4]=-7235
r[5]=26680
r[6]=-27816
r[7]=19990
r[8]=5621
r[9]=31773
r[10]=19160
r[11]=-12549
r[12]=17347
r[13]=5805
r[14]=-22224
r[15]=-5383
r[16]=16114
r[17]=8818
r[18]=-29502
r[19]=15180
r[20]=-6109
r[21]=25396
r[22]=-26626
r[23]=20022
r[24]=8505
r[25]=-31155
r[26]=21022
r[27]=-14211
r[28]=18517
r[29]=4115
r[30]=-23612
r[31]=-8505
r[32]=18709
r[33]=9324
r[34]=-27819
r[35]=15551
r[36]=-8754
r[37]=25217
r[38]=-26557
r[39]=20240
r[40]=10769
r[41]=-32360
r[42]=19300
r[43]=-8419
r[44]=19421
r[45]=8169
r[46]=-21356
r[47]=-7541
r[48]=15611
r[49]=9436
r[50]=-28853
r[51]=16931
r[52]=-7962
r[53]=22343
r[54]=-25565
r[55]=23160
r[56]=7449
r[57]=32110
r[58]=18958
r[59]=-11569
r[60]=20471
r[61]=5919
r[62]=-22280
r[63]=-8583
r[64]=15704
r[65]=16125
r[66]=-26000
r[67]=16299
r[68]=-13273
r[69]=25116
r[70]=-28592
r[71]=20361
r[72]=10960
r[73]=-31838
r[74]=21967
r[75]=-7520
r[76]=15526
r[77]=9337
r[78]=-23883
r[79]=-5704
r[80]=17192
r[81]=12039
r[82]=-26066
r[83]=16575
r[84]=-12107
r[85]=27574
r[86]=-27746
r[87]=20847
r[88]=10924
r[89]=32566
r[90]=20563
r[91]=-11118
r[92]=19188
r[93]=9237
r[94]=-21659
r[95]=-8300
r[96]=16584
r[97]=10154
r[98]=-25461
r[99]=20109
r[100]=-9240
r[101]=25701
r[102]=-26745
r[103]=22586
r[104]=10498
r[105]=32120
r[106]=23403
r[107]=-9191
r[108]=18117
r[109]=7713
r[110]=-19329
r[111]=-4172
r[112]=-158
r[113]=25312
r[114]=3581
r[115]=10928
r[116]=5784
r[117]=-8592
r[118]=-11012
r[119]=18723
r[120]=1628
r[121]=7295
r[122]=-2151
r[123]=31119
r[124]=-15663
r[125]=-12527
r[126]=-18778
r[127]=-2121
r[128]=20413
r[129]=7219
r[130]=-24751
r[131]=20885
r[132]=-9426
r[133]=24057
r[134]=-30832
r[135]=22948
r[136]=8984
r[137]=31409
r[138]=25613
r[139]=-12767
r[140]=16298
r[141]=8210
r[142]=-19293
r[143]=-8871
r[144]=-669
r[145]=28222
r[146]=3945
r[147]=8945
r[148]=9994
r[149]=-5512
r[150]=-13677
r[151]=17716
r[152]=5536
r[153]=10793
r[154]=-2168
r[155]=27977
r[156]=-15364
r[157]=-9835
r[158]=-13856
r[159]=6956
r[160]=20089
r[161]=10295
r[162]=-27931
r[163]=22299
r[164]=-9036
r[165]=20911
r[166]=-27664
r[167]=24948
r[168]=8638
r[169]=29365
r[170]=24477
r[171]=-10603
r[172]=14714
r[173]=10110
r[174]=-21895
r[175]=-10375
r[176]=1263
r[177]=26254
r[178]=1283
r[179]=7209
r[180]=11406
r[181]=-2394
r[182]=-13481
r[183]=15816
r[184]=6120
r[185]=7481
r[186]=-960
r[187]=29333
r[188]=-14486
r[189]=-7007
r[190]=-14412
r[191]=3696
r[192]=16955
r[193]=7344
r[194]=-25940
r[195]=17164
r[196]=-8517
r[197]=21978
r[198]=-26428
r[199]=24628
r[200]=5757
r[201]=31769
r[202]=22605
r[203]=-8339
r[204]=16644
r[205]=9352
r[206]=-25400
r[207]=-7217
r[208]=-1823
r[209]=27900
r[210]=1905
r[211]=11135
r[212]=8178
r[213]=-6166
r[214]=-15485
r[215]=16034
r[216]=2590
r[217]=10080
r[218]=-3310
r[219]=27493
r[220]=-15041
r[221]=-9904
r[222]=-13826
r[223]=421
r[224]=19431
r[225]=6246
r[226]=-25406
r[227]=19208
r[228]=-9141
r[229]=21646
r[230]=-27472
r[231]=24692
r[232]=2825
r[233]=32077
r[234]=25129
r[235]=-9007
r[236]=14048
r[237]=6772
r[238]=-22936
r[239]=-10285
r[240]=-3355
r[241]=25908
r[242]=539
r[243]=11371
r[244]=10286
r[245]=-3256
r[246]=-12581
r[247]=13790
r[248]=5986
r[249]=12370
r[250]=-4098
r[251]=27657
r[252]=-18093
r[253]=-8674
r[254]=-13778
r[255]=2831
j 96 t 576j 97 t -76j 98 t 1104j 99 t 952j 100 t -817j 101 t -71j 102 t -1320j 103 t 1653j 104 t -794j 105 t 1681j 106 t 88j 107 t 793j 108 t 339j 109 t -348j 110 t 1118j 111 t 695k 13 zeta 962 len 16 start 128
r[0]=13998
r[1]=8270
r[2]=-27086
r[3]=16886
r[4]=-7235
r[5]=26680
r[6]=-27816
r[7]=19990
r[8]=5621
r[9]=31773
r[10]=19160
r[11]=-12549
r[12]=17347
r[13]=5805
r[14]=-22224
r[15]=-5383
r[16]=16114
r[17]=8818
r[18]=-29502
r[19]=15180
r[20]=-6109
r[21]=25396
r[22]=-26626
r[23]=20022
r[24]=8505
r[25]=-31155
r[26]=21022
r[27]=-14211
r[28]=18517
r[29]=4115
r[30]=-23612
r[31]=-8505
r[32]=18709
r[33]=9324
r[34]=-27819
r[35]=15551
r[36]=-8754
r[37]=25217
r[38]=-26557
r[39]=20240
r[40]=10769
r[41]=-32360
r[42]=19300
r[43]=-8419
r[44]=19421
r[45]=8169
r[46]=-21356
r[47]=-7541
r[48]=15611
r[49]=9436
r[50]=-28853
r[51]=16931
r[52]=-7962
r[53]=22343
r[54]=-25565
r[55]=23160
r[56]=7449
r[57]=32110
r[58]=18958
r[59]=-11569
r[60]=20471
r[61]=5919
r[62]=-22280
r[63]=-8583
r[64]=15704
r[65]=16125
r[66]=-26000
r[67]=16299
r[68]=-13273
r[69]=25116
r[70]=-28592
r[71]=20361
r[72]=10960
r[73]=-31838
r[74]=21967
r[75]=-7520
r[76]=15526
r[77]=9337
r[78]=-23883
r[79]=-5704
r[80]=17192
r[81]=12039
r[82]=-26066
r[83]=16575
r[84]=-12107
r[85]=27574
r[86]=-27746
r[87]=20847
r[88]=10924
r[89]=32566
r[90]=20563
r[91]=-11118
r[92]=19188
r[93]=9237
r[94]=-21659
r[95]=-8300
r[96]=17160
r[97]=10078
r[98]=-24357
r[99]=21061
r[100]=-10057
r[101]=25630
r[102]=-28065
r[103]=24239
r[104]=9704
r[105]=-31735
r[106]=23491
r[107]=-8398
r[108]=18456
r[109]=7365
r[110]=-18211
r[111]=-3477
r[112]=16008
r[113]=10230
r[114]=-26565
r[115]=19157
r[116]=-8423
r[117]=25772
r[118]=-25425
r[119]=20933
r[120]=11292
r[121]=30439
r[122]=23315
r[123]=-9984
r[124]=17778
r[125]=8061
r[126]=-20447
r[127]=-4867
r[128]=20413
r[129]=7219
r[130]=-24751
r[131]=20885
r[132]=-9426
r[133]=24057
r[134]=-30832
r[135]=22948
r[136]=8984
r[137]=31409
r[138]=25613
r[139]=-12767
r[140]=16298
r[141]=8210
r[142]=-19293
r[143]=-8871
r[144]=-669
r[145]=28222
r[146]=3945
r[147]=8945
r[148]=9994
r[149]=-5512
r[150]=-13677
r[151]=17716
r[152]=5536
r[153]=10793
r[154]=-2168
r[155]=27977
r[156]=-15364
r[157]=-9835
r[158]=-13856
r[159]=6956
r[160]=20089
r[161]=10295
r[162]=-27931
r[163]=22299
r[164]=-9036
r[165]=20911
r[166]=-27664
r[167]=24948
r[168]=8638
r[169]=29365
r[170]=24477
r[171]=-10603
r[172]=14714
r[173]=10110
r[174]=-21895
r[175]=-10375
r[176]=1263
r[177]=26254
r[178]=1283
r[179]=7209
r[180]=11406
r[181]=-2394
r[182]=-13481
r[183]=15816
r[184]=6120
r[185]=7481
r[186]=-960
r[187]=29333
r[188]=-14486
r[189]=-7007
r[190]=-14412
r[191]=3696
r[192]=16955
r[193]=7344
r[194]=-25940
r[195]=17164
r[196]=-8517
r[197]=21978
r[198]=-26428
r[199]=24628
r[200]=5757
r[201]=31769
r[202]=22605
r[203]=-8339
r[204]=16644
r[205]=9352
r[206]=-25400
r[207]=-7217
r[208]=-1823
r[209]=27900
r[210]=1905
r[211]=11135
r[212]=8178
r[213]=-6166
r[214]=-15485
r[215]=16034
r[216]=2590
r[217]=10080
r[218]=-3310
r[219]=27493
r[220]=-15041
r[221]=-9904
r[222]=-13826
r[223]=421
r[224]=19431
r[225]=6246
r[226]=-25406
r[227]=19208
r[228]=-9141
r[229]=21646
r[230]=-27472
r[231]=24692
r[232]=2825
r[233]=32077
r[234]=25129
r[235]=-9007
r[236]=14048
r[237]=6772
r[238]=-22936
r[239]=-10285
r[240]=-3355
r[241]=25908
r[242]=539
r[243]=11371
r[244]=10286
r[245]=-3256
r[246]=-12581
r[247]=13790
r[248]=5986
r[249]=12370
r[250]=-4098
r[251]=27657
r[252]=-18093
r[253]=-8674
r[254]=-13778
r[255]=2831
j 128 t 406j 129 t -1159j 130 t -1588j 131 t -124j 132 t -472j 133 t 245j 134 t -388j 135 t 1022j 136 t 39j 137 t 1770j 138 t -1242j 139 t 2045j 140 t 178j 141 t 689j 142 t 268j 143 t 1307k 14 zeta -1202 len 16 start 160
r[0]=13998
r[1]=8270
r[2]=-27086
r[3]=16886
r[4]=-7235
r[5]=26680
r[6]=-27816
r[7]=19990
r[8]=5621
r[9]=31773
r[10]=19160
r[11]=-12549
r[12]=17347
r[13]=5805
r[14]=-22224
r[15]=-5383
r[16]=16114
r[17]=8818
r[18]=-29502
r[19]=15180
r[20]=-6109
r[21]=25396
r[22]=-26626
r[23]=20022
r[24]=8505
r[25]=-31155
r[26]=21022
r[27]=-14211
r[28]=18517
r[29]=4115
r[30]=-23612
r[31]=-8505
r[32]=18709
r[33]=9324
r[34]=-27819
r[35]=15551
r[36]=-8754
r[37]=25217
r[38]=-26557
r[39]=20240
r[40]=10769
r[41]=-32360
r[42]=19300
r[43]=-8419
r[44]=19421
r[45]=8169
r[46]=-21356
r[47]=-7541
r[48]=15611
r[49]=9436
r[50]=-28853
r[51]=16931
r[52]=-7962
r[53]=22343
r[54]=-25565
r[55]=23160
r[56]=7449
r[57]=32110
r[58]=18958
r[59]=-11569
r[60]=20471
r[61]=5919
r[62]=-22280
r[63]=-8583
r[64]=15704
r[65]=16125
r[66]=-26000
r[67]=16299
r[68]=-13273
r[69]=25116
r[70]=-28592
r[71]=20361
r[72]=10960
r[73]=-31838
r[74]=21967
r[75]=-7520
r[76]=15526
r[77]=9337
r[78]=-23883
r[79]=-5704
r[80]=17192
r[81]=12039
r[82]=-26066
r[83]=16575
r[84]=-12107
r[85]=27574
r[86]=-27746
r[87]=20847
r[88]=10924
r[89]=32566
r[90]=20563
r[91]=-11118
r[92]=19188
r[93]=9237
r[94]=-21659
r[95]=-8300
r[96]=17160
r[97]=10078
r[98]=-24357
r[99]=21061
r[100]=-10057
r[101]=25630
r[102]=-28065
r[103]=24239
r[104]=9704
r[105]=-31735
r[106]=23491
r[107]=-8398
r[108]=18456
r[109]=7365
r[110]=-18211
r[111]=-3477
r[112]=16008
r[113]=10230
r[114]=-26565
r[115]=19157
r[116]=-8423
r[117]=25772
r[118]=-25425
r[119]=20933
r[120]=11292
r[121]=30439
r[122]=23315
r[123]=-9984
r[124]=17778
r[125]=8061
r[126]=-20447
r[127]=-4867
r[128]=20819
r[129]=6060
r[130]=-26339
r[131]=20761
r[132]=-9898
r[133]=24302
r[134]=-31220
r[135]=23970
r[136]=9023
r[137]=-32357
r[138]=24371
r[139]=-10722
r[140]=16476
r[141]=8899
r[142]=-19025
r[143]=-7564
r[144]=20007
r[145]=8378
r[146]=-23163
r[147]=21009
r[148]=-8954
r[149]=23812
r[150]=-30444
r[151]=21926
r[152]=8945
r[153]=29639
r[154]=26855
r[155]=-14812
r[156]=16120
r[157]=7521
r[158]=-19561
r[159]=-10178
r[160]=20089
r[161]=10295
r[162]=-27931
r[163]=22299
r[164]=-9036
r[165]=20911
r[166]=-27664
r[167]=24948
r[168]=8638
r[169]=29365
r[170]=24477
r[171]=-10603
r[172]=14714
r[173]=10110
r[174]=-21895
r[175]=-10375
r[176]=1263
r[177]=26254
r[178]=1283
r[179]=7209
r[180]=11406
r[181]=-2394
r[182]=-13481
r[183]=15816
r[184]=6120
r[185]=7481
r[186]=-960
r[187]=29333
r[188]=-14486
r[189]=-7007
r[190]=-14412
r[191]=3696
r[192]=16955
r[193]=7344
r[194]=-25940
r[195]=17164
r[196]=-8517
r[197]=21978
r[198]=-26428
r[199]=24628
r[200]=5757
r[201]=31769
r[202]=22605
r[203]=-8339
r[204]=16644
r[205]=9352
r[206]=-25400
r[207]=-7217
r[208]=-1823
r[209]=27900
r[210]=1905
r[211]=11135
r[212]=8178
r[213]=-6166
r[214]=-15485
r[215]=16034
r[216]=2590
r[217]=10080
r[218]=-3310
r[219]=27493
r[220]=-15041
r[221]=-9904
r[222]=-13826
r[223]=421
r[224]=19431
r[225]=6246
r[226]=-25406
r[227]=19208
r[228]=-9141
r[229]=21646
r[230]=-27472
r[231]=24692
r[232]=2825
r[233]=32077
r[234]=25129
r[235]=-9007
r[236]=14048
r[237]=6772
r[238]=-22936
r[239]=-10285
r[240]=-3355
r[241]=25908
r[242]=539
r[243]=11371
r[244]=10286
r[245]=-3256
r[246]=-12581
r[247]=13790
r[248]=5986
r[249]=12370
r[250]=-4098
r[251]=27657
r[252]=-18093
r[253]=-8674
r[254]=-13778
r[255]=2831
j 160 t -593j 161 t -550j 162 t 1356j 163 t -1400j 164 t -1370j 165 t -1264j 166 t 1398j 167 t 608j 168 t 503j 169 t -194j 170 t -340j 171 t 55j 172 t 834j 173 t 778j 174 t -943j 175 t 1309k 15 zeta -1474 len 16 start 192
r[0]=13998
r[1]=8270
r[2]=-27086
r[3]=16886
r[4]=-7235
r[5]=26680
r[6]=-27816
r[7]=19990
r[8]=5621
r[9]=31773
r[10]=19160
r[11]=-12549
r[12]=17347
r[13]=5805
r[14]=-22224
r[15]=-5383
r[16]=16114
r[17]=8818
r[18]=-29502
r[19]=15180
r[20]=-6109
r[21]=25396
r[22]=-26626
r[23]=20022
r[24]=8505
r[25]=-31155
r[26]=21022
r[27]=-14211
r[28]=18517
r[29]=4115
r[30]=-23612
r[31]=-8505
r[32]=18709
r[33]=9324
r[34]=-27819
r[35]=15551
r[36]=-8754
r[37]=25217
r[38]=-26557
r[39]=20240
r[40]=10769
r[41]=-32360
r[42]=19300
r[43]=-8419
r[44]=19421
r[45]=8169
r[46]=-21356
r[47]=-7541
r[48]=15611
r[49]=9436
r[50]=-28853
r[51]=16931
r[52]=-7962
r[53]=22343
r[54]=-25565
r[55]=23160
r[56]=7449
r[57]=32110
r[58]=18958
r[59]=-11569
r[60]=20471
r[61]=5919
r[62]=-22280
r[63]=-8583
r[64]=15704
r[65]=16125
r[66]=-26000
r[67]=16299
r[68]=-13273
r[69]=25116
r[70]=-28592
r[71]=20361
r[72]=10960
r[73]=-31838
r[74]=21967
r[75]=-7520
r[76]=15526
r[77]=9337
r[78]=-23883
r[79]=-5704
r[80]=17192
r[81]=12039
r[82]=-26066
r[83]=16575
r[84]=-12107
r[85]=27574
r[86]=-27746
r[87]=20847
r[88]=10924
r[89]=32566
r[90]=20563
r[91]=-11118
r[92]=19188
r[93]=9237
r[94]=-21659
r[95]=-8300
r[96]=17160
r[97]=10078
r[98]=-24357
r[99]=21061
r[100]=-10057
r[101]=25630
r[102]=-28065
r[103]=24239
r[104]=9704
r[105]=-31735
r[106]=23491
r[107]=-8398
r[108]=18456
r[109]=7365
r[110]=-18211
r[111]=-3477
r[112]=16008
r[113]=10230
r[114]=-26565
r[115]=19157
r[116]=-8423
r[117]=25772
r[118]=-25425
r[119]=20933
r[120]=11292
r[121]=30439
r[122]=23315
r[123]=-9984
r[124]=17778
r[125]=8061
r[126]=-20447
r[127]=-4867
r[128]=20819
r[129]=6060
r[130]=-26339
r[131]=20761
r[132]=-9898
r[133]=24302
r[134]=-31220
r[135]=23970
r[136]=9023
r[137]=-32357
r[138]=24371
r[139]=-10722
r[140]=16476
r[141]=8899
r[142]=-19025
r[143]=-7564
r[144]=20007
r[145]=8378
r[146]=-23163
r[147]=21009
r[148]=-8954
r[149]=23812
r[150]=-30444
r[151]=21926
r[152]=8945
r[153]=29639
r[154]=26855
r[155]=-14812
r[156]=16120
r[157]=7521
r[158]=-19561
r[159]=-10178
r[160]=19496
r[161]=9745
r[162]=-26575
r[163]=20899
r[164]=-10406
r[165]=19647
r[166]=-26266
r[167]=25556
r[168]=9141
r[169]=29171
r[170]=24137
r[171]=-10548
r[172]=15548
r[173]=10888
r[174]=-22838
r[175]=-9066
r[176]=20682
r[177]=10845
r[178]=-29287
r[179]=23699
r[180]=-7666
r[181]=22175
r[182]=-29062
r[183]=24340
r[184]=8135
r[185]=29559
r[186]=24817
r[187]=-10658
r[188]=13880
r[189]=9332
r[190]=-20952
r[191]=-11684
r[192]=16955
r[193]=7344
r[194]=-25940
r[195]=17164
r[196]=-8517
r[197]=21978
r[198]=-26428
r[199]=24628
r[200]=5757
r[201]=31769
r[202]=22605
r[203]=-8339
r[204]=16644
r[205]=9352
r[206]=-25400
r[207]=-7217
r[208]=-1823
r[209]=27900
r[210]=1905
r[211]=11135
r[212]=8178
r[213]=-6166
r[214]=-15485
r[215]=16034
r[216]=2590
r[217]=10080
r[218]=-3310
r[219]=27493
r[220]=-15041
r[221]=-9904
r[222]=-13826
r[223]=421
r[224]=19431
r[225]=6246
r[226]=-25406
r[227]=19208
r[228]=-9141
r[229]=21646
r[230]=-27472
r[231]=24692
r[232]=2825
r[233]=32077
r[234]=25129
r[235]=-9007
r[236]=14048
r[237]=6772
r[238]=-22936
r[239]=-10285
r[240]=-3355
r[241]=25908
r[242]=539
r[243]=11371
r[244]=10286
r[245]=-3256
r[246]=-12581
r[247]=13790
r[248]=5986
r[249]=12370
r[250]=-4098
r[251]=27657
r[252]=-18093
r[253]=-8674
r[254]=-13778
r[255]=2831
j 192 t 1361j 193 t -901j 194 t -1309j 195 t 728j 196 t -660j 197 t 312j 198 t 898j 199 t -1443j 200 t -1037j 201 t -347j 202 t 824j 203 t 546j 204 t 530j 205 t 621j 206 t -567j 207 t -139k 16 zeta 1468 len 16 start 224
r[0]=13998
r[1]=8270
r[2]=-27086
r[3]=16886
r[4]=-7235
r[5]=26680
r[6]=-27816
r[7]=19990
r[8]=5621
r[9]=31773
r[10]=19160
r[11]=-12549
r[12]=17347
r[13]=5805
r[14]=-22224
r[15]=-5383
r[16]=16114
r[17]=8818
r[18]=-29502
r[19]=15180
r[20]=-6109
r[21]=25396
r[22]=-26626
r[23]=20022
r[24]=8505
r[25]=-31155
r[26]=21022
r[27]=-14211
r[28]=18517
r[29]=4115
r[30]=-23612
r[31]=-8505
r[32]=18709
r[33]=9324
r[34]=-27819
r[35]=15551
r[36]=-8754
r[37]=25217
r[38]=-26557
r[39]=20240
r[40]=10769
r[41]=-32360
r[42]=19300
r[43]=-8419
r[44]=19421
r[45]=8169
r[46]=-21356
r[47]=-7541
r[48]=15611
r[49]=9436
r[50]=-28853
r[51]=16931
r[52]=-7962
r[53]=22343
r[54]=-25565
r[55]=23160
r[56]=7449
r[57]=32110
r[58]=18958
r[59]=-11569
r[60]=20471
r[61]=5919
r[62]=-22280
r[63]=-8583
r[64]=15704
r[65]=16125
r[66]=-26000
r[67]=16299
r[68]=-13273
r[69]=25116
r[70]=-28592
r[71]=20361
r[72]=10960
r[73]=-31838
r[74]=21967
r[75]=-7520
r[76]=15526
r[77]=9337
r[78]=-23883
r[79]=-5704
r[80]=17192
r[81]=12039
r[82]=-26066
r[83]=16575
r[84]=-12107
r[85]=27574
r[86]=-27746
r[87]=20847
r[88]=10924
r[89]=32566
r[90]=20563
r[91]=-11118
r[92]=19188
r[93]=9237
r[94]=-21659
r[95]=-8300
r[96]=17160
r[97]=10078
r[98]=-24357
r[99]=21061
r[100]=-10057
r[101]=25630
r[102]=-28065
r[103]=24239
r[104]=9704
r[105]=-31735
r[106]=23491
r[107]=-8398
r[108]=18456
r[109]=7365
r[110]=-18211
r[111]=-3477
r[112]=16008
r[113]=10230
r[114]=-26565
r[115]=19157
r[116]=-8423
r[117]=25772
r[118]=-25425
r[119]=20933
r[120]=11292
r[121]=30439
r[122]=23315
r[123]=-9984
r[124]=17778
r[125]=8061
r[126]=-20447
r[127]=-4867
r[128]=20819
r[129]=6060
r[130]=-26339
r[131]=20761
r[132]=-9898
r[133]=24302
r[134]=-31220
r[135]=23970
r[136]=9023
r[137]=-32357
r[138]=24371
r[139]=-10722
r[140]=16476
r[141]=8899
r[142]=-19025
r[143]=-7564
r[144]=20007
r[145]=8378
r[146]=-23163
r[147]=21009
r[148]=-8954
r[149]=23812
r[150]=-30444
r[151]=21926
r[152]=8945
r[153]=29639
r[154]=26855
r[155]=-14812
r[156]=16120
r[157]=7521
r[158]=-19561
r[159]=-10178
r[160]=19496
r[161]=9745
r[162]=-26575
r[163]=20899
r[164]=-10406
r[165]=19647
r[166]=-26266
r[167]=25556
r[168]=9141
r[169]=29171
r[170]=24137
r[171]=-10548
r[172]=15548
r[173]=10888
r[174]=-22838
r[175]=-9066
r[176]=20682
r[177]=10845
r[178]=-29287
r[179]=23699
r[180]=-7666
r[181]=22175
r[182]=-29062
r[183]=24340
r[184]=8135
r[185]=29559
r[186]=24817
r[187]=-10658
r[188]=13880
r[189]=9332
r[190]=-20952
r[191]=-11684
r[192]=18316
r[193]=6443
r[194]=-27249
r[195]=17892
r[196]=-9177
r[197]=22290
r[198]=-25530
r[199]=23185
r[200]=4720
r[201]=31422
r[202]=23429
r[203]=-7793
r[204]=17174
r[205]=9973
r[206]=-25967
r[207]=-7356
r[208]=15594
r[209]=8245
r[210]=-24631
r[211]=16436
r[212]=-7857
r[213]=21666
r[214]=-27326
r[215]=26071
r[216]=6794
r[217]=32116
r[218]=21781
r[219]=-8885
r[220]=16114
r[221]=8731
r[222]=-24833
r[223]=-7078
r[224]=19431
r[225]=6246
r[226]=-25406
r[227]=19208
r[228]=-9141
r[229]=21646
r[230]=-27472
r[231]=24692
r[232]=2825
r[233]=32077
r[234]=25129
r[235]=-9007
r[236]=14048
r[237]=6772
r[238]=-22936
r[239]=-10285
r[240]=-3355
r[241]=25908
r[242]=539
r[243]=11371
r[244]=10286
r[245]=-3256
r[246]=-12581
r[247]=13790
r[248]=5986
r[249]=12370
r[250]=-4098
r[251]=27657
r[252]=-18093
r[253]=-8674
r[254]=-13778
r[255]=2831
j 224 t 1210j 225 t 916j 226 t -1013j 227 t -390j 228 t -599j 229 t 956j 230 t -1684j 231 t -1317j 232 t -1504j 233 t -532j 234 t -1087j 235 t 1977j 236 t -1497j 237 t -1183j 238 t -1034j 239 t -639k 17 zeta 573 len 8 start 0
r[0]=13998
r[1]=8270
r[2]=-27086
r[3]=16886
r[4]=-7235
r[5]=26680
r[6]=-27816
r[7]=19990
r[8]=5621
r[9]=31773
r[10]=19160
r[11]=-12549
r[12]=17347
r[13]=5805
r[14]=-22224
r[15]=-5383
r[16]=16114
r[17]=8818
r[18]=-29502
r[19]=15180
r[20]=-6109
r[21]=25396
r[22]=-26626
r[23]=20022
r[24]=8505
r[25]=-31155
r[26]=21022
r[27]=-14211
r[28]=18517
r[29]=4115
r[30]=-23612
r[31]=-8505
r[32]=18709
r[33]=9324
r[34]=-27819
r[35]=15551
r[36]=-8754
r[37]=25217
r[38]=-26557
r[39]=20240
r[40]=10769
r[41]=-32360
r[42]=19300
r[43]=-8419
r[44]=19421
r[45]=8169
r[46]=-21356
r[47]=-7541
r[48]=15611
r[49]=9436
r[50]=-28853
r[51]=16931
r[52]=-7962
r[53]=22343
r[54]=-25565
r[55]=23160
r[56]=7449
r[57]=32110
r[58]=18958
r[59]=-11569
r[60]=20471
r[61]=5919
r[62]=-22280
r[63]=-8583
r[64]=15704
r[65]=16125
r[66]=-26000
r[67]=16299
r[68]=-13273
r[69]=25116
r[70]=-28592
r[71]=20361
r[72]=10960
r[73]=-31838
r[74]=21967
r[75]=-7520
r[76]=15526
r[77]=9337
r[78]=-23883
r[79]=-5704
r[80]=17192
r[81]=12039
r[82]=-26066
r[83]=16575
r[84]=-12107
r[85]=27574
r[86]=-27746
r[87]=20847
r[88]=10924
r[89]=32566
r[90]=20563
r[91]=-11118
r[92]=19188
r[93]=9237
r[94]=-21659
r[95]=-8300
r[96]=17160
r[97]=10078
r[98]=-24357
r[99]=21061
r[100]=-10057
r[101]=25630
r[102]=-28065
r[103]=24239
r[104]=9704
r[105]=-31735
r[106]=23491
r[107]=-8398
r[108]=18456
r[109]=7365
r[110]=-18211
r[111]=-3477
r[112]=16008
r[113]=10230
r[114]=-26565
r[115]=19157
r[116]=-8423
r[117]=25772
r[118]=-25425
r[119]=20933
r[120]=11292
r[121]=30439
r[122]=23315
r[123]=-9984
r[124]=17778
r[125]=8061
r[126]=-20447
r[127]=-4867
r[128]=20819
r[129]=6060
r[130]=-26339
r[131]=20761
r[132]=-9898
r[133]=24302
r[134]=-31220
r[135]=23970
r[136]=9023
r[137]=-32357
r[138]=24371
r[139]=-10722
r[140]=16476
r[141]=8899
r[142]=-19025
r[143]=-7564
r[144]=20007
r[145]=8378
r[146]=-23163
r[147]=21009
r[148]=-8954
r[149]=23812
r[150]=-30444
r[151]=21926
r[152]=8945
r[153]=29639
r[154]=26855
r[155]=-14812
r[156]=16120
r[157]=7521
r[158]=-19561
r[159]=-10178
r[160]=19496
r[161]=9745
r[162]=-26575
r[163]=20899
r[164]=-10406
r[165]=19647
r[166]=-26266
r[167]=25556
r[168]=9141
r[169]=29171
r[170]=24137
r[171]=-10548
r[172]=15548
r[173]=10888
r[174]=-22838
r[175]=-9066
r[176]=20682
r[177]=10845
r[178]=-29287
r[179]=23699
r[180]=-7666
r[181]=22175
r[182]=-29062
r[183]=24340
r[184]=8135
r[185]=29559
r[186]=24817
r[187]=-10658
r[188]=13880
r[189]=9332
r[190]=-20952
r[191]=-11684
r[192]=18316
r[193]=6443
r[194]=-27249
r[195]=17892
r[196]=-9177
r[197]=22290
r[198]=-25530
r[199]=23185
r[200]=4720
r[201]=31422
r[202]=23429
r[203]=-7793
r[204]=17174
r[205]=9973
r[206]=-25967
r[207]=-7356
r[208]=15594
r[209]=8245
r[210]=-24631
r[211]=16436
r[212]=-7857
r[213]=21666
r[214]=-27326
r[215]=26071
r[216]=6794
r[217]=32116
r[218]=21781
r[219]=-8885
r[220]=16114
r[221]=8731
r[222]=-24833
r[223]=-7078
r[224]=20641
r[225]=7162
r[226]=-26419
r[227]=18818
r[228]=-9740
r[229]=22602
r[230]=-29156
r[231]=23375
r[232]=1321
r[233]=31545
r[234]=24042
r[235]=-7030
r[236]=12551
r[237]=5589
r[238]=-23970
r[239]=-10924
r[240]=18221
r[241]=5330
r[242]=-24393
r[243]=19598
r[244]=-8542
r[245]=20690
r[246]=-25788
r[247]=26009
r[248]=4329
r[249]=32609
r[250]=26216
r[251]=-10984
r[252]=15545
r[253]=7955
r[254]=-21902
r[255]=-9646
j 0 t -684j 1 t 383j 2 t -1256j 3 t 660j 4 t 1394j 5 t 516j 6 t -200j 7 t 1223k 18 zeta -1325 len 8 start 16
r[0]=13314
r[1]=8653
r[2]=-28342
r[3]=17546
r[4]=-5841
r[5]=27196
r[6]=-28016
r[7]=21213
r[8]=14682
r[9]=7887
r[10]=-25830
r[11]=16226
r[12]=-8629
r[13]=26164
r[14]=-27616
r[15]=18767
r[16]=16114
r[17]=8818
r[18]=-29502
r[19]=15180
r[20]=-6109
r[21]=25396
r[22]=-26626
r[23]=20022
r[24]=8505
r[25]=-31155
r[26]=21022
r[27]=-14211
r[28]=18517
r[29]=4115
r[30]=-23612
r[31]=-8505
r[32]=18709
r[33]=9324
r[34]=-27819
r[35]=15551
r[36]=-8754
r[37]=25217
r[38]=-26557
r[39]=20240
r[40]=10769
r[41]=-32360
r[42]=19300
r[43]=-8419
r[44]=19421
r[45]=8169
r[46]=-21356
r[47]=-7541
r[48]=15611
r[49]=9436
r[50]=-28853
r[51]=16931
r[52]=-7962
r[53]=22343
r[54]=-25565
r[55]=23160
r[56]=7449
r[57]=32110
r[58]=18958
r[59]=-11569
r[60]=20471
r[61]=5919
r[62]=-22280
r[63]=-8583
r[64]=15704
r[65]=16125
r[66]=-26000
r[67]=16299
r[68]=-13273
r[69]=25116
r[70]=-28592
r[71]=20361
r[72]=10960
r[73]=-31838
r[74]=21967
r[75]=-7520
r[76]=15526
r[77]=9337
r[78]=-23883
r[79]=-5704
r[80]=17192
r[81]=12039
r[82]=-26066
r[83]=16575
r[84]=-12107
r[85]=27574
r[86]=-27746
r[87]=20847
r[88]=10924
r[89]=32566
r[90]=20563
r[91]=-11118
r[92]=19188
r[93]=9237
r[94]=-21659
r[95]=-8300
r[96]=17160
r[97]=10078
r[98]=-24357
r[99]=21061
r[100]=-10057
r[101]=25630
r[102]=-28065
r[103]=24239
r[104]=9704
r[105]=-31735
r[106]=23491
r[107]=-8398
r[108]=18456
r[109]=7365
r[110]=-18211
r[111]=-3477
r[112]=16008
r[113]=10230
r[114]=-26565
r[115]=19157
r[116]=-8423
r[117]=25772
r[118]=-25425
r[119]=20933
r[120]=11292
r[121]=30439
r[122]=23315
r[123]=-9984
r[124]=17778
r[125]=8061
r[126]=-20447
r[127]=-4867
r[128]=20819
r[129]=6060
r[130]=-26339
r[131]=20761
r[132]=-9898
r[133]=24302
r[134]=-31220
r[135]=23970
r[136]=9023
r[137]=-32357
r[138]=24371
r[139]=-10722
r[140]=16476
r[141]=8899
r[142]=-19025
r[143]=-7564
r[144]=20007
r[145]=8378
r[146]=-23163
r[147]=21009
r[148]=-8954
r[149]=23812
r[150]=-30444
r[151]=21926
r[152]=8945
r[153]=29639
r[154]=26855
r[155]=-14812
r[156]=16120
r[157]=7521
r[158]=-19561
r[159]=-10178
r[160]=19496
r[161]=9745
r[162]=-26575
r[163]=20899
r[164]=-10406
r[165]=19647
r[166]=-26266
r[167]=25556
r[168]=9141
r[169]=29171
r[170]=24137
r[171]=-10548
r[172]=15548
r[173]=10888
r[174]=-22838
r[175]=-9066
r[176]=20682
r[177]=10845
r[178]=-29287
r[179]=23699
r[180]=-7666
r[181]=22175
r[182]=-29062
r[183]=24340
r[184]=8135
r[185]=29559
r[186]=24817
r[187]=-10658
r[188]=13880
r[189]=9332
r[190]=-20952
r[191]=-11684
r[192]=18316
r[193]=6443
r[194]=-27249
r[195]=17892
r[196]=-9177
r[197]=22290
r[198]=-25530
r[199]=23185
r[200]=4720
r[201]=31422
r[202]=23429
r[203]=-7793
r[204]=17174
r[205]=9973
r[206]=-25967
r[207]=-7356
r[208]=15594
r[209]=8245
r[210]=-24631
r[211]=16436
r[212]=-7857
r[213]=21666
r[214]=-27326
r[215]=26071
r[216]=6794
r[217]=32116
r[218]=21781
r[219]=-8885
r[220]=16114
r[221]=8731
r[222]=-24833
r[223]=-7078
r[224]=20641
r[225]=7162
r[226]=-26419
r[227]=18818
r[228]=-9740
r[229]=22602
r[230]=-29156
r[231]=23375
r[232]=1321
r[233]=31545
r[234]=24042
r[235]=-7030
r[236]=12551
r[237]=5589
r[238]=-23970
r[239]=-10924
r[240]=18221
r[241]=5330
r[242]=-24393
r[243]=19598
r[244]=-8542
r[245]=20690
r[246]=-25788
r[247]=26009
r[248]=4329
r[249]=32609
r[250]=26216
r[251]=-10984
r[252]=15545
r[253]=7955
r[254]=-21902
r[255]=-9646
j 16 t -1173j 17 t 1144j 18 t 1126j 19 t 417j 20 t 80j 21 t -820j 22 t -440j 23 t 1173k 19 zeta 264 len 8 start 32
r[0]=13314
r[1]=8653
r[2]=-28342
r[3]=17546
r[4]=-5841
r[5]=27196
r[6]=-28016
r[7]=21213
r[8]=14682
r[9]=7887
r[10]=-25830
r[11]=16226
r[12]=-8629
r[13]=26164
r[14]=-27616
r[15]=18767
r[16]=14941
r[17]=9962
r[18]=-28376
r[19]=15597
r[20]=-6029
r[21]=24576
r[22]=-27066
r[23]=21195
r[24]=17287
r[25]=7674
r[26]=-30628
r[27]=14763
r[28]=-6189
r[29]=26216
r[30]=-26186
r[31]=18849
r[32]=18709
r[33]=9324
r[34]=-27819
r[35]=15551
r[36]=-8754
r[37]=25217
r[38]=-26557
r[39]=20240
r[40]=10769
r[41]=-32360
r[42]=19300
r[43]=-8419
r[44]=19421
r[45]=8169
r[46]=-21356
r[47]=-7541
r[48]=15611
r[49]=9436
r[50]=-28853
r[51]=16931
r[52]=-7962
r[53]=22343
r[54]=-25565
r[55]=23160
r[56]=7449
r[57]=32110
r[58]=18958
r[59]=-11569
r[60]=20471
r[61]=5919
r[62]=-22280
r[63]=-8583
r[64]=15704
r[65]=16125
r[66]=-26000
r[67]=16299
r[68]=-13273
r[69]=25116
r[70]=-28592
r[71]=20361
r[72]=10960
r[73]=-31838
r[74]=21967
r[75]=-7520
r[76]=15526
r[77]=9337
r[78]=-23883
r[79]=-5704
r[80]=17192
r[81]=12039
r[82]=-26066
r[83]=16575
r[84]=-12107
r[85]=27574
r[86]=-27746
r[87]=20847
r[88]=10924
r[89]=32566
r[90]=20563
r[91]=-11118
r[92]=19188
r[93]=9237
r[94]=-21659
r[95]=-8300
r[96]=17160
r[97]=10078
r[98]=-24357
r[99]=21061
r[100]=-10057
r[101]=25630
r[102]=-28065
r[103]=24239
r[104]=9704
r[105]=-31735
r[106]=23491
r[107]=-8398
r[108]=18456
r[109]=7365
r[110]=-18211
r[111]=-3477
r[112]=16008
r[113]=10230
r[114]=-26565
r[115]=19157
r[116]=-8423
r[117]=25772
r[118]=-25425
r[119]=20933
r[120]=11292
r[121]=30439
r[122]=23315
r[123]=-9984
r[124]=17778
r[125]=8061
r[126]=-20447
r[127]=-4867
r[128]=20819
r[129]=6060
r[130]=-26339
r[131]=20761
r[132]=-9898
r[133]=24302
r[134]=-31220
r[135]=23970
r[136]=9023
r[137]=-32357
r[138]=24371
r[139]=-10722
r[140]=16476
r[141]=8899
r[142]=-19025
r[143]=-7564
r[144]=20007
r[145]=8378
r[146]=-23163
r[147]=21009
r[148]=-8954
r[149]=23812
r[150]=-30444
r[151]=21926
r[152]=8945
r[153]=29639
r[154]=26855
r[155]=-14812
r[156]=16120
r[157]=7521
r[158]=-19561
r[159]=-10178
r[160]=19496
r[161]=9745
r[162]=-26575
r[163]=20899
r[164]=-10406
r[165]=19647
r[166]=-26266
r[167]=25556
r[168]=9141
r[169]=29171
r[170]=24137
r[171]=-10548
r[172]=15548
r[173]=10888
r[174]=-22838
r[175]=-9066
r[176]=20682
r[177]=10845
r[178]=-29287
r[179]=23699
r[180]=-7666
r[181]=22175
r[182]=-29062
r[183]=24340
r[184]=8135
r[185]=29559
r[186]=24817
r[187]=-10658
r[188]=13880
r[189]=9332
r[190]=-20952
r[191]=-11684
r[192]=18316
r[193]=6443
r[194]=-27249
r[195]=17892
r[196]=-9177
r[197]=22290
r[198]=-25530
r[199]=23185
r[200]=4720
r[201]=31422
r[202]=23429
r[203]=-7793
r[204]=17174
r[205]=9973
r[206]=-25967
r[207]=-7356
r[208]=15594
r[209]=8245
r[210]=-24631
r[211]=16436
r[212]=-7857
r[213]=21666
r[214]=-27326
r[215]=26071
r[216]=6794
r[217]=32116
r[218]=21781
r[219]=-8885
r[220]=16114
r[221]=8731
r[222]=-24833
r[223]=-7078
r[224]=20641
r[225]=7162
r[226]=-26419
r[227]=18818
r[228]=-9740
r[229]=22602
r[230]=-29156
r[231]=23375
r[232]=1321
r[233]=31545
r[234]=24042
r[235]=-7030
r[236]=12551
r[237]=5589
r[238]=-23970
r[239]=-10924
r[240]=18221
r[241]=5330
r[242]=-24393
r[243]=19598
r[244]=-8542
r[245]=20690
r[246]=-25788
r[247]=26009
r[248]=4329
r[249]=32609
r[250]=26216
r[251]=-10984
r[252]=15545
r[253]=7955
r[254]=-21902
r[255]=-9646
j 32 t -1537j 33 t 224j 34 t -327j 35 t -1047j 36 t -1429j 37 t -803j 38 t 426j 39 t -542k 20 zeta 383 len 8 start 48
r[0]=13314
r[1]=8653
r[2]=-28342
r[3]=17546
r[4]=-5841
r[5]=27196
r[6]=-28016
r[7]=21213
r[8]=14682
r[9]=7887
r[10]=-25830
r[11]=16226
r[12]=-8629
r[13]=26164
r[14]=-27616
r[15]=18767
r[16]=14941
r[17]=9962
r[18]=-28376
r[19]=15597
r[20]=-6029
r[21]=24576
r[22]=-27066
r[23]=21195
r[24]=17287
r[25]=7674
r[26]=-30628
r[27]=14763
r[28]=-6189
r[29]=26216
r[30]=-26186
r[31]=18849
r[32]=17172
r[33]=9548
r[34]=-28146
r[35]=14504
r[36]=-10183
r[37]=24414
r[38]=-26131
r[39]=19698
r[40]=20246
r[41]=9100
r[42]=-27492
r[43]=16598
r[44]=-7325
r[45]=26020
r[46]=-26983
r[47]=20782
r[48]=15611
r[49]=9436
r[50]=-28853
r[51]=16931
r[52]=-7962
r[53]=22343
r[54]=-25565
r[55]=23160
r[56]=7449
r[57]=32110
r[58]=18958
r[59]=-11569
r[60]=20471
r[61]=5919
r[62]=-22280
r[63]=-8583
r[64]=15704
r[65]=16125
r[66]=-26000
r[67]=16299
r[68]=-13273
r[69]=25116
r[70]=-28592
r[71]=20361
r[72]=10960
r[73]=-31838
r[74]=21967
r[75]=-7520
r[76]=15526
r[77]=9337
r[78]=-23883
r[79]=-5704
r[80]=17192
r[81]=12039
r[82]=-26066
r[83]=16575
r[84]=-12107
r[85]=27574
r[86]=-27746
r[87]=20847
r[88]=10924
r[89]=32566
r[90]=20563
r[91]=-11118
r[92]=19188
r[93]=9237
r[94]=-21659
r[95]=-8300
r[96]=17160
r[97]=10078
r[98]=-24357
r[99]=21061
r[100]=-10057
r[101]=25630
r[102]=-28065
r[103]=24239
r[104]=9704
r[105]=-31735
r[106]=23491
r[107]=-8398
r[108]=18456
r[109]=7365
r[110]=-18211
r[111]=-3477
r[112]=16008
r[113]=10230
r[114]=-26565
r[115]=19157
r[116]=-8423
r[117]=25772
r[118]=-25425
r[119]=20933
r[120]=11292
r[121]=30439
r[122]=23315
r[123]=-9984
r[124]=17778
r[125]=8061
r[126]=-20447
r[127]=-4867
r[128]=20819
r[129]=6060
r[130]=-26339
r[131]=20761
r[132]=-9898
r[133]=24302
r[134]=-31220
r[135]=23970
r[136]=9023
r[137]=-32357
r[138]=24371
r[139]=-10722
r[140]=16476
r[141]=8899
r[142]=-19025
r[143]=-7564
r[144]=20007
r[145]=8378
r[146]=-23163
r[147]=21009
r[148]=-8954
r[149]=23812
r[150]=-30444
r[151]=21926
r[152]=8945
r[153]=29639
r[154]=26855
r[155]=-14812
r[156]=16120
r[157]=7521
r[158]=-19561
r[159]=-10178
r[160]=19496
r[161]=9745
r[162]=-26575
r[163]=20899
r[164]=-10406
r[165]=19647
r[166]=-26266
r[167]=25556
r[168]=9141
r[169]=29171
r[170]=24137
r[171]=-10548
r[172]=15548
r[173]=10888
r[174]=-22838
r[175]=-9066
r[176]=20682
r[177]=10845
r[178]=-29287
r[179]=23699
r[180]=-7666
r[181]=22175
r[182]=-29062
r[183]=24340
r[184]=8135
r[185]=29559
r[186]=24817
r[187]=-10658
r[188]=13880
r[189]=9332
r[190]=-20952
r[191]=-11684
r[192]=18316
r[193]=6443
r[194]=-27249
r[195]=17892
r[196]=-9177
r[197]=22290
r[198]=-25530
r[199]=23185
r[200]=4720
r[201]=31422
r[202]=23429
r[203]=-7793
r[204]=17174
r[205]=9973
r[206]=-25967
r[207]=-7356
r[208]=15594
r[209]=8245
r[210]=-24631
r[211]=16436
r[212]=-7857
r[213]=21666
r[214]=-27326
r[215]=26071
r[216]=6794
r[217]=32116
r[218]=21781
r[219]=-8885
r[220]=16114
r[221]=8731
r[222]=-24833
r[223]=-7078
r[224]=20641
r[225]=7162
r[226]=-26419
r[227]=18818
r[228]=-9740
r[229]=22602
r[230]=-29156
r[231]=23375
r[232]=1321
r[233]=31545
r[234]=24042
r[235]=-7030
r[236]=12551
r[237]=5589
r[238]=-23970
r[239]=-10924
r[240]=18221
r[241]=5330
r[242]=-24393
r[243]=19598
r[244]=-8542
r[245]=20690
r[246]=-25788
r[247]=26009
r[248]=4329
r[249]=32609
r[250]=26216
r[251]=-10984
r[252]=15545
r[253]=7955
r[254]=-21902
r[255]=-9646
j 48 t -963j 49 t -613j 50 t 1763j 51 t -1403j 52 t 1192j 53 t 1148j 54 t -1418j 55 t -1663k 21 zeta -829 len 8 start 64
r[0]=13314
r[1]=8653
r[2]=-28342
r[3]=17546
r[4]=-5841
r[5]=27196
r[6]=-28016
r[7]=21213
r[8]=14682
r[9]=7887
r[10]=-25830
r[11]=16226
r[12]=-8629
r[13]=26164
r[14]=-27616
r[15]=18767
r[16]=14941
r[17]=9962
r[18]=-28376
r[19]=15597
r[20]=-6029
r[21]=24576
r[22]=-27066
r[23]=21195
r[24]=17287
r[25]=7674
r[26]=-30628
r[27]=14763
r[28]=-6189
r[29]=26216
r[30]=-26186
r[31]=18849
r[32]=17172
r[33]=9548
r[34]=-28146
r[35]=14504
r[36]=-10183
r[37]=24414
r[38]=-26131
r[39]=19698
r[40]=20246
r[41]=9100
r[42]=-27492
r[43]=16598
r[44]=-7325
r[45]=26020
r[46]=-26983
r[47]=20782
r[48]=14648
r[49]=8823
r[50]=-27090
r[51]=15528
r[52]=-6770
r[53]=23491
r[54]=-26983
r[55]=21497
r[56]=16574
r[57]=10049
r[58]=-30616
r[59]=18334
r[60]=-9154
r[61]=21195
r[62]=-24147
r[63]=24823
r[64]=15704
r[65]=16125
r[66]=-26000
r[67]=16299
r[68]=-13273
r[69]=25116
r[70]=-28592
r[71]=20361
r[72]=10960
r[73]=-31838
r[74]=21967
r[75]=-7520
r[76]=15526
r[77]=9337
r[78]=-23883
r[79]=-5704
r[80]=17192
r[81]=12039
r[82]=-26066
r[83]=16575
r[84]=-12107
r[85]=27574
r[86]=-27746
r[87]=20847
r[88]=10924
r[89]=32566
r[90]=20563
r[91]=-11118
r[92]=19188
r[93]=9237
r[94]=-21659
r[95]=-8300
r[96]=17160
r[97]=10078
r[98]=-24357
r[99]=21061
r[100]=-10057
r[101]=25630
r[102]=-28065
r[103]=24239
r[104]=9704
r[105]=-31735
r[106]=23491
r[107]=-8398
r[108]=18456
r[109]=7365
r[110]=-18211
r[111]=-3477
r[112]=16008
r[113]=10230
r[114]=-26565
r[115]=19157
r[116]=-8423
r[117]=25772
r[118]=-25425
r[119]=20933
r[120]=11292
r[121]=30439
r[122]=23315
r[123]=-9984
r[124]=17778
r[125]=8061
r[126]=-20447
r[127]=-4867
r[128]=20819
r[129]=6060
r[130]=-26339
r[131]=20761
r[132]=-9898
r[133]=24302
r[134]=-31220
r[135]=23970
r[136]=9023
r[137]=-32357
r[138]=24371
r[139]=-10722
r[140]=16476
r[141]=8899
r[142]=-19025
r[143]=-7564
r[144]=20007
r[145]=8378
r[146]=-23163
r[147]=21009
r[148]=-8954
r[149]=23812
r[150]=-30444
r[151]=21926
r[152]=8945
r[153]=29639
r[154]=26855
r[155]=-14812
r[156]=16120
r[157]=7521
r[158]=-19561
r[159]=-10178
r[160]=19496
r[161]=9745
r[162]=-26575
r[163]=20899
r[164]=-10406
r[165]=19647
r[166]=-26266
r[167]=25556
r[168]=9141
r[169]=29171
r[170]=24137
r[171]=-10548
r[172]=15548
r[173]=10888
r[174]=-22838
r[175]=-9066
r[176]=20682
r[177]=10845
r[178]=-29287
r[179]=23699
r[180]=-7666
r[181]=22175
r[182]=-29062
r[183]=24340
r[184]=8135
r[185]=29559
r[186]=24817
r[187]=-10658
r[188]=13880
r[189]=9332
r[190]=-20952
r[191]=-11684
r[192]=18316
r[193]=6443
r[194]=-27249
r[195]=17892
r[196]=-9177
r[197]=22290
r[198]=-25530
r[199]=23185
r[200]=4720
r[201]=31422
r[202]=23429
r[203]=-7793
r[204]=17174
r[205]=9973
r[206]=-25967
r[207]=-7356
r[208]=15594
r[209]=8245
r[210]=-24631
r[211]=16436
r[212]=-7857
r[213]=21666
r[214]=-27326
r[215]=26071
r[216]=6794
r[217]=32116
r[218]=21781
r[219]=-8885
r[220]=16114
r[221]=8731
r[222]=-24833
r[223]=-7078
r[224]=20641
r[225]=7162
r[226]=-26419
r[227]=18818
r[228]=-9740
r[229]=22602
r[230]=-29156
r[231]=23375
r[232]=1321
r[233]=31545
r[234]=24042
r[235]=-7030
r[236]=12551
r[237]=5589
r[238]=-23970
r[239]=-10924
r[240]=18221
r[241]=5330
r[242]=-24393
r[243]=19598
r[244]=-8542
r[245]=20690
r[246]=-25788
r[247]=26009
r[248]=4329
r[249]=32609
r[250]=26216
r[251]=-10984
r[252]=15545
r[253]=7955
r[254]=-21902
r[255]=-9646
j 64 t 948j 65 t 1880j 66 t -1418j 67 t 929j 68 t 422j 69 t 855j 70 t 1019j 71 t -333k 22 zeta 1458 len 8 start 80
r[0]=13314
r[1]=8653
r[2]=-28342
r[3]=17546
r[4]=-5841
r[5]=27196
r[6]=-28016
r[7]=21213
r[8]=14682
r[9]=7887
r[10]=-25830
r[11]=16226
r[12]=-8629
r[13]=26164
r[14]=-27616
r[15]=18767
r[16]=14941
r[17]=9962
r[18]=-28376
r[19]=15597
r[20]=-6029
r[21]=24576
r[22]=-27066
r[23]=21195
r[24]=17287
r[25]=7674
r[26]=-30628
r[27]=14763
r[28]=-6189
r[29]=26216
r[30]=-26186
r[31]=18849
r[32]=17172
r[33]=9548
r[34]=-28146
r[35]=14504
r[36]=-10183
r[37]=24414
r[38]=-26131
r[39]=19698
r[40]=20246
r[41]=9100
r[42]=-27492
r[43]=16598
r[44]=-7325
r[45]=26020
r[46]=-26983
r[47]=20782
r[48]=14648
r[49]=8823
r[50]=-27090
r[51]=15528
r[52]=-6770
r[53]=23491
r[54]=-26983
r[55]=21497
r[56]=16574
r[57]=10049
r[58]=-30616
r[59]=18334
r[60]=-9154
r[61]=21195
r[62]=-24147
r[63]=24823
r[64]=16652
r[65]=18005
r[66]=-27418
r[67]=17228
r[68]=-12851
r[69]=25971
r[70]=-27573
r[71]=20028
r[72]=14756
r[73]=14245
r[74]=-24582
r[75]=15370
r[76]=-13695
r[77]=24261
r[78]=-29611
r[79]=20694
r[80]=17192
r[81]=12039
r[82]=-26066
r[83]=16575
r[84]=-12107
r[85]=27574
r[86]=-27746
r[87]=20847
r[88]=10924
r[89]=32566
r[90]=20563
r[91]=-11118
r[92]=19188
r[93]=9237
r[94]=-21659
r[95]=-8300
r[96]=17160
r[97]=10078
r[98]=-24357
r[99]=21061
r[100]=-10057
r[101]=25630
r[102]=-28065
r[103]=24239
r[104]=9704
r[105]=-31735
r[106]=23491
r[107]=-8398
r[108]=18456
r[109]=7365
r[110]=-18211
r[111]=-3477
r[112]=16008
r[113]=10230
r[114]=-26565
r[115]=19157
r[116]=-8423
r[117]=25772
r[118]=-25425
r[119]=20933
r[120]=11292
r[121]=30439
r[122]=23315
r[123]=-9984
r[124]=17778
r[125]=8061
r[126]=-20447
r[127]=-4867
r[128]=20819
r[129]=6060
r[130]=-26339
r[131]=20761
r[132]=-9898
r[133]=24302
r[134]=-31220
r[135]=23970
r[136]=9023
r[137]=-32357
r[138]=24371
r[139]=-10722
r[140]=16476
r[141]=8899
r[142]=-19025
r[143]=-7564
r[144]=20007
r[145]=8378
r[146]=-23163
r[147]=21009
r[148]=-8954
r[149]=23812
r[150]=-30444
r[151]=21926
r[152]=8945
r[153]=29639
r[154]=26855
r[155]=-14812
r[156]=16120
r[157]=7521
r[158]=-19561
r[159]=-10178
r[160]=19496
r[161]=9745
r[162]=-26575
r[163]=20899
r[164]=-10406
r[165]=19647
r[166]=-26266
r[167]=25556
r[168]=9141
r[169]=29171
r[170]=24137
r[171]=-10548
r[172]=15548
r[173]=10888
r[174]=-22838
r[175]=-9066
r[176]=20682
r[177]=10845
r[178]=-29287
r[179]=23699
r[180]=-7666
r[181]=22175
r[182]=-29062
r[183]=24340
r[184]=8135
r[185]=29559
r[186]=24817
r[187]=-10658
r[188]=13880
r[189]=9332
r[190]=-20952
r[191]=-11684
r[192]=18316
r[193]=6443
r[194]=-27249
r[195]=17892
r[196]=-9177
r[197]=22290
r[198]=-25530
r[199]=23185
r[200]=4720
r[201]=31422
r[202]=23429
r[203]=-7793
r[204]=17174
r[205]=9973
r[206]=-25967
r[207]=-7356
r[208]=15594
r[209]=8245
r[210]=-24631
r[211]=16436
r[212]=-7857
r[213]=21666
r[214]=-27326
r[215]=26071
r[216]=6794
r[217]=32116
r[218]=21781
r[219]=-8885
r[220]=16114
r[221]=8731
r[222]=-24833
r[223]=-7078
r[224]=20641
r[225]=7162
r[226]=-26419
r[227]=18818
r[228]=-9740
r[229]=22602
r[230]=-29156
r[231]=23375
r[232]=1321
r[233]=31545
r[234]=24042
r[235]=-7030
r[236]=12551
r[237]=5589
r[238]=-23970
r[239]=-10924
r[240]=18221
r[241]=5330
r[242]=-24393
r[243]=19598
r[244]=-8542
r[245]=20690
r[246]=-25788
r[247]=26009
r[248]=4329
r[249]=32609
r[250]=26216
r[251]=-10984
r[252]=15545
r[253]=7955
r[254]=-21902
r[255]=-9646
j 80 t -792j 81 t -596j 82 t -306j 83 t -85j 84 t -739j 85 t 1277j 86 t -1148j 87 t 1260k 23 zeta -1602 len 8 start 96
r[0]=13314
r[1]=8653
r[2]=-28342
r[3]=17546
r[4]=-5841
r[5]=27196
r[6]=-28016
r[7]=21213
r[8]=14682
r[9]=7887
r[10]=-25830
r[11]=16226
r[12]=-8629
r[13]=26164
r[14]=-27616
r[15]=18767
r[16]=14941
r[17]=9962
r[18]=-28376
r[19]=15597
r[20]=-6029
r[21]=24576
r[22]=-27066
r[23]=21195
r[24]=17287
r[25]=7674
r[26]=-30628
r[27]=14763
r[28]=-6189
r[29]=26216
r[30]=-26186
r[31]=18849
r[32]=17172
r[33]=9548
r[34]=-28146
r[35]=14504
r[36]=-10183
r[37]=24414
r[38]=-26131
r[39]=19698
r[40]=20246
r[41]=9100
r[42]=-27492
r[43]=16598
r[44]=-7325
r[45]=26020
r[46]=-26983
r[47]=20782
r[48]=14648
r[49]=8823
r[50]=-27090
r[51]=15528
r[52]=-6770
r[53]=23491
r[54]=-26983
r[55]=21497
r[56]=16574
r[57]=10049
r[58]=-30616
r[59]=18334
r[60]=-9154
r[61]=21195
r[62]=-24147
r[63]=24823
r[64]=16652
r[65]=18005
r[66]=-27418
r[67]=17228
r[68]=-12851
r[69]=25971
r[70]=-27573
r[71]=20028
r[72]=14756
r[73]=14245
r[74]=-24582
r[75]=15370
r[76]=-13695
r[77]=24261
r[78]=-29611
r[79]=20694
r[80]=16400
r[81]=11443
r[82]=-26372
r[83]=16490
r[84]=-12846
r[85]=28851
r[86]=-28894
r[87]=22107
r[88]=17984
r[89]=12635
r[90]=-25760
r[91]=16660
r[92]=-11368
r[93]=26297
r[94]=-26598
r[95]=19587
r[96]=17160
r[97]=10078
r[98]=-24357
r[99]=21061
r[100]=-10057
r[101]=25630
r[102]=-28065
r[103]=24239
r[104]=9704
r[105]=-31735
r[106]=23491
r[107]=-8398
r[108]=18456
r[109]=7365
r[110]=-18211
r[111]=-3477
r[112]=16008
r[113]=10230
r[114]=-26565
r[115]=19157
r[116]=-8423
r[117]=25772
r[118]=-25425
r[119]=20933
r[120]=11292
r[121]=30439
r[122]=23315
r[123]=-9984
r[124]=17778
r[125]=8061
r[126]=-20447
r[127]=-4867
r[128]=20819
r[129]=6060
r[130]=-26339
r[131]=20761
r[132]=-9898
r[133]=24302
r[134]=-31220
r[135]=23970
r[136]=9023
r[137]=-32357
r[138]=24371
r[139]=-10722
r[140]=16476
r[141]=8899
r[142]=-19025
r[143]=-7564
r[144]=20007
r[145]=8378
r[146]=-23163
r[147]=21009
r[148]=-8954
r[149]=23812
r[150]=-30444
r[151]=21926
r[152]=8945
r[153]=29639
r[154]=26855
r[155]=-14812
r[156]=16120
r[157]=7521
r[158]=-19561
r[159]=-10178
r[160]=19496
r[161]=9745
r[162]=-26575
r[163]=20899
r[164]=-10406
r[165]=19647
r[166]=-26266
r[167]=25556
r[168]=9141
r[169]=29171
r[170]=24137
r[171]=-10548
r[172]=15548
r[173]=10888
r[174]=-22838
r[175]=-9066
r[176]=20682
r[177]=10845
r[178]=-29287
r[179]=23699
r[180]=-7666
r[181]=22175
r[182]=-29062
r[183]=24340
r[184]=8135
r[185]=29559
r[186]=24817
r[187]=-10658
r[188]=13880
r[189]=9332
r[190]=-20952
r[191]=-11684
r[192]=18316
r[193]=6443
r[194]=-27249
r[195]=17892
r[196]=-9177
r[197]=22290
r[198]=-25530
r[199]=23185
r[200]=4720
r[201]=31422
r[202]=23429
r[203]=-7793
r[204]=17174
r[205]=9973
r[206]=-25967
r[207]=-7356
r[208]=15594
r[209]=8245
r[210]=-24631
r[211]=16436
r[212]=-7857
r[213]=21666
r[214]=-27326
r[215]=26071
r[216]=6794
r[217]=32116
r[218]=21781
r[219]=-8885
r[220]=16114
r[221]=8731
r[222]=-24833
r[223]=-7078
r[224]=20641
r[225]=7162
r[226]=-26419
r[227]=18818
r[228]=-9740
r[229]=22602
r[230]=-29156
r[231]=23375
r[232]=1321
r[233]=31545
r[234]=24042
r[235]=-7030
r[236]=12551
r[237]=5589
r[238]=-23970
r[239]=-10924
r[240]=18221
r[241]=5330
r[242]=-24393
r[243]=19598
r[244]=-8542
r[245]=20690
r[246]=-25788
r[247]=26009
r[248]=4329
r[249]=32609
r[250]=26216
r[251]=-10984
r[252]=15545
r[253]=7955
r[254]=-21902
r[255]=-9646
j 96 t -1410j 97 t 1066j 98 t -1663j 99 t 659j 100 t -1411j 101 t -924j 102 t 926j 103 t 1380k 24 zeta -130 len 8 start 112
r[0]=13314
r[1]=8653
r[2]=-28342
r[3]=17546
r[4]=-5841
r[5]=27196
r[6]=-28016
r[7]=21213
r[8]=14682
r[9]=7887
r[10]=-25830
r[11]=16226
r[12]=-8629
r[13]=26164
r[14]=-27616
r[15]=18767
r[16]=14941
r[17]=9962
r[18]=-28376
r[19]=15597
r[20]=-6029
r[21]=24576
r[22]=-27066
r[23]=21195
r[24]=17287
r[25]=7674
r[26]=-30628
r[27]=14763
r[28]=-6189
r[29]=26216
r[30]=-26186
r[31]=18849
r[32]=17172
r[33]=9548
r[34]=-28146
r[35]=14504
r[36]=-10183
r[37]=24414
r[38]=-26131
r[39]=19698
r[40]=20246
r[41]=9100
r[42]=-27492
r[43]=16598
r[44]=-7325
r[45]=26020
r[46]=-26983
r[47]=20782
r[48]=14648
r[49]=8823
r[50]=-27090
r[51]=15528
r[52]=-6770
r[53]=23491
r[54]=-26983
r[55]=21497
r[56]=16574
r[57]=10049
r[58]=-30616
r[59]=18334
r[60]=-9154
r[61]=21195
r[62]=-24147
r[63]=24823
r[64]=16652
r[65]=18005
r[66]=-27418
r[67]=17228
r[68]=-12851
r[69]=25971
r[70]=-27573
r[71]=20028
r[72]=14756
r[73]=14245
r[74]=-24582
r[75]=15370
r[76]=-13695
r[77]=24261
r[78]=-29611
r[79]=20694
r[80]=16400
r[81]=11443
r[82]=-26372
r[83]=16490
r[84]=-12846
r[85]=28851
r[86]=-28894
r[87]=22107
r[88]=17984
r[89]=12635
r[90]=-25760
r[91]=16660
r[92]=-11368
r[93]=26297
r[94]=-26598
r[95]=19587
r[96]=15750
r[97]=11144
r[98]=-26020
r[99]=21720
r[100]=-11468
r[101]=24706
r[102]=-27139
r[103]=25619
r[104]=18570
r[105]=9012
r[106]=-22694
r[107]=20402
r[108]=-8646
r[109]=26554
r[110]=-28991
r[111]=22859
r[112]=16008
r[113]=10230
r[114]=-26565
r[115]=19157
r[116]=-8423
r[117]=25772
r[118]=-25425
r[119]=20933
r[120]=11292
r[121]=30439
r[122]=23315
r[123]=-9984
r[124]=17778
r[125]=8061
r[126]=-20447
r[127]=-4867
r[128]=20819
r[129]=6060
r[130]=-26339
r[131]=20761
r[132]=-9898
r[133]=24302
r[134]=-31220
r[135]=23970
r[136]=9023
r[137]=-32357
r[138]=24371
r[139]=-10722
r[140]=16476
r[141]=8899
r[142]=-19025
r[143]=-7564
r[144]=20007
r[145]=8378
r[146]=-23163
r[147]=21009
r[148]=-8954
r[149]=23812
r[150]=-30444
r[151]=21926
r[152]=8945
r[153]=29639
r[154]=26855
r[155]=-14812
r[156]=16120
r[157]=7521
r[158]=-19561
r[159]=-10178
r[160]=19496
r[161]=9745
r[162]=-26575
r[163]=20899
r[164]=-10406
r[165]=19647
r[166]=-26266
r[167]=25556
r[168]=9141
r[169]=29171
r[170]=24137
r[171]=-10548
r[172]=15548
r[173]=10888
r[174]=-22838
r[175]=-9066
r[176]=20682
r[177]=10845
r[178]=-29287
r[179]=23699
r[180]=-7666
r[181]=22175
r[182]=-29062
r[183]=24340
r[184]=8135
r[185]=29559
r[186]=24817
r[187]=-10658
r[188]=13880
r[189]=9332
r[190]=-20952
r[191]=-11684
r[192]=18316
r[193]=6443
r[194]=-27249
r[195]=17892
r[196]=-9177
r[197]=22290
r[198]=-25530
r[199]=23185
r[200]=4720
r[201]=31422
r[202]=23429
r[203]=-7793
r[204]=17174
r[205]=9973
r[206]=-25967
r[207]=-7356
r[208]=15594
r[209]=8245
r[210]=-24631
r[211]=16436
r[212]=-7857
r[213]=21666
r[214]=-27326
r[215]=26071
r[216]=6794
r[217]=32116
r[218]=21781
r[219]=-8885
r[220]=16114
r[221]=8731
r[222]=-24833
r[223]=-7078
r[224]=20641
r[225]=7162
r[226]=-26419
r[227]=18818
r[228]=-9740
r[229]=22602
r[230]=-29156
r[231]=23375
r[232]=1321
r[233]=31545
r[234]=24042
r[235]=-7030
r[236]=12551
r[237]=5589
r[238]=-23970
r[239]=-10924
r[240]=18221
r[241]=5330
r[242]=-24393
r[243]=19598
r[244]=-8542
r[245]=20690
r[246]=-25788
r[247]=26009
r[248]=4329
r[249]=32609
r[250]=26216
r[251]=-10984
r[252]=15545
r[253]=7955
r[254]=-21902
r[255]=-9646
j 112 t -1502j 113 t 1335j 114 t -649j 115 t 670j 116 t -1077j 117 t -699j 118 t -1328j 119 t 510k 25 zeta -681 len 8 start 128
r[0]=13314
r[1]=8653
r[2]=-28342
r[3]=17546
r[4]=-5841
r[5]=27196
r[6]=-28016
r[7]=21213
r[8]=14682
r[9]=7887
r[10]=-25830
r[11]=16226
r[12]=-8629
r[13]=26164
r[14]=-27616
r[15]=18767
r[16]=14941
r[17]=9962
r[18]=-28376
r[19]=15597
r[20]=-6029
r[21]=24576
r[22]=-27066
r[23]=21195
r[24]=17287
r[25]=7674
r[26]=-30628
r[27]=14763
r[28]=-6189
r[29]=26216
r[30]=-26186
r[31]=18849
r[32]=17172
r[33]=9548
r[34]=-28146
r[35]=14504
r[36]=-10183
r[37]=24414
r[38]=-26131
r[39]=19698
r[40]=20246
r[41]=9100
r[42]=-27492
r[43]=16598
r[44]=-7325
r[45]=26020
r[46]=-26983
r[47]=20782
r[48]=14648
r[49]=8823
r[50]=-27090
r[51]=15528
r[52]=-6770
r[53]=23491
r[54]=-26983
r[55]=21497
r[56]=16574
r[57]=10049
r[58]=-30616
r[59]=18334
r[60]=-9154
r[61]=21195
r[62]=-24147
r[63]=24823
r[64]=16652
r[65]=18005
r[66]=-27418
r[67]=17228
r[68]=-12851
r[69]=25971
r[70]=-27573
r[71]=20028
r[72]=14756
r[73]=14245
r[74]=-24582
r[75]=15370
r[76]=-13695
r[77]=24261
r[78]=-29611
r[79]=20694
r[80]=16400
r[81]=11443
r[82]=-26372
r[83]=16490
r[84]=-12846
r[85]=28851
r[86]=-28894
r[87]=22107
r[88]=17984
r[89]=12635
r[90]=-25760
r[91]=16660
r[92]=-11368
r[93]=26297
r[94]=-26598
r[95]=19587
r[96]=15750
r[97]=11144
r[98]=-26020
r[99]=21720
r[100]=-11468
r[101]=24706
r[102]=-27139
r[103]=25619
r[104]=18570
r[105]=9012
r[106]=-22694
r[107]=20402
r[108]=-8646
r[109]=26554
r[110]=-28991
r[111]=22859
r[112]=14506
r[113]=11565
r[114]=-27214
r[115]=19827
r[116]=-9500
r[117]=25073
r[118]=-26753
r[119]=21443
r[120]=17510
r[121]=8895
r[122]=-25916
r[123]=18487
r[124]=-7346
r[125]=26471
r[126]=-24097
r[127]=20423
r[128]=20819
r[129]=6060
r[130]=-26339
r[131]=20761
r[132]=-9898
r[133]=24302
r[134]=-31220
r[135]=23970
r[136]=9023
r[137]=-32357
r[138]=24371
r[139]=-10722
r[140]=16476
r[141]=8899
r[142]=-19025
r[143]=-7564
r[144]=20007
r[145]=8378
r[146]=-23163
r[147]=21009
r[148]=-8954
r[149]=23812
r[150]=-30444
r[151]=21926
r[152]=8945
r[153]=29639
r[154]=26855
r[155]=-14812
r[156]=16120
r[157]=7521
r[158]=-19561
r[159]=-10178
r[160]=19496
r[161]=9745
r[162]=-26575
r[163]=20899
r[164]=-10406
r[165]=19647
r[166]=-26266
r[167]=25556
r[168]=9141
r[169]=29171
r[170]=24137
r[171]=-10548
r[172]=15548
r[173]=10888
r[174]=-22838
r[175]=-9066
r[176]=20682
r[177]=10845
r[178]=-29287
r[179]=23699
r[180]=-7666
r[181]=22175
r[182]=-29062
r[183]=24340
r[184]=8135
r[185]=29559
r[186]=24817
r[187]=-10658
r[188]=13880
r[189]=9332
r[190]=-20952
r[191]=-11684
r[192]=18316
r[193]=6443
r[194]=-27249
r[195]=17892
r[196]=-9177
r[197]=22290
r[198]=-25530
r[199]=23185
r[200]=4720
r[201]=31422
r[202]=23429
r[203]=-7793
r[204]=17174
r[205]=9973
r[206]=-25967
r[207]=-7356
r[208]=15594
r[209]=8245
r[210]=-24631
r[211]=16436
r[212]=-7857
r[213]=21666
r[214]=-27326
r[215]=26071
r[216]=6794
r[217]=32116
r[218]=21781
r[219]=-8885
r[220]=16114
r[221]=8731
r[222]=-24833
r[223]=-7078
r[224]=20641
r[225]=7162
r[226]=-26419
r[227]=18818
r[228]=-9740
r[229]=22602
r[230]=-29156
r[231]=23375
r[232]=1321
r[233]=31545
r[234]=24042
r[235]=-7030
r[236]=12551
r[237]=5589
r[238]=-23970
r[239]=-10924
r[240]=18221
r[241]=5330
r[242]=-24393
r[243]=19598
r[244]=-8542
r[245]=20690
r[246]=-25788
r[247]=26009
r[248]=4329
r[249]=32609
r[250]=26216
r[251]=-10984
r[252]=15545
r[253]=7955
r[254]=-21902
r[255]=-9646
j 128 t 213j 129 t -1142j 130 t -1714j 131 t 525j 132 t -1306j 133 t -174j 134 t 1700j 135 t -304k 26 zeta 1017 len 8 start 144
r[0]=13314
r[1]=8653
r[2]=-28342
r[3]=17546
r[4]=-5841
r[5]=27196
r[6]=-28016
r[7]=21213
r[8]=14682
r[9]=7887
r[10]=-25830
r[11]=16226
r[12]=-8629
r[13]=26164
r[14]=-27616
r[15]=18767
r[16]=14941
r[17]=9962
r[18]=-28376
r[19]=15597
r[20]=-6029
r[21]=24576
r[22]=-27066
r[23]=21195
r[24]=17287
r[25]=7674
r[26]=-30628
r[27]=14763
r[28]=-6189
r[29]=26216
r[30]=-26186
r[31]=18849
r[32]=17172
r[33]=9548
r[34]=-28146
r[35]=14504
r[36]=-10183
r[37]=24414
r[38]=-26131
r[39]=19698
r[40]=20246
r[41]=9100
r[42]=-27492
r[43]=16598
r[44]=-7325
r[45]=26020
r[46]=-26983
r[47]=20782
r[48]=14648
r[49]=8823
r[50]=-27090
r[51]=15528
r[52]=-6770
r[53]=23491
r[54]=-26983
r[55]=21497
r[56]=16574
r[57]=10049
r[58]=-30616
r[59]=18334
r[60]=-9154
r[61]=21195
r[62]=-24147
r[63]=24823
r[64]=16652
r[65]=18005
r[66]=-27418
r[67]=17228
r[68]=-12851
r[69]=25971
r[70]=-27573
r[71]=20028
r[72]=14756
r[73]=14245
r[74]=-24582
r[75]=15370
r[76]=-13695
r[77]=24261
r[78]=-29611
r[79]=20694
r[80]=16400
r[81]=11443
r[82]=-26372
r[83]=16490
r[84]=-12846
r[85]=28851
r[86]=-28894
r[87]=22107
r[88]=17984
r[89]=12635
r[90]=-25760
r[91]=16660
r[92]=-11368
r[93]=26297
r[94]=-26598
r[95]=19587
r[96]=15750
r[97]=11144
r[98]=-26020
r[99]=21720
r[100]=-11468
r[101]=24706
r[102]=-27139
r[103]=25619
r[104]=18570
r[105]=9012
r[106]=-22694
r[107]=20402
r[108]=-8646
r[109]=26554
r[110]=-28991
r[111]=22859
r[112]=14506
r[113]=11565
r[114]=-27214
r[115]=19827
r[116]=-9500
r[117]=25073
r[118]=-26753
r[119]=21443
r[120]=17510
r[121]=8895
r[122]=-25916
r[123]=18487
r[124]=-7346
r[125]=26471
r[126]=-24097
r[127]=20423
r[128]=21032
r[129]=4918
r[130]=-28053
r[131]=21286
r[132]=-11204
r[133]=24128
r[134]=-29520
r[135]=23666
r[136]=20606
r[137]=7202
r[138]=-24625
r[139]=20236
r[140]=-8592
r[141]=24476
r[142]=32616
r[143]=24274
r[144]=20007
r[145]=8378
r[146]=-23163
r[147]=21009
r[148]=-8954
r[149]=23812
r[150]=-30444
r[151]=21926
r[152]=8945
r[153]=29639
r[154]=26855
r[155]=-14812
r[156]=16120
r[157]=7521
r[158]=-19561
r[159]=-10178
r[160]=19496
r[161]=9745
r[162]=-26575
r[163]=20899
r[164]=-10406
r[165]=19647
r[166]=-26266
r[167]=25556
r[168]=9141
r[169]=29171
r[170]=24137
r[171]=-10548
r[172]=15548
r[173]=10888
r[174]=-22838
r[175]=-9066
r[176]=20682
r[177]=10845
r[178]=-29287
r[179]=23699
r[180]=-7666
r[181]=22175
r[182]=-29062
r[183]=24340
r[184]=8135
r[185]=29559
r[186]=24817
r[187]=-10658
r[188]=13880
r[189]=9332
r[190]=-20952
r[191]=-11684
r[192]=18316
r[193]=6443
r[194]=-27249
r[195]=17892
r[196]=-9177
r[197]=22290
r[198]=-25530
r[199]=23185
r[200]=4720
r[201]=31422
r[202]=23429
r[203]=-7793
r[204]=17174
r[205]=9973
r[206]=-25967
r[207]=-7356
r[208]=15594
r[209]=8245
r[210]=-24631
r[211]=16436
r[212]=-7857
r[213]=21666
r[214]=-27326
r[215]=26071
r[216]=6794
r[217]=32116
r[218]=21781
r[219]=-8885
r[220]=16114
r[221]=8731
r[222]=-24833
r[223]=-7078
r[224]=20641
r[225]=7162
r[226]=-26419
r[227]=18818
r[228]=-9740
r[229]=22602
r[230]=-29156
r[231]=23375
r[232]=1321
r[233]=31545
r[234]=24042
r[235]=-7030
r[236]=12551
r[237]=5589
r[238]=-23970
r[239]=-10924
r[240]=18221
r[241]=5330
r[242]=-24393
r[243]=19598
r[244]=-8542
r[245]=20690
r[246]=-25788
r[247]=26009
r[248]=4329
r[249]=32609
r[250]=26216
r[251]=-10984
r[252]=15545
r[253]=7955
r[254]=-21902
r[255]=-9646
j 144 t -1453j 145 t 1519j 146 t 902j 147 t -35j 148 t -780j 149 t -525j 150 t -718j 151 t -474k 27 zeta 732 len 8 start 160
r[0]=13314
r[1]=8653
r[2]=-28342
r[3]=17546
r[4]=-5841
r[5]=27196
r[6]=-28016
r[7]=21213
r[8]=14682
r[9]=7887
r[10]=-25830
r[11]=16226
r[12]=-8629
r[13]=26164
r[14]=-27616
r[15]=18767
r[16]=14941
r[17]=9962
r[18]=-28376
r[19]=15597
r[20]=-6029
r[21]=24576
r[22]=-27066
r[23]=21195
r[24]=17287
r[25]=7674
r[26]=-30628
r[27]=14763
r[28]=-6189
r[29]=26216
r[30]=-26186
r[31]=18849
r[32]=17172
r[33]=9548
r[34]=-28146
r[35]=14504
r[36]=-10183
r[37]=24414
r[38]=-26131
r[39]=19698
r[40]=20246
r[41]=9100
r[42]=-27492
r[43]=16598
r[44]=-7325
r[45]=26020
r[46]=-26983
r[47]=20782
r[48]=14648
r[49]=8823
r[50]=-27090
r[51]=15528
r[52]=-6770
r[53]=23491
r[54]=-26983
r[55]=21497
r[56]=16574
r[57]=10049
r[58]=-30616
r[59]=18334
r[60]=-9154
r[61]=21195
r[62]=-24147
r[63]=24823
r[64]=16652
r[65]=18005
r[66]=-27418
r[67]=17228
r[68]=-12851
r[69]=25971
r[70]=-27573
r[71]=20028
r[72]=14756
r[73]=14245
r[74]=-24582
r[75]=15370
r[76]=-13695
r[77]=24261
r[78]=-29611
r[79]=20694
r[80]=16400
r[81]=11443
r[82]=-26372
r[83]=16490
r[84]=-12846
r[85]=28851
r[86]=-28894
r[87]=22107
r[88]=17984
r[89]=12635
r[90]=-25760
r[91]=16660
r[92]=-11368
r[93]=26297
r[94]=-26598
r[95]=19587
r[96]=15750
r[97]=11144
r[98]=-26020
r[99]=21720
r[100]=-11468
r[101]=24706
r[102]=-27139
r[103]=25619
r[104]=18570
r[105]=9012
r[106]=-22694
r[107]=20402
r[108]=-8646
r[109]=26554
r[110]=-28991
r[111]=22859
r[112]=14506
r[113]=11565
r[114]=-27214
r[115]=19827
r[116]=-9500
r[117]=25073
r[118]=-26753
r[119]=21443
r[120]=17510
r[121]=8895
r[122]=-25916
r[123]=18487
r[124]=-7346
r[125]=26471
r[126]=-24097
r[127]=20423
r[128]=21032
r[129]=4918
r[130]=-28053
r[131]=21286
r[132]=-11204
r[133]=24128
r[134]=-29520
r[135]=23666
r[136]=20606
r[137]=7202
r[138]=-24625
r[139]=20236
r[140]=-8592
r[141]=24476
r[142]=32616
r[143]=24274
r[144]=18554
r[145]=9897
r[146]=-22261
r[147]=20974
r[148]=-9734
r[149]=23287
r[150]=-31162
r[151]=21452
r[152]=21460
r[153]=6859
r[154]=-24065
r[155]=21044
r[156]=-8174
r[157]=24337
r[158]=-29726
r[159]=22400
r[160]=19496
r[161]=9745
r[162]=-26575
r[163]=20899
r[164]=-10406
r[165]=19647
r[166]=-26266
r[167]=25556
r[168]=9141
r[169]=29171
r[170]=24137
r[171]=-10548
r[172]=15548
r[173]=10888
r[174]=-22838
r[175]=-9066
r[176]=20682
r[177]=10845
r[178]=-29287
r[179]=23699
r[180]=-7666
r[181]=22175
r[182]=-29062
r[183]=24340
r[184]=8135
r[185]=29559
r[186]=24817
r[187]=-10658
r[188]=13880
r[189]=9332
r[190]=-20952
r[191]=-11684
r[192]=18316
r[193]=6443
r[194]=-27249
r[195]=17892
r[196]=-9177
r[197]=22290
r[198]=-25530
r[199]=23185
r[200]=4720
r[201]=31422
r[202]=23429
r[203]=-7793
r[204]=17174
r[205]=9973
r[206]=-25967
r[207]=-7356
r[208]=15594
r[209]=8245
r[210]=-24631
r[211]=16436
r[212]=-7857
r[213]=21666
r[214]=-27326
r[215]=26071
r[216]=6794
r[217]=32116
r[218]=21781
r[219]=-8885
r[220]=16114
r[221]=8731
r[222]=-24833
r[223]=-7078
r[224]=20641
r[225]=7162
r[226]=-26419
r[227]=18818
r[228]=-9740
r[229]=22602
r[230]=-29156
r[231]=23375
r[232]=1321
r[233]=31545
r[234]=24042
r[235]=-7030
r[236]=12551
r[237]=5589
r[238]=-23970
r[239]=-10924
r[240]=18221
r[241]=5330
r[242]=-24393
r[243]=19598
r[244]=-8542
r[245]=20690
r[246]=-25788
r[247]=26009
r[248]=4329
r[249]=32609
r[250]=26216
r[251]=-10984
r[252]=15545
r[253]=7955
r[254]=-21902
r[255]=-9646
j 160 t 134j 161 t 133j 162 t 104j 163 t -525j 164 t -991j 165 t -670j 166 t -900j 167 t 43k 28 zeta 608 len 8 start 176
r[0]=13314
r[1]=8653
r[2]=-28342
r[3]=17546
r[4]=-5841
r[5]=27196
r[6]=-28016
r[7]=21213
r[8]=14682
r[9]=7887
r[10]=-25830
r[11]=16226
r[12]=-8629
r[13]=26164
r[14]=-27616
r[15]=18767
r[16]=14941
r[17]=9962
r[18]=-28376
r[19]=15597
r[20]=-6029
r[21]=24576
r[22]=-27066
r[23]=21195
r[24]=17287
r[25]=7674
r[26]=-30628
r[27]=14763
r[28]=-6189
r[29]=26216
r[30]=-26186
r[31]=18849
r[32]=17172
r[33]=9548
r[34]=-28146
r[35]=14504
r[36]=-10183
r[37]=24414
r[38]=-26131
r[39]=19698
r[40]=20246
r[41]=9100
r[42]=-27492
r[43]=16598
r[44]=-7325
r[45]=26020
r[46]=-26983
r[47]=20782
r[48]=14648
r[49]=8823
r[50]=-27090
r[51]=15528
r[52]=-6770
r[53]=23491
r[54]=-26983
r[55]=21497
r[56]=16574
r[57]=10049
r[58]=-30616
r[59]=18334
r[60]=-9154
r[61]=21195
r[62]=-24147
r[63]=24823
r[64]=16652
r[65]=18005
r[66]=-27418
r[67]=17228
r[68]=-12851
r[69]=25971
r[70]=-27573
r[71]=20028
r[72]=14756
r[73]=14245
r[74]=-24582
r[75]=15370
r[76]=-13695
r[77]=24261
r[78]=-29611
r[79]=20694
r[80]=16400
r[81]=11443
r[82]=-26372
r[83]=16490
r[84]=-12846
r[85]=28851
r[86]=-28894
r[87]=22107
r[88]=17984
r[89]=12635
r[90]=-25760
r[91]=16660
r[92]=-11368
r[93]=26297
r[94]=-26598
r[95]=19587
r[96]=15750
r[97]=11144
r[98]=-26020
r[99]=21720
r[100]=-11468
r[101]=24706
r[102]=-27139
r[103]=25619
r[104]=18570
r[105]=9012
r[106]=-22694
r[107]=20402
r[108]=-8646
r[109]=26554
r[110]=-28991
r[111]=22859
r[112]=14506
r[113]=11565
r[114]=-27214
r[115]=19827
r[116]=-9500
r[117]=25073
r[118]=-26753
r[119]=21443
r[120]=17510
r[121]=8895
r[122]=-25916
r[123]=18487
r[124]=-7346
r[125]=26471
r[126]=-24097
r[127]=20423
r[128]=21032
r[129]=4918
r[130]=-28053
r[131]=21286
r[132]=-11204
r[133]=24128
r[134]=-29520
r[135]=23666
r[136]=20606
r[137]=7202
r[138]=-24625
r[139]=20236
r[140]=-8592
r[141]=24476
r[142]=32616
r[143]=24274
r[144]=18554
r[145]=9897
r[146]=-22261
r[147]=20974
r[148]=-9734
r[149]=23287
r[150]=-31162
r[151]=21452
r[152]=21460
r[153]=6859
r[154]=-24065
r[155]=21044
r[156]=-8174
r[157]=24337
r[158]=-29726
r[159]=22400
r[160]=19630
r[161]=9878
r[162]=-26471
r[163]=20374
r[164]=-11397
r[165]=18977
r[166]=-27166
r[167]=25599
r[168]=19362
r[169]=9612
r[170]=-26679
r[171]=21424
r[172]=-9415
r[173]=20317
r[174]=-25366
r[175]=25513
r[176]=20682
r[177]=10845
r[178]=-29287
r[179]=23699
r[180]=-7666
r[181]=22175
r[182]=-29062
r[183]=24340
r[184]=8135
r[185]=29559
r[186]=24817
r[187]=-10658
r[188]=13880
r[189]=9332
r[190]=-20952
r[191]=-11684
r[192]=18316
r[193]=6443
r[194]=-27249
r[195]=17892
r[196]=-9177
r[197]=22290
r[198]=-25530
r[199]=23185
r[200]=4720
r[201]=31422
r[202]=23429
r[203]=-7793
r[204]=17174
r[205]=9973
r[206]=-25967
r[207]=-7356
r[208]=15594
r[209]=8245
r[210]=-24631
r[211]=16436
r[212]=-7857
r[213]=21666
r[214]=-27326
r[215]=26071
r[216]=6794
r[217]=32116
r[218]=21781
r[219]=-8885
r[220]=16114
r[221]=8731
r[222]=-24833
r[223]=-7078
r[224]=20641
r[225]=7162
r[226]=-26419
r[227]=18818
r[228]=-9740
r[229]=22602
r[230]=-29156
r[231]=23375
r[232]=1321
r[233]=31545
r[234]=24042
r[235]=-7030
r[236]=12551
r[237]=5589
r[238]=-23970
r[239]=-10924
r[240]=18221
r[241]=5330
r[242]=-24393
r[243]=19598
r[244]=-8542
r[245]=20690
r[246]=-25788
r[247]=26009
r[248]=4329
r[249]=32609
r[250]=26216
r[251]=-10984
r[252]=15545
r[253]=7955
r[254]=-21902
r[255]=-9646
j 176 t -1077j 177 t -72j 178 t -971j 179 t 327j 180 t 896j 181 t -167j 182 t 1067j 183 t -453k 29 zeta -1542 len 8 start 192
r[0]=13314
r[1]=8653
r[2]=-28342
r[3]=17546
r[4]=-5841
r[5]=27196
r[6]=-28016
r[7]=21213
r[8]=14682
r[9]=7887
r[10]=-25830
r[11]=16226
r[12]=-8629
r[13]=26164
r[14]=-27616
r[15]=18767
r[16]=14941
r[17]=9962
r[18]=-28376
r[19]=15597
r[20]=-6029
r[21]=24576
r[22]=-27066
r[23]=21195
r[24]=17287
r[25]=7674
r[26]=-30628
r[27]=14763
r[28]=-6189
r[29]=26216
r[30]=-26186
r[31]=18849
r[32]=17172
r[33]=9548
r[34]=-28146
r[35]=14504
r[36]=-10183
r[37]=24414
r[38]=-26131
r[39]=19698
r[40]=20246
r[41]=9100
r[42]=-27492
r[43]=16598
r[44]=-7325
r[45]=26020
r[46]=-26983
r[47]=20782
r[48]=14648
r[49]=8823
r[50]=-27090
r[51]=15528
r[52]=-6770
r[53]=23491
r[54]=-26983
r[55]=21497
r[56]=16574
r[57]=10049
r[58]=-30616
r[59]=18334
r[60]=-9154
r[61]=21195
r[62]=-24147
r[63]=24823
r[64]=16652
r[65]=18005
r[66]=-27418
r[67]=17228
r[68]=-12851
r[69]=25971
r[70]=-27573
r[71]=20028
r[72]=14756
r[73]=14245
r[74]=-24582
r[75]=15370
r[76]=-13695
r[77]=24261
r[78]=-29611
r[79]=20694
r[80]=16400
r[81]=11443
r[82]=-26372
r[83]=16490
r[84]=-12846
r[85]=28851
r[86]=-28894
r[87]=22107
r[88]=17984
r[89]=12635
r[90]=-25760
r[91]=16660
r[92]=-11368
r[93]=26297
r[94]=-26598
r[95]=19587
r[96]=15750
r[97]=11144
r[98]=-26020
r[99]=21720
r[100]=-11468
r[101]=24706
r[102]=-27139
r[103]=25619
r[104]=18570
r[105]=9012
r[106]=-22694
r[107]=20402
r[108]=-8646
r[109]=26554
r[110]=-28991
r[111]=22859
r[112]=14506
r[113]=11565
r[114]=-27214
r[115]=19827
r[116]=-9500
r[117]=25073
r[118]=-26753
r[119]=21443
r[120]=17510
r[121]=8895
r[122]=-25916
r[123]=18487
r[124]=-7346
r[125]=26471
r[126]=-24097
r[127]=20423
r[128]=21032
r[129]=4918
r[130]=-28053
r[131]=21286
r[132]=-11204
r[133]=24128
r[134]=-29520
r[135]=23666
r[136]=20606
r[137]=7202
r[138]=-24625
r[139]=20236
r[140]=-8592
r[141]=24476
r[142]=32616
r[143]=24274
r[144]=18554
r[145]=9897
r[146]=-22261
r[147]=20974
r[148]=-9734
r[149]=23287
r[150]=-31162
r[151]=21452
r[152]=21460
r[153]=6859
r[154]=-24065
r[155]=21044
r[156]=-8174
r[157]=24337
r[158]=-29726
r[159]=22400
r[160]=19630
r[161]=9878
r[162]=-26471
r[163]=20374
r[164]=-11397
r[165]=18977
r[166]=-27166
r[167]=25599
r[168]=19362
r[169]=9612
r[170]=-26679
r[171]=21424
r[172]=-9415
r[173]=20317
r[174]=-25366
r[175]=25513
r[176]=19605
r[177]=10773
r[178]=-30258
r[179]=24026
r[180]=-6770
r[181]=22008
r[182]=-27995
r[183]=23887
r[184]=21759
r[185]=10917
r[186]=-28316
r[187]=23372
r[188]=-8562
r[189]=22342
r[190]=-30129
r[191]=24793
r[192]=18316
r[193]=6443
r[194]=-27249
r[195]=17892
r[196]=-9177
r[197]=22290
r[198]=-25530
r[199]=23185
r[200]=4720
r[201]=31422
r[202]=23429
r[203]=-7793
r[204]=17174
r[205]=9973
r[206]=-25967
r[207]=-7356
r[208]=15594
r[209]=8245
r[210]=-24631
r[211]=16436
r[212]=-7857
r[213]=21666
r[214]=-27326
r[215]=26071
r[216]=6794
r[217]=32116
r[218]=21781
r[219]=-8885
r[220]=16114
r[221]=8731
r[222]=-24833
r[223]=-7078
r[224]=20641
r[225]=7162
r[226]=-26419
r[227]=18818
r[228]=-9740
r[229]=22602
r[230]=-29156
r[231]=23375
r[232]=1321
r[233]=31545
r[234]=24042
r[235]=-7030
r[236]=12551
r[237]=5589
r[238]=-23970
r[239]=-10924
r[240]=18221
r[241]=5330
r[242]=-24393
r[243]=19598
r[244]=-8542
r[245]=20690
r[246]=-25788
r[247]=26009
r[248]=4329
r[249]=32609
r[250]=26216
r[251]=-10984
r[252]=15545
r[253]=7955
r[254]=-21902
r[255]=-9646
j 192 t -337j 193 t 723j 194 t -1421j 195 t 409j 196 t 877j 197 t -212j 198 t 83j 199 t 844k 30 zeta 411 len 8 start 208
r[0]=13314
r[1]=8653
r[2]=-28342
r[3]=17546
r[4]=-5841
r[5]=27196
r[6]=-28016
r[7]=21213
r[8]=14682
r[9]=7887
r[10]=-25830
r[11]=16226
r[12]=-8629
r[13]=26164
r[14]=-27616
r[15]=18767
r[16]=14941
r[17]=9962
r[18]=-28376
r[19]=15597
r[20]=-6029
r[21]=24576
r[22]=-27066
r[23]=21195
r[24]=17287
r[25]=7674
r[26]=-30628
r[27]=14763
r[28]=-6189
r[29]=26216
r[30]=-26186
r[31]=18849
r[32]=17172
r[33]=9548
r[34]=-28146
r[35]=14504
r[36]=-10183
r[37]=24414
r[38]=-26131
r[39]=19698
r[40]=20246
r[41]=9100
r[42]=-27492
r[43]=16598
r[44]=-7325
r[45]=26020
r[46]=-26983
r[47]=20782
r[48]=14648
r[49]=8823
r[50]=-27090
r[51]=15528
r[52]=-6770
r[53]=23491
r[54]=-26983
r[55]=21497
r[56]=16574
r[57]=10049
r[58]=-30616
r[59]=18334
r[60]=-9154
r[61]=21195
r[62]=-24147
r[63]=24823
r[64]=16652
r[65]=18005
r[66]=-27418
r[67]=17228
r[68]=-12851
r[69]=25971
r[70]=-27573
r[71]=20028
r[72]=14756
r[73]=14245
r[74]=-24582
r[75]=15370
r[76]=-13695
r[77]=24261
r[78]=-29611
r[79]=20694
r[80]=16400
r[81]=11443
r[82]=-26372
r[83]=16490
r[84]=-12846
r[85]=28851
r[86]=-28894
r[87]=22107
r[88]=17984
r[89]=12635
r[90]=-25760
r[91]=16660
r[92]=-11368
r[93]=26297
r[94]=-26598
r[95]=19587
r[96]=15750
r[97]=11144
r[98]=-26020
r[99]=21720
r[100]=-11468
r[101]=24706
r[102]=-27139
r[103]=25619
r[104]=18570
r[105]=9012
r[106]=-22694
r[107]=20402
r[108]=-8646
r[109]=26554
r[110]=-28991
r[111]=22859
r[112]=14506
r[113]=11565
r[114]=-27214
r[115]=19827
r[116]=-9500
r[117]=25073
r[118]=-26753
r[119]=21443
r[120]=17510
r[121]=8895
r[122]=-25916
r[123]=18487
r[124]=-7346
r[125]=26471
r[126]=-24097
r[127]=20423
r[128]=21032
r[129]=4918
r[130]=-28053
r[131]=21286
r[132]=-11204
r[133]=24128
r[134]=-29520
r[135]=23666
r[136]=20606
r[137]=7202
r[138]=-24625
r[139]=20236
r[140]=-8592
r[141]=24476
r[142]=32616
r[143]=24274
r[144]=18554
r[145]=9897
r[146]=-22261
r[147]=20974
r[148]=-9734
r[149]=23287
r[150]=-31162
r[151]=21452
r[152]=21460
r[153]=6859
r[154]=-24065
r[155]=21044
r[156]=-8174
r[157]=24337
r[158]=-29726
r[159]=22400
r[160]=19630
r[161]=9878
r[162]=-26471
r[163]=20374
r[164]=-11397
r[165]=18977
r[166]=-27166
r[167]=25599
r[168]=19362
r[169]=9612
r[170]=-26679
r[171]=21424
r[172]=-9415
r[173]=20317
r[174]=-25366
r[175]=25513
r[176]=19605
r[177]=10773
r[178]=-30258
r[179]=24026
r[180]=-6770
r[181]=22008
r[182]=-27995
r[183]=23887
r[184]=21759
r[185]=10917
r[186]=-28316
r[187]=23372
r[188]=-8562
r[189]=22342
r[190]=-30129
r[191]=24793
r[192]=17979
r[193]=7166
r[194]=-28670
r[195]=18301
r[196]=-8300
r[197]=22078
r[198]=-25447
r[199]=24029
r[200]=18653
r[201]=5720
r[202]=-25828
r[203]=17483
r[204]=-10054
r[205]=22502
r[206]=-25613
r[207]=22341
r[208]=15594
r[209]=8245
r[210]=-24631
r[211]=16436
r[212]=-7857
r[213]=21666
r[214]=-27326
r[215]=26071
r[216]=6794
r[217]=32116
r[218]=21781
r[219]=-8885
r[220]=16114
r[221]=8731
r[222]=-24833
r[223]=-7078
r[224]=20641
r[225]=7162
r[226]=-26419
r[227]=18818
r[228]=-9740
r[229]=22602
r[230]=-29156
r[231]=23375
r[232]=1321
r[233]=31545
r[234]=24042
r[235]=-7030
r[236]=12551
r[237]=5589
r[238]=-23970
r[239]=-10924
r[240]=18221
r[241]=5330
r[242]=-24393
r[243]=19598
r[244]=-8542
r[245]=20690
r[246]=-25788
r[247]=26009
r[248]=4329
r[249]=32609
r[250]=26216
r[251]=-10984
r[252]=15545
r[253]=7955
r[254]=-21902
r[255]=-9646
j 208 t -1278j 209 t -1011j 210 t -874j 211 t 121j 212 t -738j 213 t -730j 214 t -603j 215 t -753k 31 zeta -205 len 8 start 224
r[0]=13314
r[1]=8653
r[2]=-28342
r[3]=17546
r[4]=-5841
r[5]=27196
r[6]=-28016
r[7]=21213
r[8]=14682
r[9]=7887
r[10]=-25830
r[11]=16226
r[12]=-8629
r[13]=26164
r[14]=-27616
r[15]=18767
r[16]=14941
r[17]=9962
r[18]=-28376
r[19]=15597
r[20]=-6029
r[21]=24576
r[22]=-27066
r[23]=21195
r[24]=17287
r[25]=7674
r[26]=-30628
r[27]=14763
r[28]=-6189
r[29]=26216
r[30]=-26186
r[31]=18849
r[32]=17172
r[33]=9548
r[34]=-28146
r[35]=14504
r[36]=-10183
r[37]=24414
r[38]=-26131
r[39]=19698
r[40]=20246
r[41]=9100
r[42]=-27492
r[43]=16598
r[44]=-7325
r[45]=26020
r[46]=-26983
r[47]=20782
r[48]=14648
r[49]=8823
r[50]=-27090
r[51]=15528
r[52]=-6770
r[53]=23491
r[54]=-26983
r[55]=21497
r[56]=16574
r[57]=10049
r[58]=-30616
r[59]=18334
r[60]=-9154
r[61]=21195
r[62]=-24147
r[63]=24823
r[64]=16652
r[65]=18005
r[66]=-27418
r[67]=17228
r[68]=-12851
r[69]=25971
r[70]=-27573
r[71]=20028
r[72]=14756
r[73]=14245
r[74]=-24582
r[75]=15370
r[76]=-13695
r[77]=24261
r[78]=-29611
r[79]=20694
r[80]=16400
r[81]=11443
r[82]=-26372
r[83]=16490
r[84]=-12846
r[85]=28851
r[86]=-28894
r[87]=22107
r[88]=17984
r[89]=12635
r[90]=-25760
r[91]=16660
r[92]=-11368
r[93]=26297
r[94]=-26598
r[95]=19587
r[96]=15750
r[97]=11144
r[98]=-26020
r[99]=21720
r[100]=-11468
r[101]=24706
r[102]=-27139
r[103]=25619
r[104]=18570
r[105]=9012
r[106]=-22694
r[107]=20402
r[108]=-8646
r[109]=26554
r[110]=-28991
r[111]=22859
r[112]=14506
r[113]=11565
r[114]=-27214
r[115]=19827
r[116]=-9500
r[117]=25073
r[118]=-26753
r[119]=21443
r[120]=17510
r[121]=8895
r[122]=-25916
r[123]=18487
r[124]=-7346
r[125]=26471
r[126]=-24097
r[127]=20423
r[128]=21032
r[129]=4918
r[130]=-28053
r[131]=21286
r[132]=-11204
r[133]=24128
r[134]=-29520
r[135]=23666
r[136]=20606
r[137]=7202
r[138]=-24625
r[139]=20236
r[140]=-8592
r[141]=24476
r[142]=32616
r[143]=24274
r[144]=18554
r[145]=9897
r[146]=-22261
r[147]=20974
r[148]=-9734
r[149]=23287
r[150]=-31162
r[151]=21452
r[152]=21460
r[153]=6859
r[154]=-24065
r[155]=21044
r[156]=-8174
r[157]=24337
r[158]=-29726
r[159]=22400
r[160]=19630
r[161]=9878
r[162]=-26471
r[163]=20374
r[164]=-11397
r[165]=18977
r[166]=-27166
r[167]=25599
r[168]=19362
r[169]=9612
r[170]=-26679
r[171]=21424
r[172]=-9415
r[173]=20317
r[174]=-25366
r[175]=25513
r[176]=19605
r[177]=10773
r[178]=-30258
r[179]=24026
r[180]=-6770
r[181]=22008
r[182]=-27995
r[183]=23887
r[184]=21759
r[185]=10917
r[186]=-28316
r[187]=23372
r[188]=-8562
r[189]=22342
r[190]=-30129
r[191]=24793
r[192]=17979
r[193]=7166
r[194]=-28670
r[195]=18301
r[196]=-8300
r[197]=22078
r[198]=-25447
r[199]=24029
r[200]=18653
r[201]=5720
r[202]=-25828
r[203]=17483
r[204]=-10054
r[205]=22502
r[206]=-25613
r[207]=22341
r[208]=14316
r[209]=7234
r[210]=-25505
r[211]=16557
r[212]=-8595
r[213]=20936
r[214]=-27929
r[215]=25318
r[216]=16872
r[217]=9256
r[218]=-23757
r[219]=16315
r[220]=-7119
r[221]=22396
r[222]=-26723
r[223]=26824
r[224]=20641
r[225]=7162
r[226]=-26419
r[227]=18818
r[228]=-9740
r[229]=22602
r[230]=-29156
r[231]=23375
r[232]=1321
r[233]=31545
r[234]=24042
r[235]=-7030
r[236]=12551
r[237]=5589
r[238]=-23970
r[239]=-10924
r[240]=18221
r[241]=5330
r[242]=-24393
r[243]=19598
r[244]=-8542
r[245]=20690
r[246]=-25788
r[247]=26009
r[248]=4329
r[249]=32609
r[250]=26216
r[251]=-10984
r[252]=15545
r[253]=7955
r[254]=-21902
r[255]=-9646
j 224 t 1047j 225 t 885j 226 t 684j 227 t 1381j 228 t 1256j 229 t 380j 230 t 1626j 231 t 1286k 32 zeta -1571 len 8 start 240
r[0]=13314
r[1]=8653
r[2]=-28342
r[3]=17546
r[4]=-5841
r[5]=27196
r[6]=-28016
r[7]=21213
r[8]=14682
r[9]=7887
r[10]=-25830
r[11]=16226
r[12]=-8629
r[13]=26164
r[14]=-27616
r[15]=18767
r[16]=14941
r[17]=9962
r[18]=-28376
r[19]=15597
r[20]=-6029
r[21]=24576
r[22]=-27066
r[23]=21195
r[24]=17287
r[25]=7674
r[26]=-30628
r[27]=14763
r[28]=-6189
r[29]=26216
r[30]=-26186
r[31]=18849
r[32]=17172
r[33]=9548
r[34]=-28146
r[35]=14504
r[36]=-10183
r[37]=24414
r[38]=-26131
r[39]=19698
r[40]=20246
r[41]=9100
r[42]=-27492
r[43]=16598
r[44]=-7325
r[45]=26020
r[46]=-26983
r[47]=20782
r[48]=14648
r[49]=8823
r[50]=-27090
r[51]=15528
r[52]=-6770
r[53]=23491
r[54]=-26983
r[55]=21497
r[56]=16574
r[57]=10049
r[58]=-30616
r[59]=18334
r[60]=-9154
r[61]=21195
r[62]=-24147
r[63]=24823
r[64]=16652
r[65]=18005
r[66]=-27418
r[67]=17228
r[68]=-12851
r[69]=25971
r[70]=-27573
r[71]=20028
r[72]=14756
r[73]=14245
r[74]=-24582
r[75]=15370
r[76]=-13695
r[77]=24261
r[78]=-29611
r[79]=20694
r[80]=16400
r[81]=11443
r[82]=-26372
r[83]=16490
r[84]=-12846
r[85]=28851
r[86]=-28894
r[87]=22107
r[88]=17984
r[89]=12635
r[90]=-25760
r[91]=16660
r[92]=-11368
r[93]=26297
r[94]=-26598
r[95]=19587
r[96]=15750
r[97]=11144
r[98]=-26020
r[99]=21720
r[100]=-11468
r[101]=24706
r[102]=-27139
r[103]=25619
r[104]=18570
r[105]=9012
r[106]=-22694
r[107]=20402
r[108]=-8646
r[109]=26554
r[110]=-28991
r[111]=22859
r[112]=14506
r[113]=11565
r[114]=-27214
r[115]=19827
r[116]=-9500
r[117]=25073
r[118]=-26753
r[119]=21443
r[120]=17510
r[121]=8895
r[122]=-25916
r[123]=18487
r[124]=-7346
r[125]=26471
r[126]=-24097
r[127]=20423
r[128]=21032
r[129]=4918
r[130]=-28053
r[131]=21286
r[132]=-11204
r[133]=24128
r[134]=-29520
r[135]=23666
r[136]=20606
r[137]=7202
r[138]=-24625
r[139]=20236
r[140]=-8592
r[141]=24476
r[142]=32616
r[143]=24274
r[144]=18554
r[145]=9897
r[146]=-22261
r[147]=20974
r[148]=-9734
r[149]=23287
r[150]=-31162
r[151]=21452
r[152]=21460
r[153]=6859
r[154]=-24065
r[155]=21044
r[156]=-8174
r[157]=24337
r[158]=-29726
r[159]=22400
r[160]=19630
r[161]=9878
r[162]=-26471
r[163]=20374
r[164]=-11397
r[165]=18977
r[166]=-27166
r[167]=25599
r[168]=19362
r[169]=9612
r[170]=-26679
r[171]=21424
r[172]=-9415
r[173]=20317
r[174]=-25366
r[175]=25513
r[176]=19605
r[177]=10773
r[178]=-30258
r[179]=24026
r[180]=-6770
r[181]=22008
r[182]=-27995
r[183]=23887
r[184]=21759
r[185]=10917
r[186]=-28316
r[187]=23372
r[188]=-8562
r[189]=22342
r[190]=-30129
r[191]=24793
r[192]=17979
r[193]=7166
r[194]=-28670
r[195]=18301
r[196]=-8300
r[197]=22078
r[198]=-25447
r[199]=24029
r[200]=18653
r[201]=5720
r[202]=-25828
r[203]=17483
r[204]=-10054
r[205]=22502
r[206]=-25613
r[207]=22341
r[208]=14316
r[209]=7234
r[210]=-25505
r[211]=16557
r[212]=-8595
r[213]=20936
r[214]=-27929
r[215]=25318
r[216]=16872
r[217]=9256
r[218]=-23757
r[219]=16315
r[220]=-7119
r[221]=22396
r[222]=-26723
r[223]=26824
r[224]=21688
r[225]=8047
r[226]=-25735
r[227]=20199
r[228]=-8484
r[229]=22982
r[230]=-27530
r[231]=24661
r[232]=19594
r[233]=6277
r[234]=-27103
r[235]=17437
r[236]=-10996
r[237]=22222
r[238]=-30782
r[239]=22089
r[240]=18221
r[241]=5330
r[242]=-24393
r[243]=19598
r[244]=-8542
r[245]=20690
r[246]=-25788
r[247]=26009
r[248]=4329
r[249]=32609
r[250]=26216
r[251]=-10984
r[252]=15545
r[253]=7955
r[254]=-21902
r[255]=-9646
j 240 t -1263j 241 t 171j 242 t -1978j 243 t 397j 244 t -941j 245 t -443j 246 t 1716j 247 t 325k 33 zeta 1223 len 4 start 0
r[0]=13314
r[1]=8653
r[2]=-28342
r[3]=17546
r[4]=-5841
r[5]=27196
r[6]=-28016
r[7]=21213
r[8]=14682
r[9]=7887
r[10]=-25830
r[11]=16226
r[12]=-8629
r[13]=26164
r[14]=-27616
r[15]=18767
r[16]=14941
r[17]=9962
r[18]=-28376
r[19]=15597
r[20]=-6029
r[21]=24576
r[22]=-27066
r[23]=21195
r[24]=17287
r[25]=7674
r[26]=-30628
r[27]=14763
r[28]=-6189
r[29]=26216
r[30]=-26186
r[31]=18849
r[32]=17172
r[33]=9548
r[34]=-28146
r[35]=14504
r[36]=-10183
r[37]=24414
r[38]=-26131
r[39]=19698
r[40]=20246
r[41]=9100
r[42]=-27492
r[43]=16598
r[44]=-7325
r[45]=26020
r[46]=-26983
r[47]=20782
r[48]=14648
r[49]=8823
r[50]=-27090
r[51]=15528
r[52]=-6770
r[53]=23491
r[54]=-26983
r[55]=21497
r[56]=16574
r[57]=10049
r[58]=-30616
r[59]=18334
r[60]=-9154
r[61]=21195
r[62]=-24147
r[63]=24823
r[64]=16652
r[65]=18005
r[66]=-27418
r[67]=17228
r[68]=-12851
r[69]=25971
r[70]=-27573
r[71]=20028
r[72]=14756
r[73]=14245
r[74]=-24582
r[75]=15370
r[76]=-13695
r[77]=24261
r[78]=-29611
r[79]=20694
r[80]=16400
r[81]=11443
r[82]=-26372
r[83]=16490
r[84]=-12846
r[85]=28851
r[86]=-28894
r[87]=22107
r[88]=17984
r[89]=12635
r[90]=-25760
r[91]=16660
r[92]=-11368
r[93]=26297
r[94]=-26598
r[95]=19587
r[96]=15750
r[97]=11144
r[98]=-26020
r[99]=21720
r[100]=-11468
r[101]=24706
r[102]=-27139
r[103]=25619
r[104]=18570
r[105]=9012
r[106]=-22694
r[107]=20402
r[108]=-8646
r[109]=26554
r[110]=-28991
r[111]=22859
r[112]=14506
r[113]=11565
r[114]=-27214
r[115]=19827
r[116]=-9500
r[117]=25073
r[118]=-26753
r[119]=21443
r[120]=17510
r[121]=8895
r[122]=-25916
r[123]=18487
r[124]=-7346
r[125]=26471
r[126]=-24097
r[127]=20423
r[128]=21032
r[129]=4918
r[130]=-28053
r[131]=21286
r[132]=-11204
r[133]=24128
r[134]=-29520
r[135]=23666
r[136]=20606
r[137]=7202
r[138]=-24625
r[139]=20236
r[140]=-8592
r[141]=24476
r[142]=32616
r[143]=24274
r[144]=18554
r[145]=9897
r[146]=-22261
r[147]=20974
r[148]=-9734
r[149]=23287
r[150]=-31162
r[151]=21452
r[152]=21460
r[153]=6859
r[154]=-24065
r[155]=21044
r[156]=-8174
r[157]=24337
r[158]=-29726
r[159]=22400
r[160]=19630
r[161]=9878
r[162]=-26471
r[163]=20374
r[164]=-11397
r[165]=18977
r[166]=-27166
r[167]=25599
r[168]=19362
r[169]=9612
r[170]=-26679
r[171]=21424
r[172]=-9415
r[173]=20317
r[174]=-25366
r[175]=25513
r[176]=19605
r[177]=10773
r[178]=-30258
r[179]=24026
r[180]=-6770
r[181]=22008
r[182]=-27995
r[183]=23887
r[184]=21759
r[185]=10917
r[186]=-28316
r[187]=23372
r[188]=-8562
r[189]=22342
r[190]=-30129
r[191]=24793
r[192]=17979
r[193]=7166
r[194]=-28670
r[195]=18301
r[196]=-8300
r[197]=22078
r[198]=-25447
r[199]=24029
r[200]=18653
r[201]=5720
r[202]=-25828
r[203]=17483
r[204]=-10054
r[205]=22502
r[206]=-25613
r[207]=22341
r[208]=14316
r[209]=7234
r[210]=-25505
r[211]=16557
r[212]=-8595
r[213]=20936
r[214]=-27929
r[215]=25318
r[216]=16872
r[217]=9256
r[218]=-23757
r[219]=16315
r[220]=-7119
r[221]=22396
r[222]=-26723
r[223]=26824
r[224]=21688
r[225]=8047
r[226]=-25735
r[227]=20199
r[228]=-8484
r[229]=22982
r[230]=-27530
r[231]=24661
r[232]=19594
r[233]=6277
r[234]=-27103
r[235]=17437
r[236]=-10996
r[237]=22222
r[238]=-30782
r[239]=22089
r[240]=16958
r[241]=5501
r[242]=-26371
r[243]=19995
r[244]=-9483
r[245]=20247
r[246]=-24072
r[247]=26334
r[248]=19484
r[249]=5159
r[250]=-22415
r[251]=19201
r[252]=-7601
r[253]=21133
r[254]=-27504
r[255]=25684
j 0 t -246j 1 t -125j 2 t -496j 3 t 1868k 34 zeta 652 len 4 start 8
r[0]=13068
r[1]=8528
r[2]=-28838
r[3]=19414
r[4]=13560
r[5]=8778
r[6]=-27846
r[7]=15678
r[8]=14682
r[9]=7887
r[10]=-25830
r[11]=16226
r[12]=-8629
r[13]=26164
r[14]=-27616
r[15]=18767
r[16]=14941
r[17]=9962
r[18]=-28376
r[19]=15597
r[20]=-6029
r[21]=24576
r[22]=-27066
r[23]=21195
r[24]=17287
r[25]=7674
r[26]=-30628
r[27]=14763
r[28]=-6189
r[29]=26216
r[30]=-26186
r[31]=18849
r[32]=17172
r[33]=9548
r[34]=-28146
r[35]=14504
r[36]=-10183
r[37]=24414
r[38]=-26131
r[39]=19698
r[40]=20246
r[41]=9100
r[42]=-27492
r[43]=16598
r[44]=-7325
r[45]=26020
r[46]=-26983
r[47]=20782
r[48]=14648
r[49]=8823
r[50]=-27090
r[51]=15528
r[52]=-6770
r[53]=23491
r[54]=-26983
r[55]=21497
r[56]=16574
r[57]=10049
r[58]=-30616
r[59]=18334
r[60]=-9154
r[61]=21195
r[62]=-24147
r[63]=24823
r[64]=16652
r[65]=18005
r[66]=-27418
r[67]=17228
r[68]=-12851
r[69]=25971
r[70]=-27573
r[71]=20028
r[72]=14756
r[73]=14245
r[74]=-24582
r[75]=15370
r[76]=-13695
r[77]=24261
r[78]=-29611
r[79]=20694
r[80]=16400
r[81]=11443
r[82]=-26372
r[83]=16490
r[84]=-12846
r[85]=28851
r[86]=-28894
r[87]=22107
r[88]=17984
r[89]=12635
r[90]=-25760
r[91]=16660
r[92]=-11368
r[93]=26297
r[94]=-26598
r[95]=19587
r[96]=15750
r[97]=11144
r[98]=-26020
r[99]=21720
r[100]=-11468
r[101]=24706
r[102]=-27139
r[103]=25619
r[104]=18570
r[105]=9012
r[106]=-22694
r[107]=20402
r[108]=-8646
r[109]=26554
r[110]=-28991
r[111]=22859
r[112]=14506
r[113]=11565
r[114]=-27214
r[115]=19827
r[116]=-9500
r[117]=25073
r[118]=-26753
r[119]=21443
r[120]=17510
r[121]=8895
r[122]=-25916
r[123]=18487
r[124]=-7346
r[125]=26471
r[126]=-24097
r[127]=20423
r[128]=21032
r[129]=4918
r[130]=-28053
r[131]=21286
r[132]=-11204
r[133]=24128
r[134]=-29520
r[135]=23666
r[136]=20606
r[137]=7202
r[138]=-24625
r[139]=20236
r[140]=-8592
r[141]=24476
r[142]=32616
r[143]=24274
r[144]=18554
r[145]=9897
r[146]=-22261
r[147]=20974
r[148]=-9734
r[149]=23287
r[150]=-31162
r[151]=21452
r[152]=21460
r[153]=6859
r[154]=-24065
r[155]=21044
r[156]=-8174
r[157]=24337
r[158]=-29726
r[159]=22400
r[160]=19630
r[161]=9878
r[162]=-26471
r[163]=20374
r[164]=-11397
r[165]=18977
r[166]=-27166
r[167]=25599
r[168]=19362
r[169]=9612
r[170]=-26679
r[171]=21424
r[172]=-9415
r[173]=20317
r[174]=-25366
r[175]=25513
r[176]=19605
r[177]=10773
r[178]=-30258
r[179]=24026
r[180]=-6770
r[181]=22008
r[182]=-27995
r[183]=23887
r[184]=21759
r[185]=10917
r[186]=-28316
r[187]=23372
r[188]=-8562
r[189]=22342
r[190]=-30129
r[191]=24793
r[192]=17979
r[193]=7166
r[194]=-28670
r[195]=18301
r[196]=-8300
r[197]=22078
r[198]=-25447
r[199]=24029
r[200]=18653
r[201]=5720
r[202]=-25828
r[203]=17483
r[204]=-10054
r[205]=22502
r[206]=-25613
r[207]=22341
r[208]=14316
r[209]=7234
r[210]=-25505
r[211]=16557
r[212]=-8595
r[213]=20936
r[214]=-27929
r[215]=25318
r[216]=16872
r[217]=9256
r[218]=-23757
r[219]=16315
r[220]=-7119
r[221]=22396
r[222]=-26723
r[223]=26824
r[224]=21688
r[225]=8047
r[226]=-25735
r[227]=20199
r[228]=-8484
r[229]=22982
r[230]=-27530
r[231]=24661
r[232]=19594
r[233]=6277
r[234]=-27103
r[235]=17437
r[236]=-10996
r[237]=22222
r[238]=-30782
r[239]=22089
r[240]=16958
r[241]=5501
r[242]=-26371
r[243]=19995
r[244]=-9483
r[245]=20247
r[246]=-24072
r[247]=26334
r[248]=19484
r[249]=5159
r[250]=-22415
r[251]=19201
r[252]=-7601
r[253]=21133
r[254]=-27504
r[255]=25684
j 8 t 83j 9 t 1555j 10 t 538j 11 t -37k 35 zeta -552 len 4 start 16
r[0]=13068
r[1]=8528
r[2]=-28838
r[3]=19414
r[4]=13560
r[5]=8778
r[6]=-27846
r[7]=15678
r[8]=14765
r[9]=9442
r[10]=-25292
r[11]=16189
r[12]=14599
r[13]=6332
r[14]=-26368
r[15]=16263
r[16]=14941
r[17]=9962
r[18]=-28376
r[19]=15597
r[20]=-6029
r[21]=24576
r[22]=-27066
r[23]=21195
r[24]=17287
r[25]=7674
r[26]=-30628
r[27]=14763
r[28]=-6189
r[29]=26216
r[30]=-26186
r[31]=18849
r[32]=17172
r[33]=9548
r[34]=-28146
r[35]=14504
r[36]=-10183
r[37]=24414
r[38]=-26131
r[39]=19698
r[40]=20246
r[41]=9100
r[42]=-27492
r[43]=16598
r[44]=-7325
r[45]=26020
r[46]=-26983
r[47]=20782
r[48]=14648
r[49]=8823
r[50]=-27090
r[51]=15528
r[52]=-6770
r[53]=23491
r[54]=-26983
r[55]=21497
r[56]=16574
r[57]=10049
r[58]=-30616
r[59]=18334
r[60]=-9154
r[61]=21195
r[62]=-24147
r[63]=24823
r[64]=16652
r[65]=18005
r[66]=-27418
r[67]=17228
r[68]=-12851
r[69]=25971
r[70]=-27573
r[71]=20028
r[72]=14756
r[73]=14245
r[74]=-24582
r[75]=15370
r[76]=-13695
r[77]=24261
r[78]=-29611
r[79]=20694
r[80]=16400
r[81]=11443
r[82]=-26372
r[83]=16490
r[84]=-12846
r[85]=28851
r[86]=-28894
r[87]=22107
r[88]=17984
r[89]=12635
r[90]=-25760
r[91]=16660
r[92]=-11368
r[93]=26297
r[94]=-26598
r[95]=19587
r[96]=15750
r[97]=11144
r[98]=-26020
r[99]=21720
r[100]=-11468
r[101]=24706
r[102]=-27139
r[103]=25619
r[104]=18570
r[105]=9012
r[106]=-22694
r[107]=20402
r[108]=-8646
r[109]=26554
r[110]=-28991
r[111]=22859
r[112]=14506
r[113]=11565
r[114]=-27214
r[115]=19827
r[116]=-9500
r[117]=25073
r[118]=-26753
r[119]=21443
r[120]=17510
r[121]=8895
r[122]=-25916
r[123]=18487
r[124]=-7346
r[125]=26471
r[126]=-24097
r[127]=20423
r[128]=21032
r[129]=4918
r[130]=-28053
r[131]=21286
r[132]=-11204
r[133]=24128
r[134]=-29520
r[135]=23666
r[136]=20606
r[137]=7202
r[138]=-24625
r[139]=20236
r[140]=-8592
r[141]=24476
r[142]=32616
r[143]=24274
r[144]=18554
r[145]=9897
r[146]=-22261
r[147]=20974
r[148]=-9734
r[149]=23287
r[150]=-31162
r[151]=21452
r[152]=21460
r[153]=6859
r[154]=-24065
r[155]=21044
r[156]=-8174
r[157]=24337
r[158]=-29726
r[159]=22400
r[160]=19630
r[161]=9878
r[162]=-26471
r[163]=20374
r[164]=-11397
r[165]=18977
r[166]=-27166
r[167]=25599
r[168]=19362
r[169]=9612
r[170]=-26679
r[171]=21424
r[172]=-9415
r[173]=20317
r[174]=-25366
r[175]=25513
r[176]=19605
r[177]=10773
r[178]=-30258
r[179]=24026
r[180]=-6770
r[181]=22008
r[182]=-27995
r[183]=23887
r[184]=21759
r[185]=10917
r[186]=-28316
r[187]=23372
r[188]=-8562
r[189]=22342
r[190]=-30129
r[191]=24793
r[192]=17979
r[193]=7166
r[194]=-28670
r[195]=18301
r[196]=-8300
r[197]=22078
r[198]=-25447
r[199]=24029
r[200]=18653
r[201]=5720
r[202]=-25828
r[203]=17483
r[204]=-10054
r[205]=22502
r[206]=-25613
r[207]=22341
r[208]=14316
r[209]=7234
r[210]=-25505
r[211]=16557
r[212]=-8595
r[213]=20936
r[214]=-27929
r[215]=25318
r[216]=16872
r[217]=9256
r[218]=-23757
r[219]=16315
r[220]=-7119
r[221]=22396
r[222]=-26723
r[223]=26824
r[224]=21688
r[225]=8047
r[226]=-25735
r[227]=20199
r[228]=-8484
r[229]=22982
r[230]=-27530
r[231]=24661
r[232]=19594
r[233]=6277
r[234]=-27103
r[235]=17437
r[236]=-10996
r[237]=22222
r[238]=-30782
r[239]=22089
r[240]=16958
r[241]=5501
r[242]=-26371
r[243]=19995
r[244]=-9483
r[245]=20247
r[246]=-24072
r[247]=26334
r[248]=19484
r[249]=5159
r[250]=-22415
r[251]=19201
r[252]=-7601
r[253]=21133
r[254]=-27504
r[255]=25684
j 16 t -1198j 17 t -207j 18 t -306j 19 t 416k 36 zeta 1015 len 4 start 24
r[0]=13068
r[1]=8528
r[2]=-28838
r[3]=19414
r[4]=13560
r[5]=8778
r[6]=-27846
r[7]=15678
r[8]=14765
r[9]=9442
r[10]=-25292
r[11]=16189
r[12]=14599
r[13]=6332
r[14]=-26368
r[15]=16263
r[16]=13743
r[17]=9755
r[18]=-28682
r[19]=16013
r[20]=16139
r[21]=10169
r[22]=-28070
r[23]=15181
r[24]=17287
r[25]=7674
r[26]=-30628
r[27]=14763
r[28]=-6189
r[29]=26216
r[30]=-26186
r[31]=18849
r[32]=17172
r[33]=9548
r[34]=-28146
r[35]=14504
r[36]=-10183
r[37]=24414
r[38]=-26131
r[39]=19698
r[40]=20246
r[41]=9100
r[42]=-27492
r[43]=16598
r[44]=-7325
r[45]=26020
r[46]=-26983
r[47]=20782
r[48]=14648
r[49]=8823
r[50]=-27090
r[51]=15528
r[52]=-6770
r[53]=23491
r[54]=-26983
r[55]=21497
r[56]=16574
r[57]=10049
r[58]=-30616
r[59]=18334
r[60]=-9154
r[61]=21195
r[62]=-24147
r[63]=24823
r[64]=16652
r[65]=18005
r[66]=-27418
r[67]=17228
r[68]=-12851
r[69]=25971
r[70]=-27573
r[71]=20028
r[72]=14756
r[73]=14245
r[74]=-24582
r[75]=15370
r[76]=-13695
r[77]=24261
r[78]=-29611
r[79]=20694
r[80]=16400
r[81]=11443
r[82]=-26372
r[83]=16490
r[84]=-12846
r[85]=28851
r[86]=-28894
r[87]=22107
r[88]=17984
r[89]=12635
r[90]=-25760
r[91]=16660
r[92]=-11368
r[93]=26297
r[94]=-26598
r[95]=19587
r[96]=15750
r[97]=11144
r[98]=-26020
r[99]=21720
r[100]=-11468
r[101]=24706
r[102]=-27139
r[103]=25619
r[104]=18570
r[105]=9012
r[106]=-22694
r[107]=20402
r[108]=-8646
r[109]=26554
r[110]=-28991
r[111]=22859
r[112]=14506
r[113]=11565
r[114]=-27214
r[115]=19827
r[116]=-9500
r[117]=25073
r[118]=-26753
r[119]=21443
r[120]=17510
r[121]=8895
r[122]=-25916
r[123]=18487
r[124]=-7346
r[125]=26471
r[126]=-24097
r[127]=20423
r[128]=21032
r[129]=4918
r[130]=-28053
r[131]=21286
r[132]=-11204
r[133]=24128
r[134]=-29520
r[135]=23666
r[136]=20606
r[137]=7202
r[138]=-24625
r[139]=20236
r[140]=-8592
r[141]=24476
r[142]=32616
r[143]=24274
r[144]=18554
r[145]=9897
r[146]=-22261
r[147]=20974
r[148]=-9734
r[149]=23287
r[150]=-31162
r[151]=21452
r[152]=21460
r[153]=6859
r[154]=-24065
r[155]=21044
r[156]=-8174
r[157]=24337
r[158]=-29726
r[159]=22400
r[160]=19630
r[161]=9878
r[162]=-26471
r[163]=20374
r[164]=-11397
r[165]=18977
r[166]=-27166
r[167]=25599
r[168]=19362
r[169]=9612
r[170]=-26679
r[171]=21424
r[172]=-9415
r[173]=20317
r[174]=-25366
r[175]=25513
r[176]=19605
r[177]=10773
r[178]=-30258
r[179]=24026
r[180]=-6770
r[181]=22008
r[182]=-27995
r[183]=23887
r[184]=21759
r[185]=10917
r[186]=-28316
r[187]=23372
r[188]=-8562
r[189]=22342
r[190]=-30129
r[191]=24793
r[192]=17979
r[193]=7166
r[194]=-28670
r[195]=18301
r[196]=-8300
r[197]=22078
r[198]=-25447
r[199]=24029
r[200]=18653
r[201]=5720
r[202]=-25828
r[203]=17483
r[204]=-10054
r[205]=22502
r[206]=-25613
r[207]=22341
r[208]=14316
r[209]=7234
r[210]=-25505
r[211]=16557
r[212]=-8595
r[213]=20936
r[214]=-27929
r[215]=25318
r[216]=16872
r[217]=9256
r[218]=-23757
r[219]=16315
r[220]=-7119
r[221]=22396
r[222]=-26723
r[223]=26824
r[224]=21688
r[225]=8047
r[226]=-25735
r[227]=20199
r[228]=-8484
r[229]=22982
r[230]=-27530
r[231]=24661
r[232]=19594
r[233]=6277
r[234]=-27103
r[235]=17437
r[236]=-10996
r[237]=22222
r[238]=-30782
r[239]=22089
r[240]=16958
r[241]=5501
r[242]=-26371
r[243]=19995
r[244]=-9483
r[245]=20247
r[246]=-24072
r[247]=26334
r[248]=19484
r[249]=5159
r[250]=-22415
r[251]=19201
r[252]=-7601
r[253]=21133
r[254]=-27504
r[255]=25684
j 24 t 1301j 25 t 1884j 26 t 861j 27 t 1926k 37 zeta -1293 len 4 start 32
r[0]=13068
r[1]=8528
r[2]=-28838
r[3]=19414
r[4]=13560
r[5]=8778
r[6]=-27846
r[7]=15678
r[8]=14765
r[9]=9442
r[10]=-25292
r[11]=16189
r[12]=14599
r[13]=6332
r[14]=-26368
r[15]=16263
r[16]=13743
r[17]=9755
r[18]=-28682
r[19]=16013
r[20]=16139
r[21]=10169
r[22]=-28070
r[23]=15181
r[24]=18588
r[25]=9558
r[26]=-29767
r[27]=16689
r[28]=15986
r[29]=5790
r[30]=-31489
r[31]=12837
r[32]=17172
r[33]=9548
r[34]=-28146
r[35]=14504
r[36]=-10183
r[37]=24414
r[38]=-26131
r[39]=19698
r[40]=20246
r[41]=9100
r[42]=-27492
r[43]=16598
r[44]=-7325
r[45]=26020
r[46]=-26983
r[47]=20782
r[48]=14648
r[49]=8823
r[50]=-27090
r[51]=15528
r[52]=-6770
r[53]=23491
r[54]=-26983
r[55]=21497
r[56]=16574
r[57]=10049
r[58]=-30616
r[59]=18334
r[60]=-9154
r[61]=21195
r[62]=-24147
r[63]=24823
r[64]=16652
r[65]=18005
r[66]=-27418
r[67]=17228
r[68]=-12851
r[69]=25971
r[70]=-27573
r[71]=20028
r[72]=14756
r[73]=14245
r[74]=-24582
r[75]=15370
r[76]=-13695
r[77]=24261
r[78]=-29611
r[79]=20694
r[80]=16400
r[81]=11443
r[82]=-26372
r[83]=16490
r[84]=-12846
r[85]=28851
r[86]=-28894
r[87]=22107
r[88]=17984
r[89]=12635
r[90]=-25760
r[91]=16660
r[92]=-11368
r[93]=26297
r[94]=-26598
r[95]=19587
r[96]=15750
r[97]=11144
r[98]=-26020
r[99]=21720
r[100]=-11468
r[101]=24706
r[102]=-27139
r[103]=25619
r[104]=18570
r[105]=9012
r[106]=-22694
r[107]=20402
r[108]=-8646
r[109]=26554
r[110]=-28991
r[111]=22859
r[112]=14506
r[113]=11565
r[114]=-27214
r[115]=19827
r[116]=-9500
r[117]=25073
r[118]=-26753
r[119]=21443
r[120]=17510
r[121]=8895
r[122]=-25916
r[123]=18487
r[124]=-7346
r[125]=26471
r[126]=-24097
r[127]=20423
r[128]=21032
r[129]=4918
r[130]=-28053
r[131]=21286
r[132]=-11204
r[133]=24128
r[134]=-29520
r[135]=23666
r[136]=20606
r[137]=7202
r[138]=-24625
r[139]=20236
r[140]=-8592
r[141]=24476
r[142]=32616
r[143]=24274
r[144]=18554
r[145]=9897
r[146]=-22261
r[147]=20974
r[148]=-9734
r[149]=23287
r[150]=-31162
r[151]=21452
r[152]=21460
r[153]=6859
r[154]=-24065
r[155]=21044
r[156]=-8174
r[157]=24337
r[158]=-29726
r[159]=22400
r[160]=19630
r[161]=9878
r[162]=-26471
r[163]=20374
r[164]=-11397
r[165]=18977
r[166]=-27166
r[167]=25599
r[168]=19362
r[169]=9612
r[170]=-26679
r[171]=21424
r[172]=-9415
r[173]=20317
r[174]=-25366
r[175]=25513
r[176]=19605
r[177]=10773
r[178]=-30258
r[179]=24026
r[180]=-6770
r[181]=22008
r[182]=-27995
r[183]=23887
r[184]=21759
r[185]=10917
r[186]=-28316
r[187]=23372
r[188]=-8562
r[189]=22342
r[190]=-30129
r[191]=24793
r[192]=17979
r[193]=7166
r[194]=-28670
r[195]=18301
r[196]=-8300
r[197]=22078
r[198]=-25447
r[199]=24029
r[200]=18653
r[201]=5720
r[202]=-25828
r[203]=17483
r[204]=-10054
r[205]=22502
r[206]=-25613
r[207]=22341
r[208]=14316
r[209]=7234
r[210]=-25505
r[211]=16557
r[212]=-8595
r[213]=20936
r[214]=-27929
r[215]=25318
r[216]=16872
r[217]=9256
r[218]=-23757
r[219]=16315
r[220]=-7119
r[221]=22396
r[222]=-26723
r[223]=26824
r[224]=21688
r[225]=8047
r[226]=-25735
r[227]=20199
r[228]=-8484
r[229]=22982
r[230]=-27530
r[231]=24661
r[232]=19594
r[233]=6277
r[234]=-27103
r[235]=17437
r[236]=-10996
r[237]=22222
r[238]=-30782
r[239]=22089
r[240]=16958
r[241]=5501
r[242]=-26371
r[243]=19995
r[244]=-9483
r[245]=20247
r[246]=-24072
r[247]=26334
r[248]=19484
r[249]=5159
r[250]=-22415
r[251]=19201
r[252]=-7601
r[253]=21133
r[254]=-27504
r[255]=25684
j 32 t 1747j 33 t -1733j 34 t 477j 35 t -801k 38 zeta 1491 len 4 start 40
r[0]=13068
r[1]=8528
r[2]=-28838
r[3]=19414
r[4]=13560
r[5]=8778
r[6]=-27846
r[7]=15678
r[8]=14765
r[9]=9442
r[10]=-25292
r[11]=16189
r[12]=14599
r[13]=6332
r[14]=-26368
r[15]=16263
r[16]=13743
r[17]=9755
r[18]=-28682
r[19]=16013
r[20]=16139
r[21]=10169
r[22]=-28070
r[23]=15181
r[24]=18588
r[25]=9558
r[26]=-29767
r[27]=16689
r[28]=15986
r[29]=5790
r[30]=-31489
r[31]=12837
r[32]=18919
r[33]=7815
r[34]=-27669
r[35]=13703
r[36]=15425
r[37]=11281
r[38]=-28623
r[39]=15305
r[40]=20246
r[41]=9100
r[42]=-27492
r[43]=16598
r[44]=-7325
r[45]=26020
r[46]=-26983
r[47]=20782
r[48]=14648
r[49]=8823
r[50]=-27090
r[51]=15528
r[52]=-6770
r[53]=23491
r[54]=-26983
r[55]=21497
r[56]=16574
r[57]=10049
r[58]=-30616
r[59]=18334
r[60]=-9154
r[61]=21195
r[62]=-24147
r[63]=24823
r[64]=16652
r[65]=18005
r[66]=-27418
r[67]=17228
r[68]=-12851
r[69]=25971
r[70]=-27573
r[71]=20028
r[72]=14756
r[73]=14245
r[74]=-24582
r[75]=15370
r[76]=-13695
r[77]=24261
r[78]=-29611
r[79]=20694
r[80]=16400
r[81]=11443
r[82]=-26372
r[83]=16490
r[84]=-12846
r[85]=28851
r[86]=-28894
r[87]=22107
r[88]=17984
r[89]=12635
r[90]=-25760
r[91]=16660
r[92]=-11368
r[93]=26297
r[94]=-26598
r[95]=19587
r[96]=15750
r[97]=11144
r[98]=-26020
r[99]=21720
r[100]=-11468
r[101]=24706
r[102]=-27139
r[103]=25619
r[104]=18570
r[105]=9012
r[106]=-22694
r[107]=20402
r[108]=-8646
r[109]=26554
r[110]=-28991
r[111]=22859
r[112]=14506
r[113]=11565
r[114]=-27214
r[115]=19827
r[116]=-9500
r[117]=25073
r[118]=-26753
r[119]=21443
r[120]=17510
r[121]=8895
r[122]=-25916
r[123]=18487
r[124]=-7346
r[125]=26471
r[126]=-24097
r[127]=20423
r[128]=21032
r[129]=4918
r[130]=-28053
r[131]=21286
r[132]=-11204
r[133]=24128
r[134]=-29520
r[135]=23666
r[136]=20606
r[137]=7202
r[138]=-24625
r[139]=20236
r[140]=-8592
r[141]=24476
r[142]=32616
r[143]=24274
r[144]=18554
r[145]=9897
r[146]=-22261
r[147]=20974
r[148]=-9734
r[149]=23287
r[150]=-31162
r[151]=21452
r[152]=21460
r[153]=6859
r[154]=-24065
r[155]=21044
r[156]=-8174
r[157]=24337
r[158]=-29726
r[159]=22400
r[160]=19630
r[161]=9878
r[162]=-26471
r[163]=20374
r[164]=-11397
r[165]=18977
r[166]=-27166
r[167]=25599
r[168]=19362
r[169]=9612
r[170]=-26679
r[171]=21424
r[172]=-9415
r[173]=20317
r[174]=-25366
r[175]=25513
r[176]=19605
r[177]=10773
r[178]=-30258
r[179]=24026
r[180]=-6770
r[181]=22008
r[182]=-27995
r[183]=23887
r[184]=21759
r[185]=10917
r[186]=-28316
r[187]=23372
r[188]=-8562
r[189]=22342
r[190]=-30129
r[191]=24793
r[192]=17979
r[193]=7166
r[194]=-28670
r[195]=18301
r[196]=-8300
r[197]=22078
r[198]=-25447
r[199]=24029
r[200]=18653
r[201]=5720
r[202]=-25828
r[203]=17483
r[204]=-10054
r[205]=22502
r[206]=-25613
r[207]=22341
r[208]=14316
r[209]=7234
r[210]=-25505
r[211]=16557
r[212]=-8595
r[213]=20936
r[214]=-27929
r[215]=25318
r[216]=16872
r[217]=9256
r[218]=-23757
r[219]=16315
r[220]=-7119
r[221]=22396
r[222]=-26723
r[223]=26824
r[224]=21688
r[225]=8047
r[226]=-25735
r[227]=20199
r[228]=-8484
r[229]=22982
r[230]=-27530
r[231]=24661
r[232]=19594
r[233]=6277
r[234]=-27103
r[235]=17437
r[236]=-10996
r[237]=22222
r[238]=-30782
r[239]=22089
r[240]=16958
r[241]=5501
r[242]=-26371
r[243]=19995
r[244]=-9483
r[245]=20247
r[246]=-24072
r[247]=26334
r[248]=19484
r[249]=5159
r[250]=-22415
r[251]=19201
r[252]=-7601
r[253]=21133
r[254]=-27504
r[255]=25684
j 40 t 1230j 41 t 1448j 42 t 243j 43 t 721k 39 zeta -282 len 4 start 48
r[0]=13068
r[1]=8528
r[2]=-28838
r[3]=19414
r[4]=13560
r[5]=8778
r[6]=-27846
r[7]=15678
r[8]=14765
r[9]=9442
r[10]=-25292
r[11]=16189
r[12]=14599
r[13]=6332
r[14]=-26368
r[15]=16263
r[16]=13743
r[17]=9755
r[18]=-28682
r[19]=16013
r[20]=16139
r[21]=10169
r[22]=-28070
r[23]=15181
r[24]=18588
r[25]=9558
r[26]=-29767
r[27]=16689
r[28]=15986
r[29]=5790
r[30]=-31489
r[31]=12837
r[32]=18919
r[33]=7815
r[34]=-27669
r[35]=13703
r[36]=15425
r[37]=11281
r[38]=-28623
r[39]=15305
r[40]=21476
r[41]=10548
r[42]=-27249
r[43]=17319
r[44]=19016
r[45]=7652
r[46]=-27735
r[47]=15877
r[48]=14648
r[49]=8823
r[50]=-27090
r[51]=15528
r[52]=-6770
r[53]=23491
r[54]=-26983
r[55]=21497
r[56]=16574
r[57]=10049
r[58]=-30616
r[59]=18334
r[60]=-9154
r[61]=21195
r[62]=-24147
r[63]=24823
r[64]=16652
r[65]=18005
r[66]=-27418
r[67]=17228
r[68]=-12851
r[69]=25971
r[70]=-27573
r[71]=20028
r[72]=14756
r[73]=14245
r[74]=-24582
r[75]=15370
r[76]=-13695
r[77]=24261
r[78]=-29611
r[79]=20694
r[80]=16400
r[81]=11443
r[82]=-26372
r[83]=16490
r[84]=-12846
r[85]=28851
r[86]=-28894
r[87]=22107
r[88]=17984
r[89]=12635
r[90]=-25760
r[91]=16660
r[92]=-11368
r[93]=26297
r[94]=-26598
r[95]=19587
r[96]=15750
r[97]=11144
r[98]=-26020
r[99]=21720
r[100]=-11468
r[101]=24706
r[102]=-27139
r[103]=25619
r[104]=18570
r[105]=9012
r[106]=-22694
r[107]=20402
r[108]=-8646
r[109]=26554
r[110]=-28991
r[111]=22859
r[112]=14506
r[113]=11565
r[114]=-27214
r[115]=19827
r[116]=-9500
r[117]=25073
r[118]=-26753
r[119]=21443
r[120]=17510
r[121]=8895
r[122]=-25916
r[123]=18487
r[124]=-7346
r[125]=26471
r[126]=-24097
r[127]=20423
r[128]=21032
r[129]=4918
r[130]=-28053
r[131]=21286
r[132]=-11204
r[133]=24128
r[134]=-29520
r[135]=23666
r[136]=20606
r[137]=7202
r[138]=-24625
r[139]=20236
r[140]=-8592
r[141]=24476
r[142]=32616
r[143]=24274
r[144]=18554
r[145]=9897
r[146]=-22261
r[147]=20974
r[148]=-9734
r[149]=23287
r[150]=-31162
r[151]=21452
r[152]=21460
r[153]=6859
r[154]=-24065
r[155]=21044
r[156]=-8174
r[157]=24337
r[158]=-29726
r[159]=22400
r[160]=19630
r[161]=9878
r[162]=-26471
r[163]=20374
r[164]=-11397
r[165]=18977
r[166]=-27166
r[167]=25599
r[168]=19362
r[169]=9612
r[170]=-26679
r[171]=21424
r[172]=-9415
r[173]=20317
r[174]=-25366
r[175]=25513
r[176]=19605
r[177]=10773
r[178]=-30258
r[179]=24026
r[180]=-6770
r[181]=22008
r[182]=-27995
r[183]=23887
r[184]=21759
r[185]=10917
r[186]=-28316
r[187]=23372
r[188]=-8562
r[189]=22342
r[190]=-30129
r[191]=24793
r[192]=17979
r[193]=7166
r[194]=-28670
r[195]=18301
r[196]=-8300
r[197]=22078
r[198]=-25447
r[199]=24029
r[200]=18653
r[201]=5720
r[202]=-25828
r[203]=17483
r[204]=-10054
r[205]=22502
r[206]=-25613
r[207]=22341
r[208]=14316
r[209]=7234
r[210]=-25505
r[211]=16557
r[212]=-8595
r[213]=20936
r[214]=-27929
r[215]=25318
r[216]=16872
r[217]=9256
r[218]=-23757
r[219]=16315
r[220]=-7119
r[221]=22396
r[222]=-26723
r[223]=26824
r[224]=21688
r[225]=8047
r[226]=-25735
r[227]=20199
r[228]=-8484
r[229]=22982
r[230]=-27530
r[231]=24661
r[232]=19594
r[233]=6277
r[234]=-27103
r[235]=17437
r[236]=-10996
r[237]=22222
r[238]=-30782
r[239]=22089
r[240]=16958
r[241]=5501
r[242]=-26371
r[243]=19995
r[244]=-9483
r[245]=20247
r[246]=-24072
r[247]=26334
r[248]=19484
r[249]=5159
r[250]=-22415
r[251]=19201
r[252]=-7601
r[253]=21133
r[254]=-27504
r[255]=25684
j 48 t 1309j 49 t -1365j 50 t -267j 51 t -947k 40 zeta -1544 len 4 start 56
r[0]=13068
r[1]=8528
r[2]=-28838
r[3]=19414
r[4]=13560
r[5]=8778
r[6]=-27846
r[7]=15678
r[8]=14765
r[9]=9442
r[10]=-25292
r[11]=16189
r[12]=14599
r[13]=6332
r[14]=-26368
r[15]=16263
r[16]=13743
r[17]=9755
r[18]=-28682
r[19]=16013
r[20]=16139
r[21]=10169
r[22]=-28070
r[23]=15181
r[24]=18588
r[25]=9558
r[26]=-29767
r[27]=16689
r[28]=15986
r[29]=5790
r[30]=-31489
r[31]=12837
r[32]=18919
r[33]=7815
r[34]=-27669
r[35]=13703
r[36]=15425
r[37]=11281
r[38]=-28623
r[39]=15305
r[40]=21476
r[41]=10548
r[42]=-27249
r[43]=17319
r[44]=19016
r[45]=7652
r[46]=-27735
r[47]=15877
r[48]=15957
r[49]=7458
r[50]=-27357
r[51]=14581
r[52]=13339
r[53]=10188
r[54]=-26823
r[55]=16475
r[56]=16574
r[57]=10049
r[58]=-30616
r[59]=18334
r[60]=-9154
r[61]=21195
r[62]=-24147
r[63]=24823
r[64]=16652
r[65]=18005
r[66]=-27418
r[67]=17228
r[68]=-12851
r[69]=25971
r[70]=-27573
r[71]=20028
r[72]=14756
r[73]=14245
r[74]=-24582
r[75]=15370
r[76]=-13695
r[77]=24261
r[78]=-29611
r[79]=20694
r[80]=16400
r[81]=11443
r[82]=-26372
r[83]=16490
r[84]=-12846
r[85]=28851
r[86]=-28894
r[87]=22107
r[88]=17984
r[89]=12635
r[90]=-25760
r[91]=16660
r[92]=-11368
r[93]=26297
r[94]=-26598
r[95]=19587
r[96]=15750
r[97]=11144
r[98]=-26020
r[99]=21720
r[100]=-11468
r[101]=24706
r[102]=-27139
r[103]=25619
r[104]=18570
r[105]=9012
r[106]=-22694
r[107]=20402
r[108]=-8646
r[109]=26554
r[110]=-28991
r[111]=22859
r[112]=14506
r[113]=11565
r[114]=-27214
r[115]=19827
r[116]=-9500
r[117]=25073
r[118]=-26753
r[119]=21443
r[120]=17510
r[121]=8895
r[122]=-25916
r[123]=18487
r[124]=-7346
r[125]=26471
r[126]=-24097
r[127]=20423
r[128]=21032
r[129]=4918
r[130]=-28053
r[131]=21286
r[132]=-11204
r[133]=24128
r[134]=-29520
r[135]=23666
r[136]=20606
r[137]=7202
r[138]=-24625
r[139]=20236
r[140]=-8592
r[141]=24476
r[142]=32616
r[143]=24274
r[144]=18554
r[145]=9897
r[146]=-22261
r[147]=20974
r[148]=-9734
r[149]=23287
r[150]=-31162
r[151]=21452
r[152]=21460
r[153]=6859
r[154]=-24065
r[155]=21044
r[156]=-8174
r[157]=24337
r[158]=-29726
r[159]=22400
r[160]=19630
r[161]=9878
r[162]=-26471
r[163]=20374
r[164]=-11397
r[165]=18977
r[166]=-27166
r[167]=25599
r[168]=19362
r[169]=9612
r[170]=-26679
r[171]=21424
r[172]=-9415
r[173]=20317
r[174]=-25366
r[175]=25513
r[176]=19605
r[177]=10773
r[178]=-30258
r[179]=24026
r[180]=-6770
r[181]=22008
r[182]=-27995
r[183]=23887
r[184]=21759
r[185]=10917
r[186]=-28316
r[187]=23372
r[188]=-8562
r[189]=22342
r[190]=-30129
r[191]=24793
r[192]=17979
r[193]=7166
r[194]=-28670
r[195]=18301
r[196]=-8300
r[197]=22078
r[198]=-25447
r[199]=24029
r[200]=18653
r[201]=5720
r[202]=-25828
r[203]=17483
r[204]=-10054
r[205]=22502
r[206]=-25613
r[207]=22341
r[208]=14316
r[209]=7234
r[210]=-25505
r[211]=16557
r[212]=-8595
r[213]=20936
r[214]=-27929
r[215]=25318
r[216]=16872
r[217]=9256
r[218]=-23757
r[219]=16315
r[220]=-7119
r[221]=22396
r[222]=-26723
r[223]=26824
r[224]=21688
r[225]=8047
r[226]=-25735
r[227]=20199
r[228]=-8484
r[229]=22982
r[230]=-27530
r[231]=24661
r[232]=19594
r[233]=6277
r[234]=-27103
r[235]=17437
r[236]=-10996
r[237]=22222
r[238]=-30782
r[239]=22089
r[240]=16958
r[241]=5501
r[242]=-26371
r[243]=19995
r[244]=-9483
r[245]=20247
r[246]=-24072
r[247]=26334
r[248]=19484
r[249]=5159
r[250]=-22415
r[251]=19201
r[252]=-7601
r[253]=21133
r[254]=-27504
r[255]=25684
j 56 t 709j 57 t -911j 58 t -11j 59 t 998k 41 zeta 516 len 4 start 64
r[0]=13068
r[1]=8528
r[2]=-28838
r[3]=19414
r[4]=13560
r[5]=8778
r[6]=-27846
r[7]=15678
r[8]=14765
r[9]=9442
r[10]=-25292
r[11]=16189
r[12]=14599
r[13]=6332
r[14]=-26368
r[15]=16263
r[16]=13743
r[17]=9755
r[18]=-28682
r[19]=16013
r[20]=16139
r[21]=10169
r[22]=-28070
r[23]=15181
r[24]=18588
r[25]=9558
r[26]=-29767
r[27]=16689
r[28]=15986
r[29]=5790
r[30]=-31489
r[31]=12837
r[32]=18919
r[33]=7815
r[34]=-27669
r[35]=13703
r[36]=15425
r[37]=11281
r[38]=-28623
r[39]=15305
r[40]=21476
r[41]=10548
r[42]=-27249
r[43]=17319
r[44]=19016
r[45]=7652
r[46]=-27735
r[47]=15877
r[48]=15957
r[49]=7458
r[50]=-27357
r[51]=14581
r[52]=13339
r[53]=10188
r[54]=-26823
r[55]=16475
r[56]=17283
r[57]=9138
r[58]=-30627
r[59]=19332
r[60]=15865
r[61]=10960
r[62]=-30605
r[63]=17336
r[64]=16652
r[65]=18005
r[66]=-27418
r[67]=17228
r[68]=-12851
r[69]=25971
r[70]=-27573
r[71]=20028
r[72]=14756
r[73]=14245
r[74]=-24582
r[75]=15370
r[76]=-13695
r[77]=24261
r[78]=-29611
r[79]=20694
r[80]=16400
r[81]=11443
r[82]=-26372
r[83]=16490
r[84]=-12846
r[85]=28851
r[86]=-28894
r[87]=22107
r[88]=17984
r[89]=12635
r[90]=-25760
r[91]=16660
r[92]=-11368
r[93]=26297
r[94]=-26598
r[95]=19587
r[96]=15750
r[97]=11144
r[98]=-26020
r[99]=21720
r[100]=-11468
r[101]=24706
r[102]=-27139
r[103]=25619
r[104]=18570
r[105]=9012
r[106]=-22694
r[107]=20402
r[108]=-8646
r[109]=26554
r[110]=-28991
r[111]=22859
r[112]=14506
r[113]=11565
r[114]=-27214
r[115]=19827
r[116]=-9500
r[117]=25073
r[118]=-26753
r[119]=21443
r[120]=17510
r[121]=8895
r[122]=-25916
r[123]=18487
r[124]=-7346
r[125]=26471
r[126]=-24097
r[127]=20423
r[128]=21032
r[129]=4918
r[130]=-28053
r[131]=21286
r[132]=-11204
r[133]=24128
r[134]=-29520
r[135]=23666
r[136]=20606
r[137]=7202
r[138]=-24625
r[139]=20236
r[140]=-8592
r[141]=24476
r[142]=32616
r[143]=24274
r[144]=18554
r[145]=9897
r[146]=-22261
r[147]=20974
r[148]=-9734
r[149]=23287
r[150]=-31162
r[151]=21452
r[152]=21460
r[153]=6859
r[154]=-24065
r[155]=21044
r[156]=-8174
r[157]=24337
r[158]=-29726
r[159]=22400
r[160]=19630
r[161]=9878
r[162]=-26471
r[163]=20374
r[164]=-11397
r[165]=18977
r[166]=-27166
r[167]=25599
r[168]=19362
r[169]=9612
r[170]=-26679
r[171]=21424
r[172]=-9415
r[173]=20317
r[174]=-25366
r[175]=25513
r[176]=19605
r[177]=10773
r[178]=-30258
r[179]=24026
r[180]=-6770
r[181]=22008
r[182]=-27995
r[183]=23887
r[184]=21759
r[185]=10917
r[186]=-28316
r[187]=23372
r[188]=-8562
r[189]=22342
r[190]=-30129
r[191]=24793
r[192]=17979
r[193]=7166
r[194]=-28670
r[195]=18301
r[196]=-8300
r[197]=22078
r[198]=-25447
r[199]=24029
r[200]=18653
r[201]=5720
r[202]=-25828
r[203]=17483
r[204]=-10054
r[205]=22502
r[206]=-25613
r[207]=22341
r[208]=14316
r[209]=7234
r[210]=-25505
r[211]=16557
r[212]=-8595
r[213]=20936
r[214]=-27929
r[215]=25318
r[216]=16872
r[217]=9256
r[218]=-23757
r[219]=16315
r[220]=-7119
r[221]=22396
r[222]=-26723
r[223]=26824
r[224]=21688
r[225]=8047
r[226]=-25735
r[227]=20199
r[228]=-8484
r[229]=22982
r[230]=-27530
r[231]=24661
r[232]=19594
r[233]=6277
r[234]=-27103
r[235]=17437
r[236]=-10996
r[237]=22222
r[238]=-30782
r[239]=22089
r[240]=16958
r[241]=5501
r[242]=-26371
r[243]=19995
r[244]=-9483
r[245]=20247
r[246]=-24072
r[247]=26334
r[248]=19484
r[249]=5159
r[250]=-22415
r[251]=19201
r[252]=-7601
r[253]=21133
r[254]=-27504
r[255]=25684
j 64 t -689j 65 t -209j 66 t 886j 67 t 1810k 42 zeta -8 len 4 start 72
r[0]=13068
r[1]=8528
r[2]=-28838
r[3]=19414
r[4]=13560
r[5]=8778
r[6]=-27846
r[7]=15678
r[8]=14765
r[9]=9442
r[10]=-25292
r[11]=16189
r[12]=14599
r[13]=6332
r[14]=-26368
r[15]=16263
r[16]=13743
r[17]=9755
r[18]=-28682
r[19]=16013
r[20]=16139
r[21]=10169
r[22]=-28070
r[23]=15181
r[24]=18588
r[25]=9558
r[26]=-29767
r[27]=16689
r[28]=15986
r[29]=5790
r[30]=-31489
r[31]=12837
r[32]=18919
r[33]=7815
r[34]=-27669
r[35]=13703
r[36]=15425
r[37]=11281
r[38]=-28623
r[39]=15305
r[40]=21476
r[41]=10548
r[42]=-27249
r[43]=17319
r[44]=19016
r[45]=7652
r[46]=-27735
r[47]=15877
r[48]=15957
r[49]=7458
r[50]=-27357
r[51]=14581
r[52]=13339
r[53]=10188
r[54]=-26823
r[55]=16475
r[56]=17283
r[57]=9138
r[58]=-30627
r[59]=19332
r[60]=15865
r[61]=10960
r[62]=-30605
r[63]=17336
r[64]=15963
r[65]=17796
r[66]=-26532
r[67]=19038
r[68]=17341
r[69]=18214
r[70]=-28304
r[71]=15418
r[72]=14756
r[73]=14245
r[74]=-24582
r[75]=15370
r[76]=-13695
r[77]=24261
r[78]=-29611
r[79]=20694
r[80]=16400
r[81]=11443
r[82]=-26372
r[83]=16490
r[84]=-12846
r[85]=28851
r[86]=-28894
r[87]=22107
r[88]=17984
r[89]=12635
r[90]=-25760
r[91]=16660
r[92]=-11368
r[93]=26297
r[94]=-26598
r[95]=19587
r[96]=15750
r[97]=11144
r[98]=-26020
r[99]=21720
r[100]=-11468
r[101]=24706
r[102]=-27139
r[103]=25619
r[104]=18570
r[105]=9012
r[106]=-22694
r[107]=20402
r[108]=-8646
r[109]=26554
r[110]=-28991
r[111]=22859
r[112]=14506
r[113]=11565
r[114]=-27214
r[115]=19827
r[116]=-9500
r[117]=25073
r[118]=-26753
r[119]=21443
r[120]=17510
r[121]=8895
r[122]=-25916
r[123]=18487
r[124]=-7346
r[125]=26471
r[126]=-24097
r[127]=20423
r[128]=21032
r[129]=4918
r[130]=-28053
r[131]=21286
r[132]=-11204
r[133]=24128
r[134]=-29520
r[135]=23666
r[136]=20606
r[137]=7202
r[138]=-24625
r[139]=20236
r[140]=-8592
r[141]=24476
r[142]=32616
r[143]=24274
r[144]=18554
r[145]=9897
r[146]=-22261
r[147]=20974
r[148]=-9734
r[149]=23287
r[150]=-31162
r[151]=21452
r[152]=21460
r[153]=6859
r[154]=-24065
r[155]=21044
r[156]=-8174
r[157]=24337
r[158]=-29726
r[159]=22400
r[160]=19630
r[161]=9878
r[162]=-26471
r[163]=20374
r[164]=-11397
r[165]=18977
r[166]=-27166
r[167]=25599
r[168]=19362
r[169]=9612
r[170]=-26679
r[171]=21424
r[172]=-9415
r[173]=20317
r[174]=-25366
r[175]=25513
r[176]=19605
r[177]=10773
r[178]=-30258
r[179]=24026
r[180]=-6770
r[181]=22008
r[182]=-27995
r[183]=23887
r[184]=21759
r[185]=10917
r[186]=-28316
r[187]=23372
r[188]=-8562
r[189]=22342
r[190]=-30129
r[191]=24793
r[192]=17979
r[193]=7166
r[194]=-28670
r[195]=18301
r[196]=-8300
r[197]=22078
r[198]=-25447
r[199]=24029
r[200]=18653
r[201]=5720
r[202]=-25828
r[203]=17483
r[204]=-10054
r[205]=22502
r[206]=-25613
r[207]=22341
r[208]=14316
r[209]=7234
r[210]=-25505
r[211]=16557
r[212]=-8595
r[213]=20936
r[214]=-27929
r[215]=25318
r[216]=16872
r[217]=9256
r[218]=-23757
r[219]=16315
r[220]=-7119
r[221]=22396
r[222]=-26723
r[223]=26824
r[224]=21688
r[225]=8047
r[226]=-25735
r[227]=20199
r[228]=-8484
r[229]=22982
r[230]=-27530
r[231]=24661
r[232]=19594
r[233]=6277
r[234]=-27103
r[235]=17437
r[236]=-10996
r[237]=22222
r[238]=-30782
r[239]=22089
r[240]=16958
r[241]=5501
r[242]=-26371
r[243]=19995
r[244]=-9483
r[245]=20247
r[246]=-24072
r[247]=26334
r[248]=19484
r[249]=5159
r[250]=-22415
r[251]=19201
r[252]=-7601
r[253]=21133
r[254]=-27504
r[255]=25684
j 72 t -258j 73 t -235j 74 t -482j 75 t -1372k 43 zeta -320 len 4 start 80
r[0]=13068
r[1]=8528
r[2]=-28838
r[3]=19414
r[4]=13560
r[5]=8778
r[6]=-27846
r[7]=15678
r[8]=14765
r[9]=9442
r[10]=-25292
r[11]=16189
r[12]=14599
r[13]=6332
r[14]=-26368
r[15]=16263
r[16]=13743
r[17]=9755
r[18]=-28682
r[19]=16013
r[20]=16139
r[21]=10169
r[22]=-28070
r[23]=15181
r[24]=18588
r[25]=9558
r[26]=-29767
r[27]=16689
r[28]=15986
r[29]=5790
r[30]=-31489
r[31]=12837
r[32]=18919
r[33]=7815
r[34]=-27669
r[35]=13703
r[36]=15425
r[37]=11281
r[38]=-28623
r[39]=15305
r[40]=21476
r[41]=10548
r[42]=-27249
r[43]=17319
r[44]=19016
r[45]=7652
r[46]=-27735
r[47]=15877
r[48]=15957
r[49]=7458
r[50]=-27357
r[51]=14581
r[52]=13339
r[53]=10188
r[54]=-26823
r[55]=16475
r[56]=17283
r[57]=9138
r[58]=-30627
r[59]=19332
r[60]=15865
r[61]=10960
r[62]=-30605
r[63]=17336
r[64]=15963
r[65]=17796
r[66]=-26532
r[67]=19038
r[68]=17341
r[69]=18214
r[70]=-28304
r[71]=15418
r[72]=14498
r[73]=14010
r[74]=-25064
r[75]=13998
r[76]=15014
r[77]=14480
r[78]=-24100
r[79]=16742
r[80]=16400
r[81]=11443
r[82]=-26372
r[83]=16490
r[84]=-12846
r[85]=28851
r[86]=-28894
r[87]=22107
r[88]=17984
r[89]=12635
r[90]=-25760
r[91]=16660
r[92]=-11368
r[93]=26297
r[94]=-26598
r[95]=19587
r[96]=15750
r[97]=11144
r[98]=-26020
r[99]=21720
r[100]=-11468
r[101]=24706
r[102]=-27139
r[103]=25619
r[104]=18570
r[105]=9012
r[106]=-22694
r[107]=20402
r[108]=-8646
r[109]=26554
r[110]=-28991
r[111]=22859
r[112]=14506
r[113]=11565
r[114]=-27214
r[115]=19827
r[116]=-9500
r[117]=25073
r[118]=-26753
r[119]=21443
r[120]=17510
r[121]=8895
r[122]=-25916
r[123]=18487
r[124]=-7346
r[125]=26471
r[126]=-24097
r[127]=20423
r[128]=21032
r[129]=4918
r[130]=-28053
r[131]=21286
r[132]=-11204
r[133]=24128
r[134]=-29520
r[135]=23666
r[136]=20606
r[137]=7202
r[138]=-24625
r[139]=20236
r[140]=-8592
r[141]=24476
r[142]=32616
r[143]=24274
r[144]=18554
r[145]=9897
r[146]=-22261
r[147]=20974
r[148]=-9734
r[149]=23287
r[150]=-31162
r[151]=21452
r[152]=21460
r[153]=6859
r[154]=-24065
r[155]=21044
r[156]=-8174
r[157]=24337
r[158]=-29726
r[159]=22400
r[160]=19630
r[161]=9878
r[162]=-26471
r[163]=20374
r[164]=-11397
r[165]=18977
r[166]=-27166
r[167]=25599
r[168]=19362
r[169]=9612
r[170]=-26679
r[171]=21424
r[172]=-9415
r[173]=20317
r[174]=-25366
r[175]=25513
r[176]=19605
r[177]=10773
r[178]=-30258
r[179]=24026
r[180]=-6770
r[181]=22008
r[182]=-27995
r[183]=23887
r[184]=21759
r[185]=10917
r[186]=-28316
r[187]=23372
r[188]=-8562
r[189]=22342
r[190]=-30129
r[191]=24793
r[192]=17979
r[193]=7166
r[194]=-28670
r[195]=18301
r[196]=-8300
r[197]=22078
r[198]=-25447
r[199]=24029
r[200]=18653
r[201]=5720
r[202]=-25828
r[203]=17483
r[204]=-10054
r[205]=22502
r[206]=-25613
r[207]=22341
r[208]=14316
r[209]=7234
r[210]=-25505
r[211]=16557
r[212]=-8595
r[213]=20936
r[214]=-27929
r[215]=25318
r[216]=16872
r[217]=9256
r[218]=-23757
r[219]=16315
r[220]=-7119
r[221]=22396
r[222]=-26723
r[223]=26824
r[224]=21688
r[225]=8047
r[226]=-25735
r[227]=20199
r[228]=-8484
r[229]=22982
r[230]=-27530
r[231]=24661
r[232]=19594
r[233]=6277
r[234]=-27103
r[235]=17437
r[236]=-10996
r[237]=22222
r[238]=-30782
r[239]=22089
r[240]=16958
r[241]=5501
r[242]=-26371
r[243]=19995
r[244]=-9483
r[245]=20247
r[246]=-24072
r[247]=26334
r[248]=19484
r[249]=5159
r[250]=-22415
r[251]=19201
r[252]=-7601
r[253]=21133
r[254]=-27504
r[255]=25684
j 80 t -685j 81 t 272j 82 t 1526j 83 t 539k 44 zeta -666 len 4 start 88
r[0]=13068
r[1]=8528
r[2]=-28838
r[3]=19414
r[4]=13560
r[5]=8778
r[6]=-27846
r[7]=15678
r[8]=14765
r[9]=9442
r[10]=-25292
r[11]=16189
r[12]=14599
r[13]=6332
r[14]=-26368
r[15]=16263
r[16]=13743
r[17]=9755
r[18]=-28682
r[19]=16013
r[20]=16139
r[21]=10169
r[22]=-28070
r[23]=15181
r[24]=18588
r[25]=9558
r[26]=-29767
r[27]=16689
r[28]=15986
r[29]=5790
r[30]=-31489
r[31]=12837
r[32]=18919
r[33]=7815
r[34]=-27669
r[35]=13703
r[36]=15425
r[37]=11281
r[38]=-28623
r[39]=15305
r[40]=21476
r[41]=10548
r[42]=-27249
r[43]=17319
r[44]=19016
r[45]=7652
r[46]=-27735
r[47]=15877
r[48]=15957
r[49]=7458
r[50]=-27357
r[51]=14581
r[52]=13339
r[53]=10188
r[54]=-26823
r[55]=16475
r[56]=17283
r[57]=9138
r[58]=-30627
r[59]=19332
r[60]=15865
r[61]=10960
r[62]=-30605
r[63]=17336
r[64]=15963
r[65]=17796
r[66]=-26532
r[67]=19038
r[68]=17341
r[69]=18214
r[70]=-28304
r[71]=15418
r[72]=14498
r[73]=14010
r[74]=-25064
r[75]=13998
r[76]=15014
r[77]=14480
r[78]=-24100
r[79]=16742
r[80]=15715
r[81]=11715
r[82]=-24846
r[83]=17029
r[84]=17085
r[85]=11171
r[86]=-27898
r[87]=15951
r[88]=17984
r[89]=12635
r[90]=-25760
r[91]=16660
r[92]=-11368
r[93]=26297
r[94]=-26598
r[95]=19587
r[96]=15750
r[97]=11144
r[98]=-26020
r[99]=21720
r[100]=-11468
r[101]=24706
r[102]=-27139
r[103]=25619
r[104]=18570
r[105]=9012
r[106]=-22694
r[107]=20402
r[108]=-8646
r[109]=26554
r[110]=-28991
r[111]=22859
r[112]=14506
r[113]=11565
r[114]=-27214
r[115]=19827
r[116]=-9500
r[117]=25073
r[118]=-26753
r[119]=21443
r[120]=17510
r[121]=8895
r[122]=-25916
r[123]=18487
r[124]=-7346
r[125]=26471
r[126]=-24097
r[127]=20423
r[128]=21032
r[129]=4918
r[130]=-28053
r[131]=21286
r[132]=-11204
r[133]=24128
r[134]=-29520
r[135]=23666
r[136]=20606
r[137]=7202
r[138]=-24625
r[139]=20236
r[140]=-8592
r[141]=24476
r[142]=32616
r[143]=24274
r[144]=18554
r[145]=9897
r[146]=-22261
r[147]=20974
r[148]=-9734
r[149]=23287
r[150]=-31162
r[151]=21452
r[152]=21460
r[153]=6859
r[154]=-24065
r[155]=21044
r[156]=-8174
r[157]=24337
r[158]=-29726
r[159]=22400
r[160]=19630
r[161]=9878
r[162]=-26471
r[163]=20374
r[164]=-11397
r[165]=18977
r[166]=-27166
r[167]=25599
r[168]=19362
r[169]=9612
r[170]=-26679
r[171]=21424
r[172]=-9415
r[173]=20317
r[174]=-25366
r[175]=25513
r[176]=19605
r[177]=10773
r[178]=-30258
r[179]=24026
r[180]=-6770
r[181]=22008
r[182]=-27995
r[183]=23887
r[184]=21759
r[185]=10917
r[186]=-28316
r[187]=23372
r[188]=-8562
r[189]=22342
r[190]=-30129
r[191]=24793
r[192]=17979
r[193]=7166
r[194]=-28670
r[195]=18301
r[196]=-8300
r[197]=22078
r[198]=-25447
r[199]=24029
r[200]=18653
r[201]=5720
r[202]=-25828
r[203]=17483
r[204]=-10054
r[205]=22502
r[206]=-25613
r[207]=22341
r[208]=14316
r[209]=7234
r[210]=-25505
r[211]=16557
r[212]=-8595
r[213]=20936
r[214]=-27929
r[215]=25318
r[216]=16872
r[217]=9256
r[218]=-23757
r[219]=16315
r[220]=-7119
r[221]=22396
r[222]=-26723
r[223]=26824
r[224]=21688
r[225]=8047
r[226]=-25735
r[227]=20199
r[228]=-8484
r[229]=22982
r[230]=-27530
r[231]=24661
r[232]=19594
r[233]=6277
r[234]=-27103
r[235]=17437
r[236]=-10996
r[237]=22222
r[238]=-30782
r[239]=22089
r[240]=16958
r[241]=5501
r[242]=-26371
r[243]=19995
r[244]=-9483
r[245]=20247
r[246]=-24072
r[247]=26334
r[248]=19484
r[249]=5159
r[250]=-22415
r[251]=19201
r[252]=-7601
r[253]=21133
r[254]=-27504
r[255]=25684
j 88 t -594j 89 t 1336j 90 t 1514j 91 t -1567k 45 zeta -1618 len 4 start 96
r[0]=13068
r[1]=8528
r[2]=-28838
r[3]=19414
r[4]=13560
r[5]=8778
r[6]=-27846
r[7]=15678
r[8]=14765
r[9]=9442
r[10]=-25292
r[11]=16189
r[12]=14599
r[13]=6332
r[14]=-26368
r[15]=16263
r[16]=13743
r[17]=9755
r[18]=-28682
r[19]=16013
r[20]=16139
r[21]=10169
r[22]=-28070
r[23]=15181
r[24]=18588
r[25]=9558
r[26]=-29767
r[27]=16689
r[28]=15986
r[29]=5790
r[30]=-31489
r[31]=12837
r[32]=18919
r[33]=7815
r[34]=-27669
r[35]=13703
r[36]=15425
r[37]=11281
r[38]=-28623
r[39]=15305
r[40]=21476
r[41]=10548
r[42]=-27249
r[43]=17319
r[44]=19016
r[45]=7652
r[46]=-27735
r[47]=15877
r[48]=15957
r[49]=7458
r[50]=-27357
r[51]=14581
r[52]=13339
r[53]=10188
r[54]=-26823
r[55]=16475
r[56]=17283
r[57]=9138
r[58]=-30627
r[59]=19332
r[60]=15865
r[61]=10960
r[62]=-30605
r[63]=17336
r[64]=15963
r[65]=17796
r[66]=-26532
r[67]=19038
r[68]=17341
r[69]=18214
r[70]=-28304
r[71]=15418
r[72]=14498
r[73]=14010
r[74]=-25064
r[75]=13998
r[76]=15014
r[77]=14480
r[78]=-24100
r[79]=16742
r[80]=15715
r[81]=11715
r[82]=-24846
r[83]=17029
r[84]=17085
r[85]=11171
r[86]=-27898
r[87]=15951
r[88]=17390
r[89]=13971
r[90]=-24246
r[91]=15093
r[92]=18578
r[93]=11299
r[94]=-27274
r[95]=18227
r[96]=15750
r[97]=11144
r[98]=-26020
r[99]=21720
r[100]=-11468
r[101]=24706
r[102]=-27139
r[103]=25619
r[104]=18570
r[105]=9012
r[106]=-22694
r[107]=20402
r[108]=-8646
r[109]=26554
r[110]=-28991
r[111]=22859
r[112]=14506
r[113]=11565
r[114]=-27214
r[115]=19827
r[116]=-9500
r[117]=25073
r[118]=-26753
r[119]=21443
r[120]=17510
r[121]=8895
r[122]=-25916
r[123]=18487
r[124]=-7346
r[125]=26471
r[126]=-24097
r[127]=20423
r[128]=21032
r[129]=4918
r[130]=-28053
r[131]=21286
r[132]=-11204
r[133]=24128
r[134]=-29520
r[135]=23666
r[136]=20606
r[137]=7202
r[138]=-24625
r[139]=20236
r[140]=-8592
r[141]=24476
r[142]=32616
r[143]=24274
r[144]=18554
r[145]=9897
r[146]=-22261
r[147]=20974
r[148]=-9734
r[149]=23287
r[150]=-31162
r[151]=21452
r[152]=21460
r[153]=6859
r[154]=-24065
r[155]=21044
r[156]=-8174
r[157]=24337
r[158]=-29726
r[159]=22400
r[160]=19630
r[161]=9878
r[162]=-26471
r[163]=20374
r[164]=-11397
r[165]=18977
r[166]=-27166
r[167]=25599
r[168]=19362
r[169]=9612
r[170]=-26679
r[171]=21424
r[172]=-9415
r[173]=20317
r[174]=-25366
r[175]=25513
r[176]=19605
r[177]=10773
r[178]=-30258
r[179]=24026
r[180]=-6770
r[181]=22008
r[182]=-27995
r[183]=23887
r[184]=21759
r[185]=10917
r[186]=-28316
r[187]=23372
r[188]=-8562
r[189]=22342
r[190]=-30129
r[191]=24793
r[192]=17979
r[193]=7166
r[194]=-28670
r[195]=18301
r[196]=-8300
r[197]=22078
r[198]=-25447
r[199]=24029
r[200]=18653
r[201]=5720
r[202]=-25828
r[203]=17483
r[204]=-10054
r[205]=22502
r[206]=-25613
r[207]=22341
r[208]=14316
r[209]=7234
r[210]=-25505
r[211]=16557
r[212]=-8595
r[213]=20936
r[214]=-27929
r[215]=25318
r[216]=16872
r[217]=9256
r[218]=-23757
r[219]=16315
r[220]=-7119
r[221]=22396
r[222]=-26723
r[223]=26824
r[224]=21688
r[225]=8047
r[226]=-25735
r[227]=20199
r[228]=-8484
r[229]=22982
r[230]=-27530
r[231]=24661
r[232]=19594
r[233]=6277
r[234]=-27103
r[235]=17437
r[236]=-10996
r[237]=22222
r[238]=-30782
r[239]=22089
r[240]=16958
r[241]=5501
r[242]=-26371
r[243]=19995
r[244]=-9483
r[245]=20247
r[246]=-24072
r[247]=26334
r[248]=19484
r[249]=5159
r[250]=-22415
r[251]=19201
r[252]=-7601
r[253]=21133
r[254]=-27504
r[255]=25684
j 96 t 1410j 97 t -1837j 98 t 2218j 99 t 643k 46 zeta -1162 len 4 start 104
r[0]=13068
r[1]=8528
r[2]=-28838
r[3]=19414
r[4]=13560
r[5]=8778
r[6]=-27846
r[7]=15678
r[8]=14765
r[9]=9442
r[10]=-25292
r[11]=16189
r[12]=14599
r[13]=6332
r[14]=-26368
r[15]=16263
r[16]=13743
r[17]=9755
r[18]=-28682
r[19]=16013
r[20]=16139
r[21]=10169
r[22]=-28070
r[23]=15181
r[24]=18588
r[25]=9558
r[26]=-29767
r[27]=16689
r[28]=15986
r[29]=5790
r[30]=-31489
r[31]=12837
r[32]=18919
r[33]=7815
r[34]=-27669
r[35]=13703
r[36]=15425
r[37]=11281
r[38]=-28623
r[39]=15305
r[40]=21476
r[41]=10548
r[42]=-27249
r[43]=17319
r[44]=19016
r[45]=7652
r[46]=-27735
r[47]=15877
r[48]=15957
r[49]=7458
r[50]=-27357
r[51]=14581
r[52]=13339
r[53]=10188
r[54]=-26823
r[55]=16475
r[56]=17283
r[57]=9138
r[58]=-30627
r[59]=19332
r[60]=15865
r[61]=10960
r[62]=-30605
r[63]=17336
r[64]=15963
r[65]=17796
r[66]=-26532
r[67]=19038
r[68]=17341
r[69]=18214
r[70]=-28304
r[71]=15418
r[72]=14498
r[73]=14010
r[74]=-25064
r[75]=13998
r[76]=15014
r[77]=14480
r[78]=-24100
r[79]=16742
r[80]=15715
r[81]=11715
r[82]=-24846
r[83]=17029
r[84]=17085
r[85]=11171
r[86]=-27898
r[87]=15951
r[88]=17390
r[89]=13971
r[90]=-24246
r[91]=15093
r[92]=18578
r[93]=11299
r[94]=-27274
r[95]=18227
r[96]=17160
r[97]=9307
r[98]=-23802
r[99]=22363
r[100]=14340
r[101]=12981
r[102]=-28238
r[103]=21077
r[104]=18570
r[105]=9012
r[106]=-22694
r[107]=20402
r[108]=-8646
r[109]=26554
r[110]=-28991
r[111]=22859
r[112]=14506
r[113]=11565
r[114]=-27214
r[115]=19827
r[116]=-9500
r[117]=25073
r[118]=-26753
r[119]=21443
r[120]=17510
r[121]=8895
r[122]=-25916
r[123]=18487
r[124]=-7346
r[125]=26471
r[126]=-24097
r[127]=20423
r[128]=21032
r[129]=4918
r[130]=-28053
r[131]=21286
r[132]=-11204
r[133]=24128
r[134]=-29520
r[135]=23666
r[136]=20606
r[137]=7202
r[138]=-24625
r[139]=20236
r[140]=-8592
r[141]=24476
r[142]=32616
r[143]=24274
r[144]=18554
r[145]=9897
r[146]=-22261
r[147]=20974
r[148]=-9734
r[149]=23287
r[150]=-31162
r[151]=21452
r[152]=21460
r[153]=6859
r[154]=-24065
r[155]=21044
r[156]=-8174
r[157]=24337
r[158]=-29726
r[159]=22400
r[160]=19630
r[161]=9878
r[162]=-26471
r[163]=20374
r[164]=-11397
r[165]=18977
r[166]=-27166
r[167]=25599
r[168]=19362
r[169]=9612
r[170]=-26679
r[171]=21424
r[172]=-9415
r[173]=20317
r[174]=-25366
r[175]=25513
r[176]=19605
r[177]=10773
r[178]=-30258
r[179]=24026
r[180]=-6770
r[181]=22008
r[182]=-27995
r[183]=23887
r[184]=21759
r[185]=10917
r[186]=-28316
r[187]=23372
r[188]=-8562
r[189]=22342
r[190]=-30129
r[191]=24793
r[192]=17979
r[193]=7166
r[194]=-28670
r[195]=18301
r[196]=-8300
r[197]=22078
r[198]=-25447
r[199]=24029
r[200]=18653
r[201]=5720
r[202]=-25828
r[203]=17483
r[204]=-10054
r[205]=22502
r[206]=-25613
r[207]=22341
r[208]=14316
r[209]=7234
r[210]=-25505
r[211]=16557
r[212]=-8595
r[213]=20936
r[214]=-27929
r[215]=25318
r[216]=16872
r[217]=9256
r[218]=-23757
r[219]=16315
r[220]=-7119
r[221]=22396
r[222]=-26723
r[223]=26824
r[224]=21688
r[225]=8047
r[226]=-25735
r[227]=20199
r[228]=-8484
r[229]=22982
r[230]=-27530
r[231]=24661
r[232]=19594
r[233]=6277
r[234]=-27103
r[235]=17437
r[236]=-10996
r[237]=22222
r[238]=-30782
r[239]=22089
r[240]=16958
r[241]=5501
r[242]=-26371
r[243]=19995
r[244]=-9483
r[245]=20247
r[246]=-24072
r[247]=26334
r[248]=19484
r[249]=5159
r[250]=-22415
r[251]=19201
r[252]=-7601
r[253]=21133
r[254]=-27504
r[255]=25684
j 104 t 976j 105 t 755j 106 t 2049j 107 t -1336k 47 zeta 126 len 4 start 112
r[0]=13068
r[1]=8528
r[2]=-28838
r[3]=19414
r[4]=13560
r[5]=8778
r[6]=-27846
r[7]=15678
r[8]=14765
r[9]=9442
r[10]=-25292
r[11]=16189
r[12]=14599
r[13]=6332
r[14]=-26368
r[15]=16263
r[16]=13743
r[17]=9755
r[18]=-28682
r[19]=16013
r[20]=16139
r[21]=10169
r[22]=-28070
r[23]=15181
r[24]=18588
r[25]=9558
r[26]=-29767
r[27]=16689
r[28]=15986
r[29]=5790
r[30]=-31489
r[31]=12837
r[32]=18919
r[33]=7815
r[34]=-27669
r[35]=13703
r[36]=15425
r[37]=11281
r[38]=-28623
r[39]=15305
r[40]=21476
r[41]=10548
r[42]=-27249
r[43]=17319
r[44]=19016
r[45]=7652
r[46]=-27735
r[47]=15877
r[48]=15957
r[49]=7458
r[50]=-27357
r[51]=14581
r[52]=13339
r[53]=10188
r[54]=-26823
r[55]=16475
r[56]=17283
r[57]=9138
r[58]=-30627
r[59]=19332
r[60]=15865
r[61]=10960
r[62]=-30605
r[63]=17336
r[64]=15963
r[65]=17796
r[66]=-26532
r[67]=19038
r[68]=17341
r[69]=18214
r[70]=-28304
r[71]=15418
r[72]=14498
r[73]=14010
r[74]=-25064
r[75]=13998
r[76]=15014
r[77]=14480
r[78]=-24100
r[79]=16742
r[80]=15715
r[81]=11715
r[82]=-24846
r[83]=17029
r[84]=17085
r[85]=11171
r[86]=-27898
r[87]=15951
r[88]=17390
r[89]=13971
r[90]=-24246
r[91]=15093
r[92]=18578
r[93]=11299
r[94]=-27274
r[95]=18227
r[96]=17160
r[97]=9307
r[98]=-23802
r[99]=22363
r[100]=14340
r[101]=12981
r[102]=-28238
r[103]=21077
r[104]=19546
r[105]=9767
r[106]=-20645
r[107]=19066
r[108]=17594
r[109]=8257
r[110]=-24743
r[111]=21738
r[112]=14506
r[113]=11565
r[114]=-27214
r[115]=19827
r[116]=-9500
r[117]=25073
r[118]=-26753
r[119]=21443
r[120]=17510
r[121]=8895
r[122]=-25916
r[123]=18487
r[124]=-7346
r[125]=26471
r[126]=-24097
r[127]=20423
r[128]=21032
r[129]=4918
r[130]=-28053
r[131]=21286
r[132]=-11204
r[133]=24128
r[134]=-29520
r[135]=23666
r[136]=20606
r[137]=7202
r[138]=-24625
r[139]=20236
r[140]=-8592
r[141]=24476
r[142]=32616
r[143]=24274
r[144]=18554
r[145]=9897
r[146]=-22261
r[147]=20974
r[148]=-9734
r[149]=23287
r[150]=-31162
r[151]=21452
r[152]=21460
r[153]=6859
r[154]=-24065
r[155]=21044
r[156]=-8174
r[157]=24337
r[158]=-29726
r[159]=22400
r[160]=19630
r[161]=9878
r[162]=-26471
r[163]=20374
r[164]=-11397
r[165]=18977
r[166]=-27166
r[167]=25599
r[168]=19362
r[169]=9612
r[170]=-26679
r[171]=21424
r[172]=-9415
r[173]=20317
r[174]=-25366
r[175]=25513
r[176]=19605
r[177]=10773
r[178]=-30258
r[179]=24026
r[180]=-6770
r[181]=22008
r[182]=-27995
r[183]=23887
r[184]=21759
r[185]=10917
r[186]=-28316
r[187]=23372
r[188]=-8562
r[189]=22342
r[190]=-30129
r[191]=24793
r[192]=17979
r[193]=7166
r[194]=-28670
r[195]=18301
r[196]=-8300
r[197]=22078
r[198]=-25447
r[199]=24029
r[200]=18653
r[201]=5720
r[202]=-25828
r[203]=17483
r[204]=-10054
r[205]=22502
r[206]=-25613
r[207]=22341
r[208]=14316
r[209]=7234
r[210]=-25505
r[211]=16557
r[212]=-8595
r[213]=20936
r[214]=-27929
r[215]=25318
r[216]=16872
r[217]=9256
r[218]=-23757
r[219]=16315
r[220]=-7119
r[221]=22396
r[222]=-26723
r[223]=26824
r[224]=21688
r[225]=8047
r[226]=-25735
r[227]=20199
r[228]=-8484
r[229]=22982
r[230]=-27530
r[231]=24661
r[232]=19594
r[233]=6277
r[234]=-27103
r[235]=17437
r[236]=-10996
r[237]=22222
r[238]=-30782
r[239]=22089
r[240]=16958
r[241]=5501
r[242]=-26371
r[243]=19995
r[244]=-9483
r[245]=20247
r[246]=-24072
r[247]=26334
r[248]=19484
r[249]=5159
r[250]=-22415
r[251]=19201
r[252]=-7601
r[253]=21133
r[254]=-27504
r[255]=25684
j 112 t 343j 113 t -558j 114 t 72j 115 t 1602k 48 zeta 1469 len 4 start 120
r[0]=13068
r[1]=8528
r[2]=-28838
r[3]=19414
r[4]=13560
r[5]=8778
r[6]=-27846
r[7]=15678
r[8]=14765
r[9]=9442
r[10]=-25292
r[11]=16189
r[12]=14599
r[13]=6332
r[14]=-26368
r[15]=16263
r[16]=13743
r[17]=9755
r[18]=-28682
r[19]=16013
r[20]=16139
r[21]=10169
r[22]=-28070
r[23]=15181
r[24]=18588
r[25]=9558
r[26]=-29767
r[27]=16689
r[28]=15986
r[29]=5790
r[30]=-31489
r[31]=12837
r[32]=18919
r[33]=7815
r[34]=-27669
r[35]=13703
r[36]=15425
r[37]=11281
r[38]=-28623
r[39]=15305
r[40]=21476
r[41]=10548
r[42]=-27249
r[43]=17319
r[44]=19016
r[45]=7652
r[46]=-27735
r[47]=15877
r[48]=15957
r[49]=7458
r[50]=-27357
r[51]=14581
r[52]=13339
r[53]=10188
r[54]=-26823
r[55]=16475
r[56]=17283
r[57]=9138
r[58]=-30627
r[59]=19332
r[60]=15865
r[61]=10960
r[62]=-30605
r[63]=17336
r[64]=15963
r[65]=17796
r[66]=-26532
r[67]=19038
r[68]=17341
r[69]=18214
r[70]=-28304
r[71]=15418
r[72]=14498
r[73]=14010
r[74]=-25064
r[75]=13998
r[76]=15014
r[77]=14480
r[78]=-24100
r[79]=16742
r[80]=15715
r[81]=11715
r[82]=-24846
r[83]=17029
r[84]=17085
r[85]=11171
r[86]=-27898
r[87]=15951
r[88]=17390
r[89]=13971
r[90]=-24246
r[91]=15093
r[92]=18578
r[93]=11299
r[94]=-27274
r[95]=18227
r[96]=17160
r[97]=9307
r[98]=-23802
r[99]=22363
r[100]=14340
r[101]=12981
r[102]=-28238
r[103]=21077
r[104]=19546
r[105]=9767
r[106]=-20645
r[107]=19066
r[108]=17594
r[109]=8257
r[110]=-24743
r[111]=21738
r[112]=14849
r[113]=11007
r[114]=-27142
r[115]=21429
r[116]=14163
r[117]=12123
r[118]=-27286
r[119]=18225
r[120]=17510
r[121]=8895
r[122]=-25916
r[123]=18487
r[124]=-7346
r[125]=26471
r[126]=-24097
r[127]=20423
r[128]=21032
r[129]=4918
r[130]=-28053
r[131]=21286
r[132]=-11204
r[133]=24128
r[134]=-29520
r[135]=23666
r[136]=20606
r[137]=7202
r[138]=-24625
r[139]=20236
r[140]=-8592
r[141]=24476
r[142]=32616
r[143]=24274
r[144]=18554
r[145]=9897
r[146]=-22261
r[147]=20974
r[148]=-9734
r[149]=23287
r[150]=-31162
r[151]=21452
r[152]=21460
r[153]=6859
r[154]=-24065
r[155]=21044
r[156]=-8174
r[157]=24337
r[158]=-29726
r[159]=22400
r[160]=19630
r[161]=9878
r[162]=-26471
r[163]=20374
r[164]=-11397
r[165]=18977
r[166]=-27166
r[167]=25599
r[168]=19362
r[169]=9612
r[170]=-26679
r[171]=21424
r[172]=-9415
r[173]=20317
r[174]=-25366
r[175]=25513
r[176]=19605
r[177]=10773
r[178]=-30258
r[179]=24026
r[180]=-6770
r[181]=22008
r[182]=-27995
r[183]=23887
r[184]=21759
r[185]=10917
r[186]=-28316
r[187]=23372
r[188]=-8562
r[189]=22342
r[190]=-30129
r[191]=24793
r[192]=17979
r[193]=7166
r[194]=-28670
r[195]=18301
r[196]=-8300
r[197]=22078
r[198]=-25447
r[199]=24029
r[200]=18653
r[201]=5720
r[202]=-25828
r[203]=17483
r[204]=-10054
r[205]=22502
r[206]=-25613
r[207]=22341
r[208]=14316
r[209]=7234
r[210]=-25505
r[211]=16557
r[212]=-8595
r[213]=20936
r[214]=-27929
r[215]=25318
r[216]=16872
r[217]=9256
r[218]=-23757
r[219]=16315
r[220]=-7119
r[221]=22396
r[222]=-26723
r[223]=26824
r[224]=21688
r[225]=8047
r[226]=-25735
r[227]=20199
r[228]=-8484
r[229]=22982
r[230]=-27530
r[231]=24661
r[232]=19594
r[233]=6277
r[234]=-27103
r[235]=17437
r[236]=-10996
r[237]=22222
r[238]=-30782
r[239]=22089
r[240]=16958
r[241]=5501
r[242]=-26371
r[243]=19995
r[244]=-9483
r[245]=20247
r[246]=-24072
r[247]=26334
r[248]=19484
r[249]=5159
r[250]=-22415
r[251]=19201
r[252]=-7601
r[253]=21133
r[254]=-27504
r[255]=25684
j 120 t 764j 121 t 1282j 122 t 843j 123 t 953k 49 zeta -853 len 4 start 128
r[0]=13068
r[1]=8528
r[2]=-28838
r[3]=19414
r[4]=13560
r[5]=8778
r[6]=-27846
r[7]=15678
r[8]=14765
r[9]=9442
r[10]=-25292
r[11]=16189
r[12]=14599
r[13]=6332
r[14]=-26368
r[15]=16263
r[16]=13743
r[17]=9755
r[18]=-28682
r[19]=16013
r[20]=16139
r[21]=10169
r[22]=-28070
r[23]=15181
r[24]=18588
r[25]=9558
r[26]=-29767
r[27]=16689
r[28]=15986
r[29]=5790
r[30]=-31489
r[31]=12837
r[32]=18919
r[33]=7815
r[34]=-27669
r[35]=13703
r[36]=15425
r[37]=11281
r[38]=-28623
r[39]=15305
r[40]=21476
r[41]=10548
r[42]=-27249
r[43]=17319
r[44]=19016
r[45]=7652
r[46]=-27735
r[47]=15877
r[48]=15957
r[49]=7458
r[50]=-27357
r[51]=14581
r[52]=13339
r[53]=10188
r[54]=-26823
r[55]=16475
r[56]=17283
r[57]=9138
r[58]=-30627
r[59]=19332
r[60]=15865
r[61]=10960
r[62]=-30605
r[63]=17336
r[64]=15963
r[65]=17796
r[66]=-26532
r[67]=19038
r[68]=17341
r[69]=18214
r[70]=-28304
r[71]=15418
r[72]=14498
r[73]=14010
r[74]=-25064
r[75]=13998
r[76]=15014
r[77]=14480
r[78]=-24100
r[79]=16742
r[80]=15715
r[81]=11715
r[82]=-24846
r[83]=17029
r[84]=17085
r[85]=11171
r[86]=-27898
r[87]=15951
r[88]=17390
r[89]=13971
r[90]=-24246
r[91]=15093
r[92]=18578
r[93]=11299
r[94]=-27274
r[95]=18227
r[96]=17160
r[97]=9307
r[98]=-23802
r[99]=22363
r[100]=14340
r[101]=12981
r[102]=-28238
r[103]=21077
r[104]=19546
r[105]=9767
r[106]=-20645
r[107]=19066
r[108]=17594
r[109]=8257
r[110]=-24743
r[111]=21738
r[112]=14849
r[113]=11007
r[114]=-27142
r[115]=21429
r[116]=14163
r[117]=12123
r[118]=-27286
r[119]=18225
r[120]=18274
r[121]=10177
r[122]=-25073
r[123]=19440
r[124]=16746
r[125]=7613
r[126]=-26759
r[127]=17534
r[128]=21032
r[129]=4918
r[130]=-28053
r[131]=21286
r[132]=-11204
r[133]=24128
r[134]=-29520
r[135]=23666
r[136]=20606
r[137]=7202
r[138]=-24625
r[139]=20236
r[140]=-8592
r[141]=24476
r[142]=32616
r[143]=24274
r[144]=18554
r[145]=9897
r[146]=-22261
r[147]=20974
r[148]=-9734
r[149]=23287
r[150]=-31162
r[151]=21452
r[152]=21460
r[153]=6859
r[154]=-24065
r[155]=21044
r[156]=-8174
r[157]=24337
r[158]=-29726
r[159]=22400
r[160]=19630
r[161]=9878
r[162]=-26471
r[163]=20374
r[164]=-11397
r[165]=18977
r[166]=-27166
r[167]=25599
r[168]=19362
r[169]=9612
r[170]=-26679
r[171]=21424
r[172]=-9415
r[173]=20317
r[174]=-25366
r[175]=25513
r[176]=19605
r[177]=10773
r[178]=-30258
r[179]=24026
r[180]=-6770
r[181]=22008
r[182]=-27995
r[183]=23887
r[184]=21759
r[185]=10917
r[186]=-28316
r[187]=23372
r[188]=-8562
r[189]=22342
r[190]=-30129
r[191]=24793
r[192]=17979
r[193]=7166
r[194]=-28670
r[195]=18301
r[196]=-8300
r[197]=22078
r[198]=-25447
r[199]=24029
r[200]=18653
r[201]=5720
r[202]=-25828
r[203]=17483
r[204]=-10054
r[205]=22502
r[206]=-25613
r[207]=22341
r[208]=14316
r[209]=7234
r[210]=-25505
r[211]=16557
r[212]=-8595
r[213]=20936
r[214]=-27929
r[215]=25318
r[216]=16872
r[217]=9256
r[218]=-23757
r[219]=16315
r[220]=-7119
r[221]=22396
r[222]=-26723
r[223]=26824
r[224]=21688
r[225]=8047
r[226]=-25735
r[227]=20199
r[228]=-8484
r[229]=22982
r[230]=-27530
r[231]=24661
r[232]=19594
r[233]=6277
r[234]=-27103
r[235]=17437
r[236]=-10996
r[237]=22222
r[238]=-30782
r[239]=22089
r[240]=16958
r[241]=5501
r[242]=-26371
r[243]=19995
r[244]=-9483
r[245]=20247
r[246]=-24072
r[247]=26334
r[248]=19484
r[249]=5159
r[250]=-22415
r[251]=19201
r[252]=-7601
r[253]=21133
r[254]=-27504
r[255]=25684
j 128 t 769j 129 t -1000j 130 t 676j 131 t -440k 50 zeta -90 len 4 start 136
r[0]=13068
r[1]=8528
r[2]=-28838
r[3]=19414
r[4]=13560
r[5]=8778
r[6]=-27846
r[7]=15678
r[8]=14765
r[9]=9442
r[10]=-25292
r[11]=16189
r[12]=14599
r[13]=6332
r[14]=-26368
r[15]=16263
r[16]=13743
r[17]=9755
r[18]=-28682
r[19]=16013
r[20]=16139
r[21]=10169
r[22]=-28070
r[23]=15181
r[24]=18588
r[25]=9558
r[26]=-29767
r[27]=16689
r[28]=15986
r[29]=5790
r[30]=-31489
r[31]=12837
r[32]=18919
r[33]=7815
r[34]=-27669
r[35]=13703
r[36]=15425
r[37]=11281
r[38]=-28623
r[39]=15305
r[40]=21476
r[41]=10548
r[42]=-27249
r[43]=17319
r[44]=19016
r[45]=7652
r[46]=-27735
r[47]=15877
r[48]=15957
r[49]=7458
r[50]=-27357
r[51]=14581
r[52]=13339
r[53]=10188
r[54]=-26823
r[55]=16475
r[56]=17283
r[57]=9138
r[58]=-30627
r[59]=19332
r[60]=15865
r[61]=10960
r[62]=-30605
r[63]=17336
r[64]=15963
r[65]=17796
r[66]=-26532
r[67]=19038
r[68]=17341
r[69]=18214
r[70]=-28304
r[71]=15418
r[72]=14498
r[73]=14010
r[74]=-25064
r[75]=13998
r[76]=15014
r[77]=14480
r[78]=-24100
r[79]=16742
r[80]=15715
r[81]=11715
r[82]=-24846
r[83]=17029
r[84]=17085
r[85]=11171
r[86]=-27898
r[87]=15951
r[88]=17390
r[89]=13971
r[90]=-24246
r[91]=15093
r[92]=18578
r[93]=11299
r[94]=-27274
r[95]=18227
r[96]=17160
r[97]=9307
r[98]=-23802
r[99]=22363
r[100]=14340
r[101]=12981
r[102]=-28238
r[103]=21077
r[104]=19546
r[105]=9767
r[106]=-20645
r[107]=19066
r[108]=17594
r[109]=8257
r[110]=-24743
r[111]=21738
r[112]=14849
r[113]=11007
r[114]=-27142
r[115]=21429
r[116]=14163
r[117]=12123
r[118]=-27286
r[119]=18225
r[120]=18274
r[121]=10177
r[122]=-25073
r[123]=19440
r[124]=16746
r[125]=7613
r[126]=-26759
r[127]=17534
r[128]=21801
r[129]=3918
r[130]=-27377
r[131]=20846
r[132]=20263
r[133]=5918
r[134]=-28729
r[135]=21726
r[136]=20606
r[137]=7202
r[138]=-24625
r[139]=20236
r[140]=-8592
r[141]=24476
r[142]=32616
r[143]=24274
r[144]=18554
r[145]=9897
r[146]=-22261
r[147]=20974
r[148]=-9734
r[149]=23287
r[150]=-31162
r[151]=21452
r[152]=21460
r[153]=6859
r[154]=-24065
r[155]=21044
r[156]=-8174
r[157]=24337
r[158]=-29726
r[159]=22400
r[160]=19630
r[161]=9878
r[162]=-26471
r[163]=20374
r[164]=-11397
r[165]=18977
r[166]=-27166
r[167]=25599
r[168]=19362
r[169]=9612
r[170]=-26679
r[171]=21424
r[172]=-9415
r[173]=20317
r[174]=-25366
r[175]=25513
r[176]=19605
r[177]=10773
r[178]=-30258
r[179]=24026
r[180]=-6770
r[181]=22008
r[182]=-27995
r[183]=23887
r[184]=21759
r[185]=10917
r[186]=-28316
r[187]=23372
r[188]=-8562
r[189]=22342
r[190]=-30129
r[191]=24793
r[192]=17979
r[193]=7166
r[194]=-28670
r[195]=18301
r[196]=-8300
r[197]=22078
r[198]=-25447
r[199]=24029
r[200]=18653
r[201]=5720
r[202]=-25828
r[203]=17483
r[204]=-10054
r[205]=22502
r[206]=-25613
r[207]=22341
r[208]=14316
r[209]=7234
r[210]=-25505
r[211]=16557
r[212]=-8595
r[213]=20936
r[214]=-27929
r[215]=25318
r[216]=16872
r[217]=9256
r[218]=-23757
r[219]=16315
r[220]=-7119
r[221]=22396
r[222]=-26723
r[223]=26824
r[224]=21688
r[225]=8047
r[226]=-25735
r[227]=20199
r[228]=-8484
r[229]=22982
r[230]=-27530
r[231]=24661
r[232]=19594
r[233]=6277
r[234]=-27103
r[235]=17437
r[236]=-10996
r[237]=22222
r[238]=-30782
r[239]=22089
r[240]=16958
r[241]=5501
r[242]=-26371
r[243]=19995
r[244]=-9483
r[245]=20247
r[246]=-24072
r[247]=26334
r[248]=19484
r[249]=5159
r[250]=-22415
r[251]=19201
r[252]=-7601
r[253]=21133
r[254]=-27504
r[255]=25684
j 136 t 1096j 137 t -1219j 138 t 1549j 139 t -1466k 51 zeta -271 len 4 start 144
r[0]=13068
r[1]=8528
r[2]=-28838
r[3]=19414
r[4]=13560
r[5]=8778
r[6]=-27846
r[7]=15678
r[8]=14765
r[9]=9442
r[10]=-25292
r[11]=16189
r[12]=14599
r[13]=6332
r[14]=-26368
r[15]=16263
r[16]=13743
r[17]=9755
r[18]=-28682
r[19]=16013
r[20]=16139
r[21]=10169
r[22]=-28070
r[23]=15181
r[24]=18588
r[25]=9558
r[26]=-29767
r[27]=16689
r[28]=15986
r[29]=5790
r[30]=-31489
r[31]=12837
r[32]=18919
r[33]=7815
r[34]=-27669
r[35]=13703
r[36]=15425
r[37]=11281
r[38]=-28623
r[39]=15305
r[40]=21476
r[41]=10548
r[42]=-27249
r[43]=17319
r[44]=19016
r[45]=7652
r[46]=-27735
r[47]=15877
r[48]=15957
r[49]=7458
r[50]=-27357
r[51]=14581
r[52]=13339
r[53]=10188
r[54]=-26823
r[55]=16475
r[56]=17283
r[57]=9138
r[58]=-30627
r[59]=19332
r[60]=15865
r[61]=10960
r[62]=-30605
r[63]=17336
r[64]=15963
r[65]=17796
r[66]=-26532
r[67]=19038
r[68]=17341
r[69]=18214
r[70]=-28304
r[71]=15418
r[72]=14498
r[73]=14010
r[74]=-25064
r[75]=13998
r[76]=15014
r[77]=14480
r[78]=-24100
r[79]=16742
r[80]=15715
r[81]=11715
r[82]=-24846
r[83]=17029
r[84]=17085
r[85]=11171
r[86]=-27898
r[87]=15951
r[88]=17390
r[89]=13971
r[90]=-24246
r[91]=15093
r[92]=18578
r[93]=11299
r[94]=-27274
r[95]=18227
r[96]=17160
r[97]=9307
r[98]=-23802
r[99]=22363
r[100]=14340
r[101]=12981
r[102]=-28238
r[103]=21077
r[104]=19546
r[105]=9767
r[106]=-20645
r[107]=19066
r[108]=17594
r[109]=8257
r[110]=-24743
r[111]=21738
r[112]=14849
r[113]=11007
r[114]=-27142
r[115]=21429
r[116]=14163
r[117]=12123
r[118]=-27286
r[119]=18225
r[120]=18274
r[121]=10177
r[122]=-25073
r[123]=19440
r[124]=16746
r[125]=7613
r[126]=-26759
r[127]=17534
r[128]=21801
r[129]=3918
r[130]=-27377
r[131]=20846
r[132]=20263
r[133]=5918
r[134]=-28729
r[135]=21726
r[136]=21702
r[137]=5983
r[138]=-23076
r[139]=18770
r[140]=19510
r[141]=8421
r[142]=-26174
r[143]=21702
r[144]=18554
r[145]=9897
r[146]=-22261
r[147]=20974
r[148]=-9734
r[149]=23287
r[150]=-31162
r[151]=21452
r[152]=21460
r[153]=6859
r[154]=-24065
r[155]=21044
r[156]=-8174
r[157]=24337
r[158]=-29726
r[159]=22400
r[160]=19630
r[161]=9878
r[162]=-26471
r[163]=20374
r[164]=-11397
r[165]=18977
r[166]=-27166
r[167]=25599
r[168]=19362
r[169]=9612
r[170]=-26679
r[171]=21424
r[172]=-9415
r[173]=20317
r[174]=-25366
r[175]=25513
r[176]=19605
r[177]=10773
r[178]=-30258
r[179]=24026
r[180]=-6770
r[181]=22008
r[182]=-27995
r[183]=23887
r[184]=21759
r[185]=10917
r[186]=-28316
r[187]=23372
r[188]=-8562
r[189]=22342
r[190]=-30129
r[191]=24793
r[192]=17979
r[193]=7166
r[194]=-28670
r[195]=18301
r[196]=-8300
r[197]=22078
r[198]=-25447
r[199]=24029
r[200]=18653
r[201]=5720
r[202]=-25828
r[203]=17483
r[204]=-10054
r[205]=22502
r[206]=-25613
r[207]=22341
r[208]=14316
r[209]=7234
r[210]=-25505
r[211]=16557
r[212]=-8595
r[213]=20936
r[214]=-27929
r[215]=25318
r[216]=16872
r[217]=9256
r[218]=-23757
r[219]=16315
r[220]=-7119
r[221]=22396
r[222]=-26723
r[223]=26824
r[224]=21688
r[225]=8047
r[226]=-25735
r[227]=20199
r[228]=-8484
r[229]=22982
r[230]=-27530
r[231]=24661
r[232]=19594
r[233]=6277
r[234]=-27103
r[235]=17437
r[236]=-10996
r[237]=22222
r[238]=-30782
r[239]=22089
r[240]=16958
r[241]=5501
r[242]=-26371
r[243]=19995
r[244]=-9483
r[245]=20247
r[246]=-24072
r[247]=26334
r[248]=19484
r[249]=5159
r[250]=-22415
r[251]=19201
r[252]=-7601
r[253]=21133
r[254]=-27504
r[255]=25684
j 144 t 1102j 145 t 404j 146 t -468j 147 t 964k 52 zeta 830 len 4 start 152
r[0]=13068
r[1]=8528
r[2]=-28838
r[3]=19414
r[4]=13560
r[5]=8778
r[6]=-27846
r[7]=15678
r[8]=14765
r[9]=9442
r[10]=-25292
r[11]=16189
r[12]=14599
r[13]=6332
r[14]=-26368
r[15]=16263
r[16]=13743
r[17]=9755
r[18]=-28682
r[19]=16013
r[20]=16139
r[21]=10169
r[22]=-28070
r[23]=15181
r[24]=18588
r[25]=9558
r[26]=-29767
r[27]=16689
r[28]=15986
r[29]=5790
r[30]=-31489
r[31]=12837
r[32]=18919
r[33]=7815
r[34]=-27669
r[35]=13703
r[36]=15425
r[37]=11281
r[38]=-28623
r[39]=15305
r[40]=21476
r[41]=10548
r[42]=-27249
r[43]=17319
r[44]=19016
r[45]=7652
r[46]=-27735
r[47]=15877
r[48]=15957
r[49]=7458
r[50]=-27357
r[51]=14581
r[52]=13339
r[53]=10188
r[54]=-26823
r[55]=16475
r[56]=17283
r[57]=9138
r[58]=-30627
r[59]=19332
r[60]=15865
r[61]=10960
r[62]=-30605
r[63]=17336
r[64]=15963
r[65]=17796
r[66]=-26532
r[67]=19038
r[68]=17341
r[69]=18214
r[70]=-28304
r[71]=15418
r[72]=14498
r[73]=14010
r[74]=-25064
r[75]=13998
r[76]=15014
r[77]=14480
r[78]=-24100
r[79]=16742
r[80]=15715
r[81]=11715
r[82]=-24846
r[83]=17029
r[84]=17085
r[85]=11171
r[86]=-27898
r[87]=15951
r[88]=17390
r[89]=13971
r[90]=-24246
r[91]=15093
r[92]=18578
r[93]=11299
r[94]=-27274
r[95]=18227
r[96]=17160
r[97]=9307
r[98]=-23802
r[99]=22363
r[100]=14340
r[101]=12981
r[102]=-28238
r[103]=21077
r[104]=19546
r[105]=9767
r[106]=-20645
r[107]=19066
r[108]=17594
r[109]=8257
r[110]=-24743
r[111]=21738
r[112]=14849
r[113]=11007
r[114]=-27142
r[115]=21429
r[116]=14163
r[117]=12123
r[118]=-27286
r[119]=18225
r[120]=18274
r[121]=10177
r[122]=-25073
r[123]=19440
r[124]=16746
r[125]=7613
r[126]=-26759
r[127]=17534
r[128]=21801
r[129]=3918
r[130]=-27377
r[131]=20846
r[132]=20263
r[133]=5918
r[134]=-28729
r[135]=21726
r[136]=21702
r[137]=5983
r[138]=-23076
r[139]=18770
r[140]=19510
r[141]=8421
r[142]=-26174
r[143]=21702
r[144]=19656
r[145]=10301
r[146]=-22729
r[147]=21938
r[148]=17452
r[149]=9493
r[150]=-21793
r[151]=20010
r[152]=21460
r[153]=6859
r[154]=-24065
r[155]=21044
r[156]=-8174
r[157]=24337
r[158]=-29726
r[159]=22400
r[160]=19630
r[161]=9878
r[162]=-26471
r[163]=20374
r[164]=-11397
r[165]=18977
r[166]=-27166
r[167]=25599
r[168]=19362
r[169]=9612
r[170]=-26679
r[171]=21424
r[172]=-9415
r[173]=20317
r[174]=-25366
r[175]=25513
r[176]=19605
r[177]=10773
r[178]=-30258
r[179]=24026
r[180]=-6770
r[181]=22008
r[182]=-27995
r[183]=23887
r[184]=21759
r[185]=10917
r[186]=-28316
r[187]=23372
r[188]=-8562
r[189]=22342
r[190]=-30129
r[191]=24793
r[192]=17979
r[193]=7166
r[194]=-28670
r[195]=18301
r[196]=-8300
r[197]=22078
r[198]=-25447
r[199]=24029
r[200]=18653
r[201]=5720
r[202]=-25828
r[203]=17483
r[204]=-10054
r[205]=22502
r[206]=-25613
r[207]=22341
r[208]=14316
r[209]=7234
r[210]=-25505
r[211]=16557
r[212]=-8595
r[213]=20936
r[214]=-27929
r[215]=25318
r[216]=16872
r[217]=9256
r[218]=-23757
r[219]=16315
r[220]=-7119
r[221]=22396
r[222]=-26723
r[223]=26824
r[224]=21688
r[225]=8047
r[226]=-25735
r[227]=20199
r[228]=-8484
r[229]=22982
r[230]=-27530
r[231]=24661
r[232]=19594
r[233]=6277
r[234]=-27103
r[235]=17437
r[236]=-10996
r[237]=22222
r[238]=-30782
r[239]=22089
r[240]=16958
r[241]=5501
r[242]=-26371
r[243]=19995
r[244]=-9483
r[245]=20247
r[246]=-24072
r[247]=26334
r[248]=19484
r[249]=5159
r[250]=-22415
r[251]=19201
r[252]=-7601
r[253]=21133
r[254]=-27504
r[255]=25684
j 152 t 542j 153 t 1308j 154 t -308j 155 t 1311k 53 zeta 107 len 4 start 160
r[0]=13068
r[1]=8528
r[2]=-28838
r[3]=19414
r[4]=13560
r[5]=8778
r[6]=-27846
r[7]=15678
r[8]=14765
r[9]=9442
r[10]=-25292
r[11]=16189
r[12]=14599
r[13]=6332
r[14]=-26368
r[15]=16263
r[16]=13743
r[17]=9755
r[18]=-28682
r[19]=16013
r[20]=16139
r[21]=10169
r[22]=-28070
r[23]=15181
r[24]=18588
r[25]=9558
r[26]=-29767
r[27]=16689
r[28]=15986
r[29]=5790
r[30]=-31489
r[31]=12837
r[32]=18919
r[33]=7815
r[34]=-27669
r[35]=13703
r[36]=15425
r[37]=11281
r[38]=-28623
r[39]=15305
r[40]=21476
r[41]=10548
r[42]=-27249
r[43]=17319
r[44]=19016
r[45]=7652
r[46]=-27735
r[47]=15877
r[48]=15957
r[49]=7458
r[50]=-27357
r[51]=14581
r[52]=13339
r[53]=10188
r[54]=-26823
r[55]=16475
r[56]=17283
r[57]=9138
r[58]=-30627
r[59]=19332
r[60]=15865
r[61]=10960
r[62]=-30605
r[63]=17336
r[64]=15963
r[65]=17796
r[66]=-26532
r[67]=19038
r[68]=17341
r[69]=18214
r[70]=-28304
r[71]=15418
r[72]=14498
r[73]=14010
r[74]=-25064
r[75]=13998
r[76]=15014
r[77]=14480
r[78]=-24100
r[79]=16742
r[80]=15715
r[81]=11715
r[82]=-24846
r[83]=17029
r[84]=17085
r[85]=11171
r[86]=-27898
r[87]=15951
r[88]=17390
r[89]=13971
r[90]=-24246
r[91]=15093
r[92]=18578
r[93]=11299
r[94]=-27274
r[95]=18227
r[96]=17160
r[97]=9307
r[98]=-23802
r[99]=22363
r[100]=14340
r[101]=12981
r[102]=-28238
r[103]=21077
r[104]=19546
r[105]=9767
r[106]=-20645
r[107]=19066
r[108]=17594
r[109]=8257
r[110]=-24743
r[111]=21738
r[112]=14849
r[113]=11007
r[114]=-27142
r[115]=21429
r[116]=14163
r[117]=12123
r[118]=-27286
r[119]=18225
r[120]=18274
r[121]=10177
r[122]=-25073
r[123]=19440
r[124]=16746
r[125]=7613
r[126]=-26759
r[127]=17534
r[128]=21801
r[129]=3918
r[130]=-27377
r[131]=20846
r[132]=20263
r[133]=5918
r[134]=-28729
r[135]=21726
r[136]=21702
r[137]=5983
r[138]=-23076
r[139]=18770
r[140]=19510
r[141]=8421
r[142]=-26174
r[143]=21702
r[144]=19656
r[145]=10301
r[146]=-22729
r[147]=21938
r[148]=17452
r[149]=9493
r[150]=-21793
r[151]=20010
r[152]=22002
r[153]=8167
r[154]=-24373
r[155]=22355
r[156]=20918
r[157]=5551
r[158]=-23757
r[159]=19733
r[160]=19630
r[161]=9878
r[162]=-26471
r[163]=20374
r[164]=-11397
r[165]=18977
r[166]=-27166
r[167]=25599
r[168]=19362
r[169]=9612
r[170]=-26679
r[171]=21424
r[172]=-9415
r[173]=20317
r[174]=-25366
r[175]=25513
r[176]=19605
r[177]=10773
r[178]=-30258
r[179]=24026
r[180]=-6770
r[181]=22008
r[182]=-27995
r[183]=23887
r[184]=21759
r[185]=10917
r[186]=-28316
r[187]=23372
r[188]=-8562
r[189]=22342
r[190]=-30129
r[191]=24793
r[192]=17979
r[193]=7166
r[194]=-28670
r[195]=18301
r[196]=-8300
r[197]=22078
r[198]=-25447
r[199]=24029
r[200]=18653
r[201]=5720
r[202]=-25828
r[203]=17483
r[204]=-10054
r[205]=22502
r[206]=-25613
r[207]=22341
r[208]=14316
r[209]=7234
r[210]=-25505
r[211]=16557
r[212]=-8595
r[213]=20936
r[214]=-27929
r[215]=25318
r[216]=16872
r[217]=9256
r[218]=-23757
r[219]=16315
r[220]=-7119
r[221]=22396
r[222]=-26723
r[223]=26824
r[224]=21688
r[225]=8047
r[226]=-25735
r[227]=20199
r[228]=-8484
r[229]=22982
r[230]=-27530
r[231]=24661
r[232]=19594
r[233]=6277
r[234]=-27103
r[235]=17437
r[236]=-10996
r[237]=22222
r[238]=-30782
r[239]=22089
r[240]=16958
r[241]=5501
r[242]=-26371
r[243]=19995
r[244]=-9483
r[245]=20247
r[246]=-24072
r[247]=26334
r[248]=19484
r[249]=5159
r[250]=-22415
r[251]=19201
r[252]=-7601
r[253]=21133
r[254]=-27504
r[255]=25684
j 160 t -219j 161 t 1113j 162 t 1107j 163 t -720k 54 zeta -1421 len 4 start 168
r[0]=13068
r[1]=8528
r[2]=-28838
r[3]=19414
r[4]=13560
r[5]=8778
r[6]=-27846
r[7]=15678
r[8]=14765
r[9]=9442
r[10]=-25292
r[11]=16189
r[12]=14599
r[13]=6332
r[14]=-26368
r[15]=16263
r[16]=13743
r[17]=9755
r[18]=-28682
r[19]=16013
r[20]=16139
r[21]=10169
r[22]=-28070
r[23]=15181
r[24]=18588
r[25]=9558
r[26]=-29767
r[27]=16689
r[28]=15986
r[29]=5790
r[30]=-31489
r[31]=12837
r[32]=18919
r[33]=7815
r[34]=-27669
r[35]=13703
r[36]=15425
r[37]=11281
r[38]=-28623
r[39]=15305
r[40]=21476
r[41]=10548
r[42]=-27249
r[43]=17319
r[44]=19016
r[45]=7652
r[46]=-27735
r[47]=15877
r[48]=15957
r[49]=7458
r[50]=-27357
r[51]=14581
r[52]=13339
r[53]=10188
r[54]=-26823
r[55]=16475
r[56]=17283
r[57]=9138
r[58]=-30627
r[59]=19332
r[60]=15865
r[61]=10960
r[62]=-30605
r[63]=17336
r[64]=15963
r[65]=17796
r[66]=-26532
r[67]=19038
r[68]=17341
r[69]=18214
r[70]=-28304
r[71]=15418
r[72]=14498
r[73]=14010
r[74]=-25064
r[75]=13998
r[76]=15014
r[77]=14480
r[78]=-24100
r[79]=16742
r[80]=15715
r[81]=11715
r[82]=-24846
r[83]=17029
r[84]=17085
r[85]=11171
r[86]=-27898
r[87]=15951
r[88]=17390
r[89]=13971
r[90]=-24246
r[91]=15093
r[92]=18578
r[93]=11299
r[94]=-27274
r[95]=18227
r[96]=17160
r[97]=9307
r[98]=-23802
r[99]=22363
r[100]=14340
r[101]=12981
r[102]=-28238
r[103]=21077
r[104]=19546
r[105]=9767
r[106]=-20645
r[107]=19066
r[108]=17594
r[109]=8257
r[110]=-24743
r[111]=21738
r[112]=14849
r[113]=11007
r[114]=-27142
r[115]=21429
r[116]=14163
r[117]=12123
r[118]=-27286
r[119]=18225
r[120]=18274
r[121]=10177
r[122]=-25073
r[123]=19440
r[124]=16746
r[125]=7613
r[126]=-26759
r[127]=17534
r[128]=21801
r[129]=3918
r[130]=-27377
r[131]=20846
r[132]=20263
r[133]=5918
r[134]=-28729
r[135]=21726
r[136]=21702
r[137]=5983
r[138]=-23076
r[139]=18770
r[140]=19510
r[141]=8421
r[142]=-26174
r[143]=21702
r[144]=19656
r[145]=10301
r[146]=-22729
r[147]=21938
r[148]=17452
r[149]=9493
r[150]=-21793
r[151]=20010
r[152]=22002
r[153]=8167
r[154]=-24373
r[155]=22355
r[156]=20918
r[157]=5551
r[158]=-23757
r[159]=19733
r[160]=19411
r[161]=10991
r[162]=-25364
r[163]=19654
r[164]=19849
r[165]=8765
r[166]=-27578
r[167]=21094
r[168]=19362
r[169]=9612
r[170]=-26679
r[171]=21424
r[172]=-9415
r[173]=20317
r[174]=-25366
r[175]=25513
r[176]=19605
r[177]=10773
r[178]=-30258
r[179]=24026
r[180]=-6770
r[181]=22008
r[182]=-27995
r[183]=23887
r[184]=21759
r[185]=10917
r[186]=-28316
r[187]=23372
r[188]=-8562
r[189]=22342
r[190]=-30129
r[191]=24793
r[192]=17979
r[193]=7166
r[194]=-28670
r[195]=18301
r[196]=-8300
r[197]=22078
r[198]=-25447
r[199]=24029
r[200]=18653
r[201]=5720
r[202]=-25828
r[203]=17483
r[204]=-10054
r[205]=22502
r[206]=-25613
r[207]=22341
r[208]=14316
r[209]=7234
r[210]=-25505
r[211]=16557
r[212]=-8595
r[213]=20936
r[214]=-27929
r[215]=25318
r[216]=16872
r[217]=9256
r[218]=-23757
r[219]=16315
r[220]=-7119
r[221]=22396
r[222]=-26723
r[223]=26824
r[224]=21688
r[225]=8047
r[226]=-25735
r[227]=20199
r[228]=-8484
r[229]=22982
r[230]=-27530
r[231]=24661
r[232]=19594
r[233]=6277
r[234]=-27103
r[235]=17437
r[236]=-10996
r[237]=22222
r[238]=-30782
r[239]=22089
r[240]=16958
r[241]=5501
r[242]=-26371
r[243]=19995
r[244]=-9483
r[245]=20247
r[246]=-24072
r[247]=26334
r[248]=19484
r[249]=5159
r[250]=-22415
r[251]=19201
r[252]=-7601
r[253]=21133
r[254]=-27504
r[255]=25684
j 168 t -701j 169 t -1660j 170 t -1051j 171 t -136k 55 zeta -247 len 4 start 176
r[0]=13068
r[1]=8528
r[2]=-28838
r[3]=19414
r[4]=13560
r[5]=8778
r[6]=-27846
r[7]=15678
r[8]=14765
r[9]=9442
r[10]=-25292
r[11]=16189
r[12]=14599
r[13]=6332
r[14]=-26368
r[15]=16263
r[16]=13743
r[17]=9755
r[18]=-28682
r[19]=16013
r[20]=16139
r[21]=10169
r[22]=-28070
r[23]=15181
r[24]=18588
r[25]=9558
r[26]=-29767
r[27]=16689
r[28]=15986
r[29]=5790
r[30]=-31489
r[31]=12837
r[32]=18919
r[33]=7815
r[34]=-27669
r[35]=13703
r[36]=15425
r[37]=11281
r[38]=-28623
r[39]=15305
r[40]=21476
r[41]=10548
r[42]=-27249
r[43]=17319
r[44]=19016
r[45]=7652
r[46]=-27735
r[47]=15877
r[48]=15957
r[49]=7458
r[50]=-27357
r[51]=14581
r[52]=13339
r[53]=10188
r[54]=-26823
r[55]=16475
r[56]=17283
r[57]=9138
r[58]=-30627
r[59]=19332
r[60]=15865
r[61]=10960
r[62]=-30605
r[63]=17336
r[64]=15963
r[65]=17796
r[66]=-26532
r[67]=19038
r[68]=17341
r[69]=18214
r[70]=-28304
r[71]=15418
r[72]=14498
r[73]=14010
r[74]=-25064
r[75]=13998
r[76]=15014
r[77]=14480
r[78]=-24100
r[79]=16742
r[80]=15715
r[81]=11715
r[82]=-24846
r[83]=17029
r[84]=17085
r[85]=11171
r[86]=-27898
r[87]=15951
r[88]=17390
r[89]=13971
r[90]=-24246
r[91]=15093
r[92]=18578
r[93]=11299
r[94]=-27274
r[95]=18227
r[96]=17160
r[97]=9307
r[98]=-23802
r[99]=22363
r[100]=14340
r[101]=12981
r[102]=-28238
r[103]=21077
r[104]=19546
r[105]=9767
r[106]=-20645
r[107]=19066
r[108]=17594
r[109]=8257
r[110]=-24743
r[111]=21738
r[112]=14849
r[113]=11007
r[114]=-27142
r[115]=21429
r[116]=14163
r[117]=12123
r[118]=-27286
r[119]=18225
r[120]=18274
r[121]=10177
r[122]=-25073
r[123]=19440
r[124]=16746
r[125]=7613
r[126]=-26759
r[127]=17534
r[128]=21801
r[129]=3918
r[130]=-27377
r[131]=20846
r[132]=20263
r[133]=5918
r[134]=-28729
r[135]=21726
r[136]=21702
r[137]=5983
r[138]=-23076
r[139]=18770
r[140]=19510
r[141]=8421
r[142]=-26174
r[143]=21702
r[144]=19656
r[145]=10301
r[146]=-22729
r[147]=21938
r[148]=17452
r[149]=9493
r[150]=-21793
r[151]=20010
r[152]=22002
r[153]=8167
r[154]=-24373
r[155]=22355
r[156]=20918
r[157]=5551
r[158]=-23757
r[159]=19733
r[160]=19411
r[161]=10991
r[162]=-25364
r[163]=19654
r[164]=19849
r[165]=8765
r[166]=-27578
r[167]=21094
r[168]=18661
r[169]=7952
r[170]=-27730
r[171]=21288
r[172]=20063
r[173]=11272
r[174]=-25628
r[175]=21560
r[176]=19605
r[177]=10773
r[178]=-30258
r[179]=24026
r[180]=-6770
r[181]=22008
r[182]=-27995
r[183]=23887
r[184]=21759
r[185]=10917
r[186]=-28316
r[187]=23372
r[188]=-8562
r[189]=22342
r[190]=-30129
r[191]=24793
r[192]=17979
r[193]=7166
r[194]=-28670
r[195]=18301
r[196]=-8300
r[197]=22078
r[198]=-25447
r[199]=24029
r[200]=18653
r[201]=5720
r[202]=-25828
r[203]=17483
r[204]=-10054
r[205]=22502
r[206]=-25613
r[207]=22341
r[208]=14316
r[209]=7234
r[210]=-25505
r[211]=16557
r[212]=-8595
r[213]=20936
r[214]=-27929
r[215]=25318
r[216]=16872
r[217]=9256
r[218]=-23757
r[219]=16315
r[220]=-7119
r[221]=22396
r[222]=-26723
r[223]=26824
r[224]=21688
r[225]=8047
r[226]=-25735
r[227]=20199
r[228]=-8484
r[229]=22982
r[230]=-27530
r[231]=24661
r[232]=19594
r[233]=6277
r[234]=-27103
r[235]=17437
r[236]=-10996
r[237]=22222
r[238]=-30782
r[239]=22089
r[240]=16958
r[241]=5501
r[242]=-26371
r[243]=19995
r[244]=-9483
r[245]=20247
r[246]=-24072
r[247]=26334
r[248]=19484
r[249]=5159
r[250]=-22415
r[251]=19201
r[252]=-7601
r[253]=21133
r[254]=-27504
r[255]=25684
j 176 t 1300j 177 t 883j 178 t -230j 179 t 355k 56 zeta -951 len 4 start 184
r[0]=13068
r[1]=8528
r[2]=-28838
r[3]=19414
r[4]=13560
r[5]=8778
r[6]=-27846
r[7]=15678
r[8]=14765
r[9]=9442
r[10]=-25292
r[11]=16189
r[12]=14599
r[13]=6332
r[14]=-26368
r[15]=16263
r[16]=13743
r[17]=9755
r[18]=-28682
r[19]=16013
r[20]=16139
r[21]=10169
r[22]=-28070
r[23]=15181
r[24]=18588
r[25]=9558
r[26]=-29767
r[27]=16689
r[28]=15986
r[29]=5790
r[30]=-31489
r[31]=12837
r[32]=18919
r[33]=7815
r[34]=-27669
r[35]=13703
r[36]=15425
r[37]=11281
r[38]=-28623
r[39]=15305
r[40]=21476
r[41]=10548
r[42]=-27249
r[43]=17319
r[44]=19016
r[45]=7652
r[46]=-27735
r[47]=15877
r[48]=15957
r[49]=7458
r[50]=-27357
r[51]=14581
r[52]=13339
r[53]=10188
r[54]=-26823
r[55]=16475
r[56]=17283
r[57]=9138
r[58]=-30627
r[59]=19332
r[60]=15865
r[61]=10960
r[62]=-30605
r[63]=17336
r[64]=15963
r[65]=17796
r[66]=-26532
r[67]=19038
r[68]=17341
r[69]=18214
r[70]=-28304
r[71]=15418
r[72]=14498
r[73]=14010
r[74]=-25064
r[75]=13998
r[76]=15014
r[77]=14480
r[78]=-24100
r[79]=16742
r[80]=15715
r[81]=11715
r[82]=-24846
r[83]=17029
r[84]=17085
r[85]=11171
r[86]=-27898
r[87]=15951
r[88]=17390
r[89]=13971
r[90]=-24246
r[91]=15093
r[92]=18578
r[93]=11299
r[94]=-27274
r[95]=18227
r[96]=17160
r[97]=9307
r[98]=-23802
r[99]=22363
r[100]=14340
r[101]=12981
r[102]=-28238
r[103]=21077
r[104]=19546
r[105]=9767
r[106]=-20645
r[107]=19066
r[108]=17594
r[109]=8257
r[110]=-24743
r[111]=21738
r[112]=14849
r[113]=11007
r[114]=-27142
r[115]=21429
r[116]=14163
r[117]=12123
r[118]=-27286
r[119]=18225
r[120]=18274
r[121]=10177
r[122]=-25073
r[123]=19440
r[124]=16746
r[125]=7613
r[126]=-26759
r[127]=17534
r[128]=21801
r[129]=3918
r[130]=-27377
r[131]=20846
r[132]=20263
r[133]=5918
r[134]=-28729
r[135]=21726
r[136]=21702
r[137]=5983
r[138]=-23076
r[139]=18770
r[140]=19510
r[141]=8421
r[142]=-26174
r[143]=21702
r[144]=19656
r[145]=10301
r[146]=-22729
r[147]=21938
r[148]=17452
r[149]=9493
r[150]=-21793
r[151]=20010
r[152]=22002
r[153]=8167
r[154]=-24373
r[155]=22355
r[156]=20918
r[157]=5551
r[158]=-23757
r[159]=19733
r[160]=19411
r[161]=10991
r[162]=-25364
r[163]=19654
r[164]=19849
r[165]=8765
r[166]=-27578
r[167]=21094
r[168]=18661
r[169]=7952
r[170]=-27730
r[171]=21288
r[172]=20063
r[173]=11272
r[174]=-25628
r[175]=21560
r[176]=20905
r[177]=11656
r[178]=-30488
r[179]=24381
r[180]=18305
r[181]=9890
r[182]=-30028
r[183]=23671
r[184]=21759
r[185]=10917
r[186]=-28316
r[187]=23372
r[188]=-8562
r[189]=22342
r[190]=-30129
r[191]=24793
r[192]=17979
r[193]=7166
r[194]=-28670
r[195]=18301
r[196]=-8300
r[197]=22078
r[198]=-25447
r[199]=24029
r[200]=18653
r[201]=5720
r[202]=-25828
r[203]=17483
r[204]=-10054
r[205]=22502
r[206]=-25613
r[207]=22341
r[208]=14316
r[209]=7234
r[210]=-25505
r[211]=16557
r[212]=-8595
r[213]=20936
r[214]=-27929
r[215]=25318
r[216]=16872
r[217]=9256
r[218]=-23757
r[219]=16315
r[220]=-7119
r[221]=22396
r[222]=-26723
r[223]=26824
r[224]=21688
r[225]=8047
r[226]=-25735
r[227]=20199
r[228]=-8484
r[229]=22982
r[230]=-27530
r[231]=24661
r[232]=19594
r[233]=6277
r[234]=-27103
r[235]=17437
r[236]=-10996
r[237]=22222
r[238]=-30782
r[239]=22089
r[240]=16958
r[241]=5501
r[242]=-26371
r[243]=19995
r[244]=-9483
r[245]=20247
r[246]=-24072
r[247]=26334
r[248]=19484
r[249]=5159
r[250]=-22415
r[251]=19201
r[252]=-7601
r[253]=21133
r[254]=-27504
r[255]=25684
j 184 t 638j 185 t -1325j 186 t -727j 187 t 305k 57 zeta -398 len 4 start 192
r[0]=13068
r[1]=8528
r[2]=-28838
r[3]=19414
r[4]=13560
r[5]=8778
r[6]=-27846
r[7]=15678
r[8]=14765
r[9]=9442
r[10]=-25292
r[11]=16189
r[12]=14599
r[13]=6332
r[14]=-26368
r[15]=16263
r[16]=13743
r[17]=9755
r[18]=-28682
r[19]=16013
r[20]=16139
r[21]=10169
r[22]=-28070
r[23]=15181
r[24]=18588
r[25]=9558
r[26]=-29767
r[27]=16689
r[28]=15986
r[29]=5790
r[30]=-31489
r[31]=12837
r[32]=18919
r[33]=7815
r[34]=-27669
r[35]=13703
r[36]=15425
r[37]=11281
r[38]=-28623
r[39]=15305
r[40]=21476
r[41]=10548
r[42]=-27249
r[43]=17319
r[44]=19016
r[45]=7652
r[46]=-27735
r[47]=15877
r[48]=15957
r[49]=7458
r[50]=-27357
r[51]=14581
r[52]=13339
r[53]=10188
r[54]=-26823
r[55]=16475
r[56]=17283
r[57]=9138
r[58]=-30627
r[59]=19332
r[60]=15865
r[61]=10960
r[62]=-30605
r[63]=17336
r[64]=15963
r[65]=17796
r[66]=-26532
r[67]=19038
r[68]=17341
r[69]=18214
r[70]=-28304
r[71]=15418
r[72]=14498
r[73]=14010
r[74]=-25064
r[75]=13998
r[76]=15014
r[77]=14480
r[78]=-24100
r[79]=16742
r[80]=15715
r[81]=11715
r[82]=-24846
r[83]=17029
r[84]=17085
r[85]=11171
r[86]=-27898
r[87]=15951
r[88]=17390
r[89]=13971
r[90]=-24246
r[91]=15093
r[92]=18578
r[93]=11299
r[94]=-27274
r[95]=18227
r[96]=17160
r[97]=9307
r[98]=-23802
r[99]=22363
r[100]=14340
r[101]=12981
r[102]=-28238
r[103]=21077
r[104]=19546
r[105]=9767
r[106]=-20645
r[107]=19066
r[108]=17594
r[109]=8257
r[110]=-24743
r[111]=21738
r[112]=14849
r[113]=11007
r[114]=-27142
r[115]=21429
r[116]=14163
r[117]=12123
r[118]=-27286
r[119]=18225
r[120]=18274
r[121]=10177
r[122]=-25073
r[123]=19440
r[124]=16746
r[125]=7613
r[126]=-26759
r[127]=17534
r[128]=21801
r[129]=3918
r[130]=-27377
r[131]=20846
r[132]=20263
r[133]=5918
r[134]=-28729
r[135]=21726
r[136]=21702
r[137]=5983
r[138]=-23076
r[139]=18770
r[140]=19510
r[141]=8421
r[142]=-26174
r[143]=21702
r[144]=19656
r[145]=10301
r[146]=-22729
r[147]=21938
r[148]=17452
r[149]=9493
r[150]=-21793
r[151]=20010
r[152]=22002
r[153]=8167
r[154]=-24373
r[155]=22355
r[156]=20918
r[157]=5551
r[158]=-23757
r[159]=19733
r[160]=19411
r[161]=10991
r[162]=-25364
r[163]=19654
r[164]=19849
r[165]=8765
r[166]=-27578
r[167]=21094
r[168]=18661
r[169]=7952
r[170]=-27730
r[171]=21288
r[172]=20063
r[173]=11272
r[174]=-25628
r[175]=21560
r[176]=20905
r[177]=11656
r[178]=-30488
r[179]=24381
r[180]=18305
r[181]=9890
r[182]=-30028
r[183]=23671
r[184]=22397
r[185]=9592
r[186]=-29043
r[187]=23677
r[188]=21121
r[189]=12242
r[190]=-27589
r[191]=23067
r[192]=17979
r[193]=7166
r[194]=-28670
r[195]=18301
r[196]=-8300
r[197]=22078
r[198]=-25447
r[199]=24029
r[200]=18653
r[201]=5720
r[202]=-25828
r[203]=17483
r[204]=-10054
r[205]=22502
r[206]=-25613
r[207]=22341
r[208]=14316
r[209]=7234
r[210]=-25505
r[211]=16557
r[212]=-8595
r[213]=20936
r[214]=-27929
r[215]=25318
r[216]=16872
r[217]=9256
r[218]=-23757
r[219]=16315
r[220]=-7119
r[221]=22396
r[222]=-26723
r[223]=26824
r[224]=21688
r[225]=8047
r[226]=-25735
r[227]=20199
r[228]=-8484
r[229]=22982
r[230]=-27530
r[231]=24661
r[232]=19594
r[233]=6277
r[234]=-27103
r[235]=17437
r[236]=-10996
r[237]=22222
r[238]=-30782
r[239]=22089
r[240]=16958
r[241]=5501
r[242]=-26371
r[243]=19995
r[244]=-9483
r[245]=20247
r[246]=-24072
r[247]=26334
r[248]=19484
r[249]=5159
r[250]=-22415
r[251]=19201
r[252]=-7601
r[253]=21133
r[254]=-27504
r[255]=25684
j 192 t 1300j 193 t -129j 194 t 777j 195 t 889k 58 zeta 961 len 4 start 200
r[0]=13068
r[1]=8528
r[2]=-28838
r[3]=19414
r[4]=13560
r[5]=8778
r[6]=-27846
r[7]=15678
r[8]=14765
r[9]=9442
r[10]=-25292
r[11]=16189
r[12]=14599
r[13]=6332
r[14]=-26368
r[15]=16263
r[16]=13743
r[17]=9755
r[18]=-28682
r[19]=16013
r[20]=16139
r[21]=10169
r[22]=-28070
r[23]=15181
r[24]=18588
r[25]=9558
r[26]=-29767
r[27]=16689
r[28]=15986
r[29]=5790
r[30]=-31489
r[31]=12837
r[32]=18919
r[33]=7815
r[34]=-27669
r[35]=13703
r[36]=15425
r[37]=11281
r[38]=-28623
r[39]=15305
r[40]=21476
r[41]=10548
r[42]=-27249
r[43]=17319
r[44]=19016
r[45]=7652
r[46]=-27735
r[47]=15877
r[48]=15957
r[49]=7458
r[50]=-27357
r[51]=14581
r[52]=13339
r[53]=10188
r[54]=-26823
r[55]=16475
r[56]=17283
r[57]=9138
r[58]=-30627
r[59]=19332
r[60]=15865
r[61]=10960
r[62]=-30605
r[63]=17336
r[64]=15963
r[65]=17796
r[66]=-26532
r[67]=19038
r[68]=17341
r[69]=18214
r[70]=-28304
r[71]=15418
r[72]=14498
r[73]=14010
r[74]=-25064
r[75]=13998
r[76]=15014
r[77]=14480
r[78]=-24100
r[79]=16742
r[80]=15715
r[81]=11715
r[82]=-24846
r[83]=17029
r[84]=17085
r[85]=11171
r[86]=-27898
r[87]=15951
r[88]=17390
r[89]=13971
r[90]=-24246
r[91]=15093
r[92]=18578
r[93]=11299
r[94]=-27274
r[95]=18227
r[96]=17160
r[97]=9307
r[98]=-23802
r[99]=22363
r[100]=14340
r[101]=12981
r[102]=-28238
r[103]=21077
r[104]=19546
r[105]=9767
r[106]=-20645
r[107]=19066
r[108]=17594
r[109]=8257
r[110]=-24743
r[111]=21738
r[112]=14849
r[113]=11007
r[114]=-27142
r[115]=21429
r[116]=14163
r[117]=12123
r[118]=-27286
r[119]=18225
r[120]=18274
r[121]=10177
r[122]=-25073
r[123]=19440
r[124]=16746
r[125]=7613
r[126]=-26759
r[127]=17534
r[128]=21801
r[129]=3918
r[130]=-27377
r[131]=20846
r[132]=20263
r[133]=5918
r[134]=-28729
r[135]=21726
r[136]=21702
r[137]=5983
r[138]=-23076
r[139]=18770
r[140]=19510
r[141]=8421
r[142]=-26174
r[143]=21702
r[144]=19656
r[145]=10301
r[146]=-22729
r[147]=21938
r[148]=17452
r[149]=9493
r[150]=-21793
r[151]=20010
r[152]=22002
r[153]=8167
r[154]=-24373
r[155]=22355
r[156]=20918
r[157]=5551
r[158]=-23757
r[159]=19733
r[160]=19411
r[161]=10991
r[162]=-25364
r[163]=19654
r[164]=19849
r[165]=8765
r[166]=-27578
r[167]=21094
r[168]=18661
r[169]=7952
r[170]=-27730
r[171]=21288
r[172]=20063
r[173]=11272
r[174]=-25628
r[175]=21560
r[176]=20905
r[177]=11656
r[178]=-30488
r[179]=24381
r[180]=18305
r[181]=9890
r[182]=-30028
r[183]=23671
r[184]=22397
r[185]=9592
r[186]=-29043
r[187]=23677
r[188]=21121
r[189]=12242
r[190]=-27589
r[191]=23067
r[192]=19279
r[193]=7037
r[194]=-27893
r[195]=19190
r[196]=16679
r[197]=7295
r[198]=-29447
r[199]=17412
r[200]=18653
r[201]=5720
r[202]=-25828
r[203]=17483
r[204]=-10054
r[205]=22502
r[206]=-25613
r[207]=22341
r[208]=14316
r[209]=7234
r[210]=-25505
r[211]=16557
r[212]=-8595
r[213]=20936
r[214]=-27929
r[215]=25318
r[216]=16872
r[217]=9256
r[218]=-23757
r[219]=16315
r[220]=-7119
r[221]=22396
r[222]=-26723
r[223]=26824
r[224]=21688
r[225]=8047
r[226]=-25735
r[227]=20199
r[228]=-8484
r[229]=22982
r[230]=-27530
r[231]=24661
r[232]=19594
r[233]=6277
r[234]=-27103
r[235]=17437
r[236]=-10996
r[237]=22222
r[238]=-30782
r[239]=22089
r[240]=16958
r[241]=5501
r[242]=-26371
r[243]=19995
r[244]=-9483
r[245]=20247
r[246]=-24072
r[247]=26334
r[248]=19484
r[249]=5159
r[250]=-22415
r[251]=19201
r[252]=-7601
r[253]=21133
r[254]=-27504
r[255]=25684
j 200 t 1098j 201 t 1053j 202 t 194j 203 t -830k 59 zeta -1508 len 4 start 208
r[0]=13068
r[1]=8528
r[2]=-28838
r[3]=19414
r[4]=13560
r[5]=8778
r[6]=-27846
r[7]=15678
r[8]=14765
r[9]=9442
r[10]=-25292
r[11]=16189
r[12]=14599
r[13]=6332
r[14]=-26368
r[15]=16263
r[16]=13743
r[17]=9755
r[18]=-28682
r[19]=16013
r[20]=16139
r[21]=10169
r[22]=-28070
r[23]=15181
r[24]=18588
r[25]=9558
r[26]=-29767
r[27]=16689
r[28]=15986
r[29]=5790
r[30]=-31489
r[31]=12837
r[32]=18919
r[33]=7815
r[34]=-27669
r[35]=13703
r[36]=15425
r[37]=11281
r[38]=-28623
r[39]=15305
r[40]=21476
r[41]=10548
r[42]=-27249
r[43]=17319
r[44]=19016
r[45]=7652
r[46]=-27735
r[47]=15877
r[48]=15957
r[49]=7458
r[50]=-27357
r[51]=14581
r[52]=13339
r[53]=10188
r[54]=-26823
r[55]=16475
r[56]=17283
r[57]=9138
r[58]=-30627
r[59]=19332
r[60]=15865
r[61]=10960
r[62]=-30605
r[63]=17336
r[64]=15963
r[65]=17796
r[66]=-26532
r[67]=19038
r[68]=17341
r[69]=18214
r[70]=-28304
r[71]=15418
r[72]=14498
r[73]=14010
r[74]=-25064
r[75]=13998
r[76]=15014
r[77]=14480
r[78]=-24100
r[79]=16742
r[80]=15715
r[81]=11715
r[82]=-24846
r[83]=17029
r[84]=17085
r[85]=11171
r[86]=-27898
r[87]=15951
r[88]=17390
r[89]=13971
r[90]=-24246
r[91]=15093
r[92]=18578
r[93]=11299
r[94]=-27274
r[95]=18227
r[96]=17160
r[97]=9307
r[98]=-23802
r[99]=22363
r[100]=14340
r[101]=12981
r[102]=-28238
r[103]=21077
r[104]=19546
r[105]=9767
r[106]=-20645
r[107]=19066
r[108]=17594
r[109]=8257
r[110]=-24743
r[111]=21738
r[112]=14849
r[113]=11007
r[114]=-27142
r[115]=21429
r[116]=14163
r[117]=12123
r[118]=-27286
r[119]=18225
r[120]=18274
r[121]=10177
r[122]=-25073
r[123]=19440
r[124]=16746
r[125]=7613
r[126]=-26759
r[127]=17534
r[128]=21801
r[129]=3918
r[130]=-27377
r[131]=20846
r[132]=20263
r[133]=5918
r[134]=-28729
r[135]=21726
r[136]=21702
r[137]=5983
r[138]=-23076
r[139]=18770
r[140]=19510
r[141]=8421
r[142]=-26174
r[143]=21702
r[144]=19656
r[145]=10301
r[146]=-22729
r[147]=21938
r[148]=17452
r[149]=9493
r[150]=-21793
r[151]=20010
r[152]=22002
r[153]=8167
r[154]=-24373
r[155]=22355
r[156]=20918
r[157]=5551
r[158]=-23757
r[159]=19733
r[160]=19411
r[161]=10991
r[162]=-25364
r[163]=19654
r[164]=19849
r[165]=8765
r[166]=-27578
r[167]=21094
r[168]=18661
r[169]=7952
r[170]=-27730
r[171]=21288
r[172]=20063
r[173]=11272
r[174]=-25628
r[175]=21560
r[176]=20905
r[177]=11656
r[178]=-30488
r[179]=24381
r[180]=18305
r[181]=9890
r[182]=-30028
r[183]=23671
r[184]=22397
r[185]=9592
r[186]=-29043
r[187]=23677
r[188]=21121
r[189]=12242
r[190]=-27589
r[191]=23067
r[192]=19279
r[193]=7037
r[194]=-27893
r[195]=19190
r[196]=16679
r[197]=7295
r[198]=-29447
r[199]=17412
r[200]=19751
r[201]=6773
r[202]=-25634
r[203]=16653
r[204]=17555
r[205]=4667
r[206]=-26022
r[207]=18313
r[208]=14316
r[209]=7234
r[210]=-25505
r[211]=16557
r[212]=-8595
r[213]=20936
r[214]=-27929
r[215]=25318
r[216]=16872
r[217]=9256
r[218]=-23757
r[219]=16315
r[220]=-7119
r[221]=22396
r[222]=-26723
r[223]=26824
r[224]=21688
r[225]=8047
r[226]=-25735
r[227]=20199
r[228]=-8484
r[229]=22982
r[230]=-27530
r[231]=24661
r[232]=19594
r[233]=6277
r[234]=-27103
r[235]=17437
r[236]=-10996
r[237]=22222
r[238]=-30782
r[239]=22089
r[240]=16958
r[241]=5501
r[242]=-26371
r[243]=19995
r[244]=-9483
r[245]=20247
r[246]=-24072
r[247]=26334
r[248]=19484
r[249]=5159
r[250]=-22415
r[251]=19201
r[252]=-7601
r[253]=21133
r[254]=-27504
r[255]=25684
j 208 t 901j 209 t -90j 210 t -24j 211 t -1898k 60 zeta -725 len 4 start 216
r[0]=13068
r[1]=8528
r[2]=-28838
r[3]=19414
r[4]=13560
r[5]=8778
r[6]=-27846
r[7]=15678
r[8]=14765
r[9]=9442
r[10]=-25292
r[11]=16189
r[12]=14599
r[13]=6332
r[14]=-26368
r[15]=16263
r[16]=13743
r[17]=9755
r[18]=-28682
r[19]=16013
r[20]=16139
r[21]=10169
r[22]=-28070
r[23]=15181
r[24]=18588
r[25]=9558
r[26]=-29767
r[27]=16689
r[28]=15986
r[29]=5790
r[30]=-31489
r[31]=12837
r[32]=18919
r[33]=7815
r[34]=-27669
r[35]=13703
r[36]=15425
r[37]=11281
r[38]=-28623
r[39]=15305
r[40]=21476
r[41]=10548
r[42]=-27249
r[43]=17319
r[44]=19016
r[45]=7652
r[46]=-27735
r[47]=15877
r[48]=15957
r[49]=7458
r[50]=-27357
r[51]=14581
r[52]=13339
r[53]=10188
r[54]=-26823
r[55]=16475
r[56]=17283
r[57]=9138
r[58]=-30627
r[59]=19332
r[60]=15865
r[61]=10960
r[62]=-30605
r[63]=17336
r[64]=15963
r[65]=17796
r[66]=-26532
r[67]=19038
r[68]=17341
r[69]=18214
r[70]=-28304
r[71]=15418
r[72]=14498
r[73]=14010
r[74]=-25064
r[75]=13998
r[76]=15014
r[77]=14480
r[78]=-24100
r[79]=16742
r[80]=15715
r[81]=11715
r[82]=-24846
r[83]=17029
r[84]=17085
r[85]=11171
r[86]=-27898
r[87]=15951
r[88]=17390
r[89]=13971
r[90]=-24246
r[91]=15093
r[92]=18578
r[93]=11299
r[94]=-27274
r[95]=18227
r[96]=17160
r[97]=9307
r[98]=-23802
r[99]=22363
r[100]=14340
r[101]=12981
r[102]=-28238
r[103]=21077
r[104]=19546
r[105]=9767
r[106]=-20645
r[107]=19066
r[108]=17594
r[109]=8257
r[110]=-24743
r[111]=21738
r[112]=14849
r[113]=11007
r[114]=-27142
r[115]=21429
r[116]=14163
r[117]=12123
r[118]=-27286
r[119]=18225
r[120]=18274
r[121]=10177
r[122]=-25073
r[123]=19440
r[124]=16746
r[125]=7613
r[126]=-26759
r[127]=17534
r[128]=21801
r[129]=3918
r[130]=-27377
r[131]=20846
r[132]=20263
r[133]=5918
r[134]=-28729
r[135]=21726
r[136]=21702
r[137]=5983
r[138]=-23076
r[139]=18770
r[140]=19510
r[141]=8421
r[142]=-26174
r[143]=21702
r[144]=19656
r[145]=10301
r[146]=-22729
r[147]=21938
r[148]=17452
r[149]=9493
r[150]=-21793
r[151]=20010
r[152]=22002
r[153]=8167
r[154]=-24373
r[155]=22355
r[156]=20918
r[157]=5551
r[158]=-23757
r[159]=19733
r[160]=19411
r[161]=10991
r[162]=-25364
r[163]=19654
r[164]=19849
r[165]=8765
r[166]=-27578
r[167]=21094
r[168]=18661
r[169]=7952
r[170]=-27730
r[171]=21288
r[172]=20063
r[173]=11272
r[174]=-25628
r[175]=21560
r[176]=20905
r[177]=11656
r[178]=-30488
r[179]=24381
r[180]=18305
r[181]=9890
r[182]=-30028
r[183]=23671
r[184]=22397
r[185]=9592
r[186]=-29043
r[187]=23677
r[188]=21121
r[189]=12242
r[190]=-27589
r[191]=23067
r[192]=19279
r[193]=7037
r[194]=-27893
r[195]=19190
r[196]=16679
r[197]=7295
r[198]=-29447
r[199]=17412
r[200]=19751
r[201]=6773
r[202]=-25634
r[203]=16653
r[204]=17555
r[205]=4667
r[206]=-26022
r[207]=18313
r[208]=15217
r[209]=7144
r[210]=-25529
r[211]=14659
r[212]=13415
r[213]=7324
r[214]=-25481
r[215]=18455
r[216]=16872
r[217]=9256
r[218]=-23757
r[219]=16315
r[220]=-7119
r[221]=22396
r[222]=-26723
r[223]=26824
r[224]=21688
r[225]=8047
r[226]=-25735
r[227]=20199
r[228]=-8484
r[229]=22982
r[230]=-27530
r[231]=24661
r[232]=19594
r[233]=6277
r[234]=-27103
r[235]=17437
r[236]=-10996
r[237]=22222
r[238]=-30782
r[239]=22089
r[240]=16958
r[241]=5501
r[242]=-26371
r[243]=19995
r[244]=-9483
r[245]=20247
r[246]=-24072
r[247]=26334
r[248]=19484
r[249]=5159
r[250]=-22415
r[251]=19201
r[252]=-7601
r[253]=21133
r[254]=-27504
r[255]=25684
j 216 t 882j 217 t -1832j 218 t 954j 219 t 1243k 61 zeta 448 len 4 start 224
r[0]=13068
r[1]=8528
r[2]=-28838
r[3]=19414
r[4]=13560
r[5]=8778
r[6]=-27846
r[7]=15678
r[8]=14765
r[9]=9442
r[10]=-25292
r[11]=16189
r[12]=14599
r[13]=6332
r[14]=-26368
r[15]=16263
r[16]=13743
r[17]=9755
r[18]=-28682
r[19]=16013
r[20]=16139
r[21]=10169
r[22]=-28070
r[23]=15181
r[24]=18588
r[25]=9558
r[26]=-29767
r[27]=16689
r[28]=15986
r[29]=5790
r[30]=-31489
r[31]=12837
r[32]=18919
r[33]=7815
r[34]=-27669
r[35]=13703
r[36]=15425
r[37]=11281
r[38]=-28623
r[39]=15305
r[40]=21476
r[41]=10548
r[42]=-27249
r[43]=17319
r[44]=19016
r[45]=7652
r[46]=-27735
r[47]=15877
r[48]=15957
r[49]=7458
r[50]=-27357
r[51]=14581
r[52]=13339
r[53]=10188
r[54]=-26823
r[55]=16475
r[56]=17283
r[57]=9138
r[58]=-30627
r[59]=19332
r[60]=15865
r[61]=10960
r[62]=-30605
r[63]=17336
r[64]=15963
r[65]=17796
r[66]=-26532
r[67]=19038
r[68]=17341
r[69]=18214
r[70]=-28304
r[71]=15418
r[72]=14498
r[73]=14010
r[74]=-25064
r[75]=13998
r[76]=15014
r[77]=14480
r[78]=-24100
r[79]=16742
r[80]=15715
r[81]=11715
r[82]=-24846
r[83]=17029
r[84]=17085
r[85]=11171
r[86]=-27898
r[87]=15951
r[88]=17390
r[89]=13971
r[90]=-24246
r[91]=15093
r[92]=18578
r[93]=11299
r[94]=-27274
r[95]=18227
r[96]=17160
r[97]=9307
r[98]=-23802
r[99]=22363
r[100]=14340
r[101]=12981
r[102]=-28238
r[103]=21077
r[104]=19546
r[105]=9767
r[106]=-20645
r[107]=19066
r[108]=17594
r[109]=8257
r[110]=-24743
r[111]=21738
r[112]=14849
r[113]=11007
r[114]=-27142
r[115]=21429
r[116]=14163
r[117]=12123
r[118]=-27286
r[119]=18225
r[120]=18274
r[121]=10177
r[122]=-25073
r[123]=19440
r[124]=16746
r[125]=7613
r[126]=-26759
r[127]=17534
r[128]=21801
r[129]=3918
r[130]=-27377
r[131]=20846
r[132]=20263
r[133]=5918
r[134]=-28729
r[135]=21726
r[136]=21702
r[137]=5983
r[138]=-23076
r[139]=18770
r[140]=19510
r[141]=8421
r[142]=-26174
r[143]=21702
r[144]=19656
r[145]=10301
r[146]=-22729
r[147]=21938
r[148]=17452
r[149]=9493
r[150]=-21793
r[151]=20010
r[152]=22002
r[153]=8167
r[154]=-24373
r[155]=22355
r[156]=20918
r[157]=5551
r[158]=-23757
r[159]=19733
r[160]=19411
r[161]=10991
r[162]=-25364
r[163]=19654
r[164]=19849
r[165]=8765
r[166]=-27578
r[167]=21094
r[168]=18661
r[169]=7952
r[170]=-27730
r[171]=21288
r[172]=20063
r[173]=11272
r[174]=-25628
r[175]=21560
r[176]=20905
r[177]=11656
r[178]=-30488
r[179]=24381
r[180]=18305
r[181]=9890
r[182]=-30028
r[183]=23671
r[184]=22397
r[185]=9592
r[186]=-29043
r[187]=23677
r[188]=21121
r[189]=12242
r[190]=-27589
r[191]=23067
r[192]=19279
r[193]=7037
r[194]=-27893
r[195]=19190
r[196]=16679
r[197]=7295
r[198]=-29447
r[199]=17412
r[200]=19751
r[201]=6773
r[202]=-25634
r[203]=16653
r[204]=17555
r[205]=4667
r[206]=-26022
r[207]=18313
r[208]=15217
r[209]=7144
r[210]=-25529
r[211]=14659
r[212]=13415
r[213]=7324
r[214]=-25481
r[215]=18455
r[216]=17754
r[217]=7424
r[218]=-22803
r[219]=17558
r[220]=15990
r[221]=11088
r[222]=-24711
r[223]=15072
r[224]=21688
r[225]=8047
r[226]=-25735
r[227]=20199
r[228]=-8484
r[229]=22982
r[230]=-27530
r[231]=24661
r[232]=19594
r[233]=6277
r[234]=-27103
r[235]=17437
r[236]=-10996
r[237]=22222
r[238]=-30782
r[239]=22089
r[240]=16958
r[241]=5501
r[242]=-26371
r[243]=19995
r[244]=-9483
r[245]=20247
r[246]=-24072
r[247]=26334
r[248]=19484
r[249]=5159
r[250]=-22415
r[251]=19201
r[252]=-7601
r[253]=21133
r[254]=-27504
r[255]=25684
j 224 t -71j 225 t 1477j 226 t -1209j 227 t 731k 62 zeta -1065 len 4 start 232
r[0]=13068
r[1]=8528
r[2]=-28838
r[3]=19414
r[4]=13560
r[5]=8778
r[6]=-27846
r[7]=15678
r[8]=14765
r[9]=9442
r[10]=-25292
r[11]=16189
r[12]=14599
r[13]=6332
r[14]=-26368
r[15]=16263
r[16]=13743
r[17]=9755
r[18]=-28682
r[19]=16013
r[20]=16139
r[21]=10169
r[22]=-28070
r[23]=15181
r[24]=18588
r[25]=9558
r[26]=-29767
r[27]=16689
r[28]=15986
r[29]=5790
r[30]=-31489
r[31]=12837
r[32]=18919
r[33]=7815
r[34]=-27669
r[35]=13703
r[36]=15425
r[37]=11281
r[38]=-28623
r[39]=15305
r[40]=21476
r[41]=10548
r[42]=-27249
r[43]=17319
r[44]=19016
r[45]=7652
r[46]=-27735
r[47]=15877
r[48]=15957
r[49]=7458
r[50]=-27357
r[51]=14581
r[52]=13339
r[53]=10188
r[54]=-26823
r[55]=16475
r[56]=17283
r[57]=9138
r[58]=-30627
r[59]=19332
r[60]=15865
r[61]=10960
r[62]=-30605
r[63]=17336
r[64]=15963
r[65]=17796
r[66]=-26532
r[67]=19038
r[68]=17341
r[69]=18214
r[70]=-28304
r[71]=15418
r[72]=14498
r[73]=14010
r[74]=-25064
r[75]=13998
r[76]=15014
r[77]=14480
r[78]=-24100
r[79]=16742
r[80]=15715
r[81]=11715
r[82]=-24846
r[83]=17029
r[84]=17085
r[85]=11171
r[86]=-27898
r[87]=15951
r[88]=17390
r[89]=13971
r[90]=-24246
r[91]=15093
r[92]=18578
r[93]=11299
r[94]=-27274
r[95]=18227
r[96]=17160
r[97]=9307
r[98]=-23802
r[99]=22363
r[100]=14340
r[101]=12981
r[102]=-28238
r[103]=21077
r[104]=19546
r[105]=9767
r[106]=-20645
r[107]=19066
r[108]=17594
r[109]=8257
r[110]=-24743
r[111]=21738
r[112]=14849
r[113]=11007
r[114]=-27142
r[115]=21429
r[116]=14163
r[117]=12123
r[118]=-27286
r[119]=18225
r[120]=18274
r[121]=10177
r[122]=-25073
r[123]=19440
r[124]=16746
r[125]=7613
r[126]=-26759
r[127]=17534
r[128]=21801
r[129]=3918
r[130]=-27377
r[131]=20846
r[132]=20263
r[133]=5918
r[134]=-28729
r[135]=21726
r[136]=21702
r[137]=5983
r[138]=-23076
r[139]=18770
r[140]=19510
r[141]=8421
r[142]=-26174
r[143]=21702
r[144]=19656
r[145]=10301
r[146]=-22729
r[147]=21938
r[148]=17452
r[149]=9493
r[150]=-21793
r[151]=20010
r[152]=22002
r[153]=8167
r[154]=-24373
r[155]=22355
r[156]=20918
r[157]=5551
r[158]=-23757
r[159]=19733
r[160]=19411
r[161]=10991
r[162]=-25364
r[163]=19654
r[164]=19849
r[165]=8765
r[166]=-27578
r[167]=21094
r[168]=18661
r[169]=7952
r[170]=-27730
r[171]=21288
r[172]=20063
r[173]=11272
r[174]=-25628
r[175]=21560
r[176]=20905
r[177]=11656
r[178]=-30488
r[179]=24381
r[180]=18305
r[181]=9890
r[182]=-30028
r[183]=23671
r[184]=22397
r[185]=9592
r[186]=-29043
r[187]=23677
r[188]=21121
r[189]=12242
r[190]=-27589
r[191]=23067
r[192]=19279
r[193]=7037
r[194]=-27893
r[195]=19190
r[196]=16679
r[197]=7295
r[198]=-29447
r[199]=17412
r[200]=19751
r[201]=6773
r[202]=-25634
r[203]=16653
r[204]=17555
r[205]=4667
r[206]=-26022
r[207]=18313
r[208]=15217
r[209]=7144
r[210]=-25529
r[211]=14659
r[212]=13415
r[213]=7324
r[214]=-25481
r[215]=18455
r[216]=17754
r[217]=7424
r[218]=-22803
r[219]=17558
r[220]=15990
r[221]=11088
r[222]=-24711
r[223]=15072
r[224]=21617
r[225]=9524
r[226]=-26944
r[227]=20930
r[228]=21759
r[229]=6570
r[230]=-24526
r[231]=19468
r[232]=19594
r[233]=6277
r[234]=-27103
r[235]=17437
r[236]=-10996
r[237]=22222
r[238]=-30782
r[239]=22089
r[240]=16958
r[241]=5501
r[242]=-26371
r[243]=19995
r[244]=-9483
r[245]=20247
r[246]=-24072
r[247]=26334
r[248]=19484
r[249]=5159
r[250]=-22415
r[251]=19201
r[252]=-7601
r[253]=21133
r[254]=-27504
r[255]=25684
j 232 t 1257j 233 t 380j 234 t 33j 235 t -454k 63 zeta 677 len 4 start 240
r[0]=13068
r[1]=8528
r[2]=-28838
r[3]=19414
r[4]=13560
r[5]=8778
r[6]=-27846
r[7]=15678
r[8]=14765
r[9]=9442
r[10]=-25292
r[11]=16189
r[12]=14599
r[13]=6332
r[14]=-26368
r[15]=16263
r[16]=13743
r[17]=9755
r[18]=-28682
r[19]=16013
r[20]=16139
r[21]=10169
r[22]=-28070
r[23]=15181
r[24]=18588
r[25]=9558
r[26]=-29767
r[27]=16689
r[28]=15986
r[29]=5790
r[30]=-31489
r[31]=12837
r[32]=18919
r[33]=7815
r[34]=-27669
r[35]=13703
r[36]=15425
r[37]=11281
r[38]=-28623
r[39]=15305
r[40]=21476
r[41]=10548
r[42]=-27249
r[43]=17319
r[44]=19016
r[45]=7652
r[46]=-27735
r[47]=15877
r[48]=15957
r[49]=7458
r[50]=-27357
r[51]=14581
r[52]=13339
r[53]=10188
r[54]=-26823
r[55]=16475
r[56]=17283
r[57]=9138
r[58]=-30627
r[59]=19332
r[60]=15865
r[61]=10960
r[62]=-30605
r[63]=17336
r[64]=15963
r[65]=17796
r[66]=-26532
r[67]=19038
r[68]=17341
r[69]=18214
r[70]=-28304
r[71]=15418
r[72]=14498
r[73]=14010
r[74]=-25064
r[75]=13998
r[76]=15014
r[77]=14480
r[78]=-24100
r[79]=16742
r[80]=15715
r[81]=11715
r[82]=-24846
r[83]=17029
r[84]=17085
r[85]=11171
r[86]=-27898
r[87]=15951
r[88]=17390
r[89]=13971
r[90]=-24246
r[91]=15093
r[92]=18578
r[93]=11299
r[94]=-27274
r[95]=18227
r[96]=17160
r[97]=9307
r[98]=-23802
r[99]=22363
r[100]=14340
r[101]=12981
r[102]=-28238
r[103]=21077
r[104]=19546
r[105]=9767
r[106]=-20645
r[107]=19066
r[108]=17594
r[109]=8257
r[110]=-24743
r[111]=21738
r[112]=14849
r[113]=11007
r[114]=-27142
r[115]=21429
r[116]=14163
r[117]=12123
r[118]=-27286
r[119]=18225
r[120]=18274
r[121]=10177
r[122]=-25073
r[123]=19440
r[124]=16746
r[125]=7613
r[126]=-26759
r[127]=17534
r[128]=21801
r[129]=3918
r[130]=-27377
r[131]=20846
r[132]=20263
r[133]=5918
r[134]=-28729
r[135]=21726
r[136]=21702
r[137]=5983
r[138]=-23076
r[139]=18770
r[140]=19510
r[141]=8421
r[142]=-26174
r[143]=21702
r[144]=19656
r[145]=10301
r[146]=-22729
r[147]=21938
r[148]=17452
r[149]=9493
r[150]=-21793
r[151]=20010
r[152]=22002
r[153]=8167
r[154]=-24373
r[155]=22355
r[156]=20918
r[157]=5551
r[158]=-23757
r[159]=19733
r[160]=19411
r[161]=10991
r[162]=-25364
r[163]=19654
r[164]=19849
r[165]=8765
r[166]=-27578
r[167]=21094
r[168]=18661
r[169]=7952
r[170]=-27730
r[171]=21288
r[172]=20063
r[173]=11272
r[174]=-25628
r[175]=21560
r[176]=20905
r[177]=11656
r[178]=-30488
r[179]=24381
r[180]=18305
r[181]=9890
r[182]=-30028
r[183]=23671
r[184]=22397
r[185]=9592
r[186]=-29043
r[187]=23677
r[188]=21121
r[189]=12242
r[190]=-27589
r[191]=23067
r[192]=19279
r[193]=7037
r[194]=-27893
r[195]=19190
r[196]=16679
r[197]=7295
r[198]=-29447
r[199]=17412
r[200]=19751
r[201]=6773
r[202]=-25634
r[203]=16653
r[204]=17555
r[205]=4667
r[206]=-26022
r[207]=18313
r[208]=15217
r[209]=7144
r[210]=-25529
r[211]=14659
r[212]=13415
r[213]=7324
r[214]=-25481
r[215]=18455
r[216]=17754
r[217]=7424
r[218]=-22803
r[219]=17558
r[220]=15990
r[221]=11088
r[222]=-24711
r[223]=15072
r[224]=21617
r[225]=9524
r[226]=-26944
r[227]=20930
r[228]=21759
r[229]=6570
r[230]=-24526
r[231]=19468
r[232]=20851
r[233]=6657
r[234]=-27070
r[235]=16983
r[236]=18337
r[237]=5897
r[238]=-27136
r[239]=17891
r[240]=16958
r[241]=5501
r[242]=-26371
r[243]=19995
r[244]=-9483
r[245]=20247
r[246]=-24072
r[247]=26334
r[248]=19484
r[249]=5159
r[250]=-22415
r[251]=19201
r[252]=-7601
r[253]=21133
r[254]=-27504
r[255]=25684
j 240 t -786j 241 t -1258j 242 t -1456j 243 t 544k 64 zeta -1275 len 4 start 248
r[0]=13068
r[1]=8528
r[2]=-28838
r[3]=19414
r[4]=13560
r[5]=8778
r[6]=-27846
r[7]=15678
r[8]=14765
r[9]=9442
r[10]=-25292
r[11]=16189
r[12]=14599
r[13]=6332
r[14]=-26368
r[15]=16263
r[16]=13743
r[17]=9755
r[18]=-28682
r[19]=16013
r[20]=16139
r[21]=10169
r[22]=-28070
r[23]=15181
r[24]=18588
r[25]=9558
r[26]=-29767
r[27]=16689
r[28]=15986
r[29]=5790
r[30]=-31489
r[31]=12837
r[32]=18919
r[33]=7815
r[34]=-27669
r[35]=13703
r[36]=15425
r[37]=11281
r[38]=-28623
r[39]=15305
r[40]=21476
r[41]=10548
r[42]=-27249
r[43]=17319
r[44]=19016
r[45]=7652
r[46]=-27735
r[47]=15877
r[48]=15957
r[49]=7458
r[50]=-27357
r[51]=14581
r[52]=13339
r[53]=10188
r[54]=-26823
r[55]=16475
r[56]=17283
r[57]=9138
r[58]=-30627
r[59]=19332
r[60]=15865
r[61]=10960
r[62]=-30605
r[63]=17336
r[64]=15963
r[65]=17796
r[66]=-26532
r[67]=19038
r[68]=17341
r[69]=18214
r[70]=-28304
r[71]=15418
r[72]=14498
r[73]=14010
r[74]=-25064
r[75]=13998
r[76]=15014
r[77]=14480
r[78]=-24100
r[79]=16742
r[80]=15715
r[81]=11715
r[82]=-24846
r[83]=17029
r[84]=17085
r[85]=11171
r[86]=-27898
r[87]=15951
r[88]=17390
r[89]=13971
r[90]=-24246
r[91]=15093
r[92]=18578
r[93]=11299
r[94]=-27274
r[95]=18227
r[96]=17160
r[97]=9307
r[98]=-23802
r[99]=22363
r[100]=14340
r[101]=12981
r[102]=-28238
r[103]=21077
r[104]=19546
r[105]=9767
r[106]=-20645
r[107]=19066
r[108]=17594
r[109]=8257
r[110]=-24743
r[111]=21738
r[112]=14849
r[113]=11007
r[114]=-27142
r[115]=21429
r[116]=14163
r[117]=12123
r[118]=-27286
r[119]=18225
r[120]=18274
r[121]=10177
r[122]=-25073
r[123]=19440
r[124]=16746
r[125]=7613
r[126]=-26759
r[127]=17534
r[128]=21801
r[129]=3918
r[130]=-27377
r[131]=20846
r[132]=20263
r[133]=5918
r[134]=-28729
r[135]=21726
r[136]=21702
r[137]=5983
r[138]=-23076
r[139]=18770
r[140]=19510
r[141]=8421
r[142]=-26174
r[143]=21702
r[144]=19656
r[145]=10301
r[146]=-22729
r[147]=21938
r[148]=17452
r[149]=9493
r[150]=-21793
r[151]=20010
r[152]=22002
r[153]=8167
r[154]=-24373
r[155]=22355
r[156]=20918
r[157]=5551
r[158]=-23757
r[159]=19733
r[160]=19411
r[161]=10991
r[162]=-25364
r[163]=19654
r[164]=19849
r[165]=8765
r[166]=-27578
r[167]=21094
r[168]=18661
r[169]=7952
r[170]=-27730
r[171]=21288
r[172]=20063
r[173]=11272
r[174]=-25628
r[175]=21560
r[176]=20905
r[177]=11656
r[178]=-30488
r[179]=24381
r[180]=18305
r[181]=9890
r[182]=-30028
r[183]=23671
r[184]=22397
r[185]=9592
r[186]=-29043
r[187]=23677
r[188]=21121
r[189]=12242
r[190]=-27589
r[191]=23067
r[192]=19279
r[193]=7037
r[194]=-27893
r[195]=19190
r[196]=16679
r[197]=7295
r[198]=-29447
r[199]=17412
r[200]=19751
r[201]=6773
r[202]=-25634
r[203]=16653
r[204]=17555
r[205]=4667
r[206]=-26022
r[207]=18313
r[208]=15217
r[209]=7144
r[210]=-25529
r[211]=14659
r[212]=13415
r[213]=7324
r[214]=-25481
r[215]=18455
r[216]=17754
r[217]=7424
r[218]=-22803
r[219]=17558
r[220]=15990
r[221]=11088
r[222]=-24711
r[223]=15072
r[224]=21617
r[225]=9524
r[226]=-26944
r[227]=20930
r[228]=21759
r[229]=6570
r[230]=-24526
r[231]=19468
r[232]=20851
r[233]=6657
r[234]=-27070
r[235]=16983
r[236]=18337
r[237]=5897
r[238]=-27136
r[239]=17891
r[240]=16172
r[241]=4243
r[242]=-27827
r[243]=20539
r[244]=17744
r[245]=6759
r[246]=-24915
r[247]=19451
r[248]=19484
r[249]=5159
r[250]=-22415
r[251]=19201
r[252]=-7601
r[253]=21133
r[254]=-27504
r[255]=25684
j 248 t 752j 249 t -603j 250 t 2111j 251 t -469k 65 zeta -1103 len 2 start 0
r[0]=13068
r[1]=8528
r[2]=-28838
r[3]=19414
r[4]=13560
r[5]=8778
r[6]=-27846
r[7]=15678
r[8]=14765
r[9]=9442
r[10]=-25292
r[11]=16189
r[12]=14599
r[13]=6332
r[14]=-26368
r[15]=16263
r[16]=13743
r[17]=9755
r[18]=-28682
r[19]=16013
r[20]=16139
r[21]=10169
r[22]=-28070
r[23]=15181
r[24]=18588
r[25]=9558
r[26]=-29767
r[27]=16689
r[28]=15986
r[29]=5790
r[30]=-31489
r[31]=12837
r[32]=18919
r[33]=7815
r[34]=-27669
r[35]=13703
r[36]=15425
r[37]=11281
r[38]=-28623
r[39]=15305
r[40]=21476
r[41]=10548
r[42]=-27249
r[43]=17319
r[44]=19016
r[45]=7652
r[46]=-27735
r[47]=15877
r[48]=15957
r[49]=7458
r[50]=-27357
r[51]=14581
r[52]=13339
r[53]=10188
r[54]=-26823
r[55]=16475
r[56]=17283
r[57]=9138
r[58]=-30627
r[59]=19332
r[60]=15865
r[61]=10960
r[62]=-30605
r[63]=17336
r[64]=15963
r[65]=17796
r[66]=-26532
r[67]=19038
r[68]=17341
r[69]=18214
r[70]=-28304
r[71]=15418
r[72]=14498
r[73]=14010
r[74]=-25064
r[75]=13998
r[76]=15014
r[77]=14480
r[78]=-24100
r[79]=16742
r[80]=15715
r[81]=11715
r[82]=-24846
r[83]=17029
r[84]=17085
r[85]=11171
r[86]=-27898
r[87]=15951
r[88]=17390
r[89]=13971
r[90]=-24246
r[91]=15093
r[92]=18578
r[93]=11299
r[94]=-27274
r[95]=18227
r[96]=17160
r[97]=9307
r[98]=-23802
r[99]=22363
r[100]=14340
r[101]=12981
r[102]=-28238
r[103]=21077
r[104]=19546
r[105]=9767
r[106]=-20645
r[107]=19066
r[108]=17594
r[109]=8257
r[110]=-24743
r[111]=21738
r[112]=14849
r[113]=11007
r[114]=-27142
r[115]=21429
r[116]=14163
r[117]=12123
r[118]=-27286
r[119]=18225
r[120]=18274
r[121]=10177
r[122]=-25073
r[123]=19440
r[124]=16746
r[125]=7613
r[126]=-26759
r[127]=17534
r[128]=21801
r[129]=3918
r[130]=-27377
r[131]=20846
r[132]=20263
r[133]=5918
r[134]=-28729
r[135]=21726
r[136]=21702
r[137]=5983
r[138]=-23076
r[139]=18770
r[140]=19510
r[141]=8421
r[142]=-26174
r[143]=21702
r[144]=19656
r[145]=10301
r[146]=-22729
r[147]=21938
r[148]=17452
r[149]=9493
r[150]=-21793
r[151]=20010
r[152]=22002
r[153]=8167
r[154]=-24373
r[155]=22355
r[156]=20918
r[157]=5551
r[158]=-23757
r[159]=19733
r[160]=19411
r[161]=10991
r[162]=-25364
r[163]=19654
r[164]=19849
r[165]=8765
r[166]=-27578
r[167]=21094
r[168]=18661
r[169]=7952
r[170]=-27730
r[171]=21288
r[172]=20063
r[173]=11272
r[174]=-25628
r[175]=21560
r[176]=20905
r[177]=11656
r[178]=-30488
r[179]=24381
r[180]=18305
r[181]=9890
r[182]=-30028
r[183]=23671
r[184]=22397
r[185]=9592
r[186]=-29043
r[187]=23677
r[188]=21121
r[189]=12242
r[190]=-27589
r[191]=23067
r[192]=19279
r[193]=7037
r[194]=-27893
r[195]=19190
r[196]=16679
r[197]=7295
r[198]=-29447
r[199]=17412
r[200]=19751
r[201]=6773
r[202]=-25634
r[203]=16653
r[204]=17555
r[205]=4667
r[206]=-26022
r[207]=18313
r[208]=15217
r[209]=7144
r[210]=-25529
r[211]=14659
r[212]=13415
r[213]=7324
r[214]=-25481
r[215]=18455
r[216]=17754
r[217]=7424
r[218]=-22803
r[219]=17558
r[220]=15990
r[221]=11088
r[222]=-24711
r[223]=15072
r[224]=21617
r[225]=9524
r[226]=-26944
r[227]=20930
r[228]=21759
r[229]=6570
r[230]=-24526
r[231]=19468
r[232]=20851
r[233]=6657
r[234]=-27070
r[235]=16983
r[236]=18337
r[237]=5897
r[238]=-27136
r[239]=17891
r[240]=16172
r[241]=4243
r[242]=-27827
r[243]=20539
r[244]=17744
r[245]=6759
r[246]=-24915
r[247]=19451
r[248]=20236
r[249]=4556
r[250]=-20304
r[251]=18732
r[252]=18732
r[253]=5762
r[254]=-24526
r[255]=19670
j 0 t -883j 1 t 467k 66 zeta 430 len 2 start 4
r[0]=12185
r[1]=8995
r[2]=13951
r[3]=8061
r[4]=13560
r[5]=8778
r[6]=-27846
r[7]=15678
r[8]=14765
r[9]=9442
r[10]=-25292
r[11]=16189
r[12]=14599
r[13]=6332
r[14]=-26368
r[15]=16263
r[16]=13743
r[17]=9755
r[18]=-28682
r[19]=16013
r[20]=16139
r[21]=10169
r[22]=-28070
r[23]=15181
r[24]=18588
r[25]=9558
r[26]=-29767
r[27]=16689
r[28]=15986
r[29]=5790
r[30]=-31489
r[31]=12837
r[32]=18919
r[33]=7815
r[34]=-27669
r[35]=13703
r[36]=15425
r[37]=11281
r[38]=-28623
r[39]=15305
r[40]=21476
r[41]=10548
r[42]=-27249
r[43]=17319
r[44]=19016
r[45]=7652
r[46]=-27735
r[47]=15877
r[48]=15957
r[49]=7458
r[50]=-27357
r[51]=14581
r[52]=13339
r[53]=10188
r[54]=-26823
r[55]=16475
r[56]=17283
r[57]=9138
r[58]=-30627
r[59]=19332
r[60]=15865
r[61]=10960
r[62]=-30605
r[63]=17336
r[64]=15963
r[65]=17796
r[66]=-26532
r[67]=19038
r[68]=17341
r[69]=18214
r[70]=-28304
r[71]=15418
r[72]=14498
r[73]=14010
r[74]=-25064
r[75]=13998
r[76]=15014
r[77]=14480
r[78]=-24100
r[79]=16742
r[80]=15715
r[81]=11715
r[82]=-24846
r[83]=17029
r[84]=17085
r[85]=11171
r[86]=-27898
r[87]=15951
r[88]=17390
r[89]=13971
r[90]=-24246
r[91]=15093
r[92]=18578
r[93]=11299
r[94]=-27274
r[95]=18227
r[96]=17160
r[97]=9307
r[98]=-23802
r[99]=22363
r[100]=14340
r[101]=12981
r[102]=-28238
r[103]=21077
r[104]=19546
r[105]=9767
r[106]=-20645
r[107]=19066
r[108]=17594
r[109]=8257
r[110]=-24743
r[111]=21738
r[112]=14849
r[113]=11007
r[114]=-27142
r[115]=21429
r[116]=14163
r[117]=12123
r[118]=-27286
r[119]=18225
r[120]=18274
r[121]=10177
r[122]=-25073
r[123]=19440
r[124]=16746
r[125]=7613
r[126]=-26759
r[127]=17534
r[128]=21801
r[129]=3918
r[130]=-27377
r[131]=20846
r[132]=20263
r[133]=5918
r[134]=-28729
r[135]=21726
r[136]=21702
r[137]=5983
r[138]=-23076
r[139]=18770
r[140]=19510
r[141]=8421
r[142]=-26174
r[143]=21702
r[144]=19656
r[145]=10301
r[146]=-22729
r[147]=21938
r[148]=17452
r[149]=9493
r[150]=-21793
r[151]=20010
r[152]=22002
r[153]=8167
r[154]=-24373
r[155]=22355
r[156]=20918
r[157]=5551
r[158]=-23757
r[159]=19733
r[160]=19411
r[161]=10991
r[162]=-25364
r[163]=19654
r[164]=19849
r[165]=8765
r[166]=-27578
r[167]=21094
r[168]=18661
r[169]=7952
r[170]=-27730
r[171]=21288
r[172]=20063
r[173]=11272
r[174]=-25628
r[175]=21560
r[176]=20905
r[177]=11656
r[178]=-30488
r[179]=24381
r[180]=18305
r[181]=9890
r[182]=-30028
r[183]=23671
r[184]=22397
r[185]=9592
r[186]=-29043
r[187]=23677
r[188]=21121
r[189]=12242
r[190]=-27589
r[191]=23067
r[192]=19279
r[193]=7037
r[194]=-27893
r[195]=19190
r[196]=16679
r[197]=7295
r[198]=-29447
r[199]=17412
r[200]=19751
r[201]=6773
r[202]=-25634
r[203]=16653
r[204]=17555
r[205]=4667
r[206]=-26022
r[207]=18313
r[208]=15217
r[209]=7144
r[210]=-25529
r[211]=14659
r[212]=13415
r[213]=7324
r[214]=-25481
r[215]=18455
r[216]=17754
r[217]=7424
r[218]=-22803
r[219]=17558
r[220]=15990
r[221]=11088
r[222]=-24711
r[223]=15072
r[224]=21617
r[225]=9524
r[226]=-26944
r[227]=20930
r[228]=21759
r[229]=6570
r[230]=-24526
r[231]=19468
r[232]=20851
r[233]=6657
r[234]=-27070
r[235]=16983
r[236]=18337
r[237]=5897
r[238]=-27136
r[239]=17891
r[240]=16172
r[241]=4243
r[242]=-27827
r[243]=20539
r[244]=17744
r[245]=6759
r[246]=-24915
r[247]=19451
r[248]=20236
r[249]=4556
r[250]=-20304
r[251]=18732
r[252]=18732
r[253]=5762
r[254]=-24526
r[255]=19670
j 4 t 449j 5 t -29k 67 zeta 555 len 2 start 8
r[0]=12185
r[1]=8995
r[2]=13951
r[3]=8061
r[4]=14009
r[5]=8749
r[6]=13111
r[7]=8807
r[8]=14765
r[9]=9442
r[10]=-25292
r[11]=16189
r[12]=14599
r[13]=6332
r[14]=-26368
r[15]=16263
r[16]=13743
r[17]=9755
r[18]=-28682
r[19]=16013
r[20]=16139
r[21]=10169
r[22]=-28070
r[23]=15181
r[24]=18588
r[25]=9558
r[26]=-29767
r[27]=16689
r[28]=15986
r[29]=5790
r[30]=-31489
r[31]=12837
r[32]=18919
r[33]=7815
r[34]=-27669
r[35]=13703
r[36]=15425
r[37]=11281
r[38]=-28623
r[39]=15305
r[40]=21476
r[41]=10548
r[42]=-27249
r[43]=17319
r[44]=19016
r[45]=7652
r[46]=-27735
r[47]=15877
r[48]=15957
r[49]=7458
r[50]=-27357
r[51]=14581
r[52]=13339
r[53]=10188
r[54]=-26823
r[55]=16475
r[56]=17283
r[57]=9138
r[58]=-30627
r[59]=19332
r[60]=15865
r[61]=10960
r[62]=-30605
r[63]=17336
r[64]=15963
r[65]=17796
r[66]=-26532
r[67]=19038
r[68]=17341
r[69]=18214
r[70]=-28304
r[71]=15418
r[72]=14498
r[73]=14010
r[74]=-25064
r[75]=13998
r[76]=15014
r[77]=14480
r[78]=-24100
r[79]=16742
r[80]=15715
r[81]=11715
r[82]=-24846
r[83]=17029
r[84]=17085
r[85]=11171
r[86]=-27898
r[87]=15951
r[88]=17390
r[89]=13971
r[90]=-24246
r[91]=15093
r[92]=18578
r[93]=11299
r[94]=-27274
r[95]=18227
r[96]=17160
r[97]=9307
r[98]=-23802
r[99]=22363
r[100]=14340
r[101]=12981
r[102]=-28238
r[103]=21077
r[104]=19546
r[105]=9767
r[106]=-20645
r[107]=19066
r[108]=17594
r[109]=8257
r[110]=-24743
r[111]=21738
r[112]=14849
r[113]=11007
r[114]=-27142
r[115]=21429
r[116]=14163
r[117]=12123
r[118]=-27286
r[119]=18225
r[120]=18274
r[121]=10177
r[122]=-25073
r[123]=19440
r[124]=16746
r[125]=7613
r[126]=-26759
r[127]=17534
r[128]=21801
r[129]=3918
r[130]=-27377
r[131]=20846
r[132]=20263
r[133]=5918
r[134]=-28729
r[135]=21726
r[136]=21702
r[137]=5983
r[138]=-23076
r[139]=18770
r[140]=19510
r[141]=8421
r[142]=-26174
r[143]=21702
r[144]=19656
r[145]=10301
r[146]=-22729
r[147]=21938
r[148]=17452
r[149]=9493
r[150]=-21793
r[151]=20010
r[152]=22002
r[153]=8167
r[154]=-24373
r[155]=22355
r[156]=20918
r[157]=5551
r[158]=-23757
r[159]=19733
r[160]=19411
r[161]=10991
r[162]=-25364
r[163]=19654
r[164]=19849
r[165]=8765
r[166]=-27578
r[167]=21094
r[168]=18661
r[169]=7952
r[170]=-27730
r[171]=21288
r[172]=20063
r[173]=11272
r[174]=-25628
r[175]=21560
r[176]=20905
r[177]=11656
r[178]=-30488
r[179]=24381
r[180]=18305
r[181]=9890
r[182]=-30028
r[183]=23671
r[184]=22397
r[185]=9592
r[186]=-29043
r[187]=23677
r[188]=21121
r[189]=12242
r[190]=-27589
r[191]=23067
r[192]=19279
r[193]=7037
r[194]=-27893
r[195]=19190
r[196]=16679
r[197]=7295
r[198]=-29447
r[199]=17412
r[200]=19751
r[201]=6773
r[202]=-25634
r[203]=16653
r[204]=17555
r[205]=4667
r[206]=-26022
r[207]=18313
r[208]=15217
r[209]=7144
r[210]=-25529
r[211]=14659
r[212]=13415
r[213]=7324
r[214]=-25481
r[215]=18455
r[216]=17754
r[217]=7424
r[218]=-22803
r[219]=17558
r[220]=15990
r[221]=11088
r[222]=-24711
r[223]=15072
r[224]=21617
r[225]=9524
r[226]=-26944
r[227]=20930
r[228]=21759
r[229]=6570
r[230]=-24526
r[231]=19468
r[232]=20851
r[233]=6657
r[234]=-27070
r[235]=16983
r[236]=18337
r[237]=5897
r[238]=-27136
r[239]=17891
r[240]=16172
r[241]=4243
r[242]=-27827
r[243]=20539
r[244]=17744
r[245]=6759
r[246]=-24915
r[247]=19451
r[248]=20236
r[249]=4556
r[250]=-20304
r[251]=18732
r[252]=18732
r[253]=5762
r[254]=-24526
r[255]=19670
j 8 t -1095j 9 t 472k 68 zeta 843 len 2 start 12
r[0]=12185
r[1]=8995
r[2]=13951
r[3]=8061
r[4]=14009
r[5]=8749
r[6]=13111
r[7]=8807
r[8]=13670
r[9]=9914
r[10]=15860
r[11]=8970
r[12]=14599
r[13]=6332
r[14]=-26368
r[15]=16263
r[16]=13743
r[17]=9755
r[18]=-28682
r[19]=16013
r[20]=16139
r[21]=10169
r[22]=-28070
r[23]=15181
r[24]=18588
r[25]=9558
r[26]=-29767
r[27]=16689
r[28]=15986
r[29]=5790
r[30]=-31489
r[31]=12837
r[32]=18919
r[33]=7815
r[34]=-27669
r[35]=13703
r[36]=15425
r[37]=11281
r[38]=-28623
r[39]=15305
r[40]=21476
r[41]=10548
r[42]=-27249
r[43]=17319
r[44]=19016
r[45]=7652
r[46]=-27735
r[47]=15877
r[48]=15957
r[49]=7458
r[50]=-27357
r[51]=14581
r[52]=13339
r[53]=10188
r[54]=-26823
r[55]=16475
r[56]=17283
r[57]=9138
r[58]=-30627
r[59]=19332
r[60]=15865
r[61]=10960
r[62]=-30605
r[63]=17336
r[64]=15963
r[65]=17796
r[66]=-26532
r[67]=19038
r[68]=17341
r[69]=18214
r[70]=-28304
r[71]=15418
r[72]=14498
r[73]=14010
r[74]=-25064
r[75]=13998
r[76]=15014
r[77]=14480
r[78]=-24100
r[79]=16742
r[80]=15715
r[81]=11715
r[82]=-24846
r[83]=17029
r[84]=17085
r[85]=11171
r[86]=-27898
r[87]=15951
r[88]=17390
r[89]=13971
r[90]=-24246
r[91]=15093
r[92]=18578
r[93]=11299
r[94]=-27274
r[95]=18227
r[96]=17160
r[97]=9307
r[98]=-23802
r[99]=22363
r[100]=14340
r[101]=12981
r[102]=-28238
r[103]=21077
r[104]=19546
r[105]=9767
r[106]=-20645
r[107]=19066
r[108]=17594
r[109]=8257
r[110]=-24743
r[111]=21738
r[112]=14849
r[113]=11007
r[114]=-27142
r[115]=21429
r[116]=14163
r[117]=12123
r[118]=-27286
r[119]=18225
r[120]=18274
r[121]=10177
r[122]=-25073
r[123]=19440
r[124]=16746
r[125]=7613
r[126]=-26759
r[127]=17534
r[128]=21801
r[129]=3918
r[130]=-27377
r[131]=20846
r[132]=20263
r[133]=5918
r[134]=-28729
r[135]=21726
r[136]=21702
r[137]=5983
r[138]=-23076
r[139]=18770
r[140]=19510
r[141]=8421
r[142]=-26174
r[143]=21702
r[144]=19656
r[145]=10301
r[146]=-22729
r[147]=21938
r[148]=17452
r[149]=9493
r[150]=-21793
r[151]=20010
r[152]=22002
r[153]=8167
r[154]=-24373
r[155]=22355
r[156]=20918
r[157]=5551
r[158]=-23757
r[159]=19733
r[160]=19411
r[161]=10991
r[162]=-25364
r[163]=19654
r[164]=19849
r[165]=8765
r[166]=-27578
r[167]=21094
r[168]=18661
r[169]=7952
r[170]=-27730
r[171]=21288
r[172]=20063
r[173]=11272
r[174]=-25628
r[175]=21560
r[176]=20905
r[177]=11656
r[178]=-30488
r[179]=24381
r[180]=18305
r[181]=9890
r[182]=-30028
r[183]=23671
r[184]=22397
r[185]=9592
r[186]=-29043
r[187]=23677
r[188]=21121
r[189]=12242
r[190]=-27589
r[191]=23067
r[192]=19279
r[193]=7037
r[194]=-27893
r[195]=19190
r[196]=16679
r[197]=7295
r[198]=-29447
r[199]=17412
r[200]=19751
r[201]=6773
r[202]=-25634
r[203]=16653
r[204]=17555
r[205]=4667
r[206]=-26022
r[207]=18313
r[208]=15217
r[209]=7144
r[210]=-25529
r[211]=14659
r[212]=13415
r[213]=7324
r[214]=-25481
r[215]=18455
r[216]=17754
r[217]=7424
r[218]=-22803
r[219]=17558
r[220]=15990
r[221]=11088
r[222]=-24711
r[223]=15072
r[224]=21617
r[225]=9524
r[226]=-26944
r[227]=20930
r[228]=21759
r[229]=6570
r[230]=-24526
r[231]=19468
r[232]=20851
r[233]=6657
r[234]=-27070
r[235]=16983
r[236]=18337
r[237]=5897
r[238]=-27136
r[239]=17891
r[240]=16172
r[241]=4243
r[242]=-27827
r[243]=20539
r[244]=17744
r[245]=6759
r[246]=-24915
r[247]=19451
r[248]=20236
r[249]=4556
r[250]=-20304
r[251]=18732
r[252]=18732
r[253]=5762
r[254]=-24526
r[255]=19670
j 12 t 246j 13 t 98k 69 zeta -1251 len 2 start 16
r[0]=12185
r[1]=8995
r[2]=13951
r[3]=8061
r[4]=14009
r[5]=8749
r[6]=13111
r[7]=8807
r[8]=13670
r[9]=9914
r[10]=15860
r[11]=8970
r[12]=14845
r[13]=6430
r[14]=14353
r[15]=6234
r[16]=13743
r[17]=9755
r[18]=-28682
r[19]=16013
r[20]=16139
r[21]=10169
r[22]=-28070
r[23]=15181
r[24]=18588
r[25]=9558
r[26]=-29767
r[27]=16689
r[28]=15986
r[29]=5790
r[30]=-31489
r[31]=12837
r[32]=18919
r[33]=7815
r[34]=-27669
r[35]=13703
r[36]=15425
r[37]=11281
r[38]=-28623
r[39]=15305
r[40]=21476
r[41]=10548
r[42]=-27249
r[43]=17319
r[44]=19016
r[45]=7652
r[46]=-27735
r[47]=15877
r[48]=15957
r[49]=7458
r[50]=-27357
r[51]=14581
r[52]=13339
r[53]=10188
r[54]=-26823
r[55]=16475
r[56]=17283
r[57]=9138
r[58]=-30627
r[59]=19332
r[60]=15865
r[61]=10960
r[62]=-30605
r[63]=17336
r[64]=15963
r[65]=17796
r[66]=-26532
r[67]=19038
r[68]=17341
r[69]=18214
r[70]=-28304
r[71]=15418
r[72]=14498
r[73]=14010
r[74]=-25064
r[75]=13998
r[76]=15014
r[77]=14480
r[78]=-24100
r[79]=16742
r[80]=15715
r[81]=11715
r[82]=-24846
r[83]=17029
r[84]=17085
r[85]=11171
r[86]=-27898
r[87]=15951
r[88]=17390
r[89]=13971
r[90]=-24246
r[91]=15093
r[92]=18578
r[93]=11299
r[94]=-27274
r[95]=18227
r[96]=17160
r[97]=9307
r[98]=-23802
r[99]=22363
r[100]=14340
r[101]=12981
r[102]=-28238
r[103]=21077
r[104]=19546
r[105]=9767
r[106]=-20645
r[107]=19066
r[108]=17594
r[109]=8257
r[110]=-24743
r[111]=21738
r[112]=14849
r[113]=11007
r[114]=-27142
r[115]=21429
r[116]=14163
r[117]=12123
r[118]=-27286
r[119]=18225
r[120]=18274
r[121]=10177
r[122]=-25073
r[123]=19440
r[124]=16746
r[125]=7613
r[126]=-26759
r[127]=17534
r[128]=21801
r[129]=3918
r[130]=-27377
r[131]=20846
r[132]=20263
r[133]=5918
r[134]=-28729
r[135]=21726
r[136]=21702
r[137]=5983
r[138]=-23076
r[139]=18770
r[140]=19510
r[141]=8421
r[142]=-26174
r[143]=21702
r[144]=19656
r[145]=10301
r[146]=-22729
r[147]=21938
r[148]=17452
r[149]=9493
r[150]=-21793
r[151]=20010
r[152]=22002
r[153]=8167
r[154]=-24373
r[155]=22355
r[156]=20918
r[157]=5551
r[158]=-23757
r[159]=19733
r[160]=19411
r[161]=10991
r[162]=-25364
r[163]=19654
r[164]=19849
r[165]=8765
r[166]=-27578
r[167]=21094
r[168]=18661
r[169]=7952
r[170]=-27730
r[171]=21288
r[172]=20063
r[173]=11272
r[174]=-25628
r[175]=21560
r[176]=20905
r[177]=11656
r[178]=-30488
r[179]=24381
r[180]=18305
r[181]=9890
r[182]=-30028
r[183]=23671
r[184]=22397
r[185]=9592
r[186]=-29043
r[187]=23677
r[188]=21121
r[189]=12242
r[190]=-27589
r[191]=23067
r[192]=19279
r[193]=7037
r[194]=-27893
r[195]=19190
r[196]=16679
r[197]=7295
r[198]=-29447
r[199]=17412
r[200]=19751
r[201]=6773
r[202]=-25634
r[203]=16653
r[204]=17555
r[205]=4667
r[206]=-26022
r[207]=18313
r[208]=15217
r[209]=7144
r[210]=-25529
r[211]=14659
r[212]=13415
r[213]=7324
r[214]=-25481
r[215]=18455
r[216]=17754
r[217]=7424
r[218]=-22803
r[219]=17558
r[220]=15990
r[221]=11088
r[222]=-24711
r[223]=15072
r[224]=21617
r[225]=9524
r[226]=-26944
r[227]=20930
r[228]=21759
r[229]=6570
r[230]=-24526
r[231]=19468
r[232]=20851
r[233]=6657
r[234]=-27070
r[235]=16983
r[236]=18337
r[237]=5897
r[238]=-27136
r[239]=17891
r[240]=16172
r[241]=4243
r[242]=-27827
r[243]=20539
r[244]=17744
r[245]=6759
r[246]=-24915
r[247]=19451
r[248]=20236
r[249]=4556
r[250]=-20304
r[251]=18732
r[252]=18732
r[253]=5762
r[254]=-24526
r[255]=19670
j 16 t -218j 17 t 735k 70 zeta 871 len 2 start 20
r[0]=12185
r[1]=8995
r[2]=13951
r[3]=8061
r[4]=14009
r[5]=8749
r[6]=13111
r[7]=8807
r[8]=13670
r[9]=9914
r[10]=15860
r[11]=8970
r[12]=14845
r[13]=6430
r[14]=14353
r[15]=6234
r[16]=13525
r[17]=10490
r[18]=13961
r[19]=9020
r[20]=16139
r[21]=10169
r[22]=-28070
r[23]=15181
r[24]=18588
r[25]=9558
r[26]=-29767
r[27]=16689
r[28]=15986
r[29]=5790
r[30]=-31489
r[31]=12837
r[32]=18919
r[33]=7815
r[34]=-27669
r[35]=13703
r[36]=15425
r[37]=11281
r[38]=-28623
r[39]=15305
r[40]=21476
r[41]=10548
r[42]=-27249
r[43]=17319
r[44]=19016
r[45]=7652
r[46]=-27735
r[47]=15877
r[48]=15957
r[49]=7458
r[50]=-27357
r[51]=14581
r[52]=13339
r[53]=10188
r[54]=-26823
r[55]=16475
r[56]=17283
r[57]=9138
r[58]=-30627
r[59]=19332
r[60]=15865
r[61]=10960
r[62]=-30605
r[63]=17336
r[64]=15963
r[65]=17796
r[66]=-26532
r[67]=19038
r[68]=17341
r[69]=18214
r[70]=-28304
r[71]=15418
r[72]=14498
r[73]=14010
r[74]=-25064
r[75]=13998
r[76]=15014
r[77]=14480
r[78]=-24100
r[79]=16742
r[80]=15715
r[81]=11715
r[82]=-24846
r[83]=17029
r[84]=17085
r[85]=11171
r[86]=-27898
r[87]=15951
r[88]=17390
r[89]=13971
r[90]=-24246
r[91]=15093
r[92]=18578
r[93]=11299
r[94]=-27274
r[95]=18227
r[96]=17160
r[97]=9307
r[98]=-23802
r[99]=22363
r[100]=14340
r[101]=12981
r[102]=-28238
r[103]=21077
r[104]=19546
r[105]=9767
r[106]=-20645
r[107]=19066
r[108]=17594
r[109]=8257
r[110]=-24743
r[111]=21738
r[112]=14849
r[113]=11007
r[114]=-27142
r[115]=21429
r[116]=14163
r[117]=12123
r[118]=-27286
r[119]=18225
r[120]=18274
r[121]=10177
r[122]=-25073
r[123]=19440
r[124]=16746
r[125]=7613
r[126]=-26759
r[127]=17534
r[128]=21801
r[129]=3918
r[130]=-27377
r[131]=20846
r[132]=20263
r[133]=5918
r[134]=-28729
r[135]=21726
r[136]=21702
r[137]=5983
r[138]=-23076
r[139]=18770
r[140]=19510
r[141]=8421
r[142]=-26174
r[143]=21702
r[144]=19656
r[145]=10301
r[146]=-22729
r[147]=21938
r[148]=17452
r[149]=9493
r[150]=-21793
r[151]=20010
r[152]=22002
r[153]=8167
r[154]=-24373
r[155]=22355
r[156]=20918
r[157]=5551
r[158]=-23757
r[159]=19733
r[160]=19411
r[161]=10991
r[162]=-25364
r[163]=19654
r[164]=19849
r[165]=8765
r[166]=-27578
r[167]=21094
r[168]=18661
r[169]=7952
r[170]=-27730
r[171]=21288
r[172]=20063
r[173]=11272
r[174]=-25628
r[175]=21560
r[176]=20905
r[177]=11656
r[178]=-30488
r[179]=24381
r[180]=18305
r[181]=9890
r[182]=-30028
r[183]=23671
r[184]=22397
r[185]=9592
r[186]=-29043
r[187]=23677
r[188]=21121
r[189]=12242
r[190]=-27589
r[191]=23067
r[192]=19279
r[193]=7037
r[194]=-27893
r[195]=19190
r[196]=16679
r[197]=7295
r[198]=-29447
r[199]=17412
r[200]=19751
r[201]=6773
r[202]=-25634
r[203]=16653
r[204]=17555
r[205]=4667
r[206]=-26022
r[207]=18313
r[208]=15217
r[209]=7144
r[210]=-25529
r[211]=14659
r[212]=13415
r[213]=7324
r[214]=-25481
r[215]=18455
r[216]=17754
r[217]=7424
r[218]=-22803
r[219]=17558
r[220]=15990
r[221]=11088
r[222]=-24711
r[223]=15072
r[224]=21617
r[225]=9524
r[226]=-26944
r[227]=20930
r[228]=21759
r[229]=6570
r[230]=-24526
r[231]=19468
r[232]=20851
r[233]=6657
r[234]=-27070
r[235]=16983
r[236]=18337
r[237]=5897
r[238]=-27136
r[239]=17891
r[240]=16172
r[241]=4243
r[242]=-27827
r[243]=20539
r[244]=17744
r[245]=6759
r[246]=-24915
r[247]=19451
r[248]=20236
r[249]=4556
r[250]=-20304
r[251]=18732
r[252]=18732
r[253]=5762
r[254]=-24526
r[255]=19670
j 20 t -1026j 21 t 150k 71 zeta 1550 len 2 start 24
r[0]=12185
r[1]=8995
r[2]=13951
r[3]=8061
r[4]=14009
r[5]=8749
r[6]=13111
r[7]=8807
r[8]=13670
r[9]=9914
r[10]=15860
r[11]=8970
r[12]=14845
r[13]=6430
r[14]=14353
r[15]=6234
r[16]=13525
r[17]=10490
r[18]=13961
r[19]=9020
r[20]=15113
r[21]=10319
r[22]=17165
r[23]=10019
r[24]=18588
r[25]=9558
r[26]=-29767
r[27]=16689
r[28]=15986
r[29]=5790
r[30]=-31489
r[31]=12837
r[32]=18919
r[33]=7815
r[34]=-27669
r[35]=13703
r[36]=15425
r[37]=11281
r[38]=-28623
r[39]=15305
r[40]=21476
r[41]=10548
r[42]=-27249
r[43]=17319
r[44]=19016
r[45]=7652
r[46]=-27735
r[47]=15877
r[48]=15957
r[49]=7458
r[50]=-27357
r[51]=14581
r[52]=13339
r[53]=10188
r[54]=-26823
r[55]=16475
r[56]=17283
r[57]=9138
r[58]=-30627
r[59]=19332
r[60]=15865
r[61]=10960
r[62]=-30605
r[63]=17336
r[64]=15963
r[65]=17796
r[66]=-26532
r[67]=19038
r[68]=17341
r[69]=18214
r[70]=-28304
r[71]=15418
r[72]=14498
r[73]=14010
r[74]=-25064
r[75]=13998
r[76]=15014
r[77]=14480
r[78]=-24100
r[79]=16742
r[80]=15715
r[81]=11715
r[82]=-24846
r[83]=17029
r[84]=17085
r[85]=11171
r[86]=-27898
r[87]=15951
r[88]=17390
r[89]=13971
r[90]=-24246
r[91]=15093
r[92]=18578
r[93]=11299
r[94]=-27274
r[95]=18227
r[96]=17160
r[97]=9307
r[98]=-23802
r[99]=22363
r[100]=14340
r[101]=12981
r[102]=-28238
r[103]=21077
r[104]=19546
r[105]=9767
r[106]=-20645
r[107]=19066
r[108]=17594
r[109]=8257
r[110]=-24743
r[111]=21738
r[112]=14849
r[113]=11007
r[114]=-27142
r[115]=21429
r[116]=14163
r[117]=12123
r[118]=-27286
r[119]=18225
r[120]=18274
r[121]=10177
r[122]=-25073
r[123]=19440
r[124]=16746
r[125]=7613
r[126]=-26759
r[127]=17534
r[128]=21801
r[129]=3918
r[130]=-27377
r[131]=20846
r[132]=20263
r[133]=5918
r[134]=-28729
r[135]=21726
r[136]=21702
r[137]=5983
r[138]=-23076
r[139]=18770
r[140]=19510
r[141]=8421
r[142]=-26174
r[143]=21702
r[144]=19656
r[145]=10301
r[146]=-22729
r[147]=21938
r[148]=17452
r[149]=9493
r[150]=-21793
r[151]=20010
r[152]=22002
r[153]=8167
r[154]=-24373
r[155]=22355
r[156]=20918
r[157]=5551
r[158]=-23757
r[159]=19733
r[160]=19411
r[161]=10991
r[162]=-25364
r[163]=19654
r[164]=19849
r[165]=8765
r[166]=-27578
r[167]=21094
r[168]=18661
r[169]=7952
r[170]=-27730
r[171]=21288
r[172]=20063
r[173]=11272
r[174]=-25628
r[175]=21560
r[176]=20905
r[177]=11656
r[178]=-30488
r[179]=24381
r[180]=18305
r[181]=9890
r[182]=-30028
r[183]=23671
r[184]=22397
r[185]=9592
r[186]=-29043
r[187]=23677
r[188]=21121
r[189]=12242
r[190]=-27589
r[191]=23067
r[192]=19279
r[193]=7037
r[194]=-27893
r[195]=19190
r[196]=16679
r[197]=7295
r[198]=-29447
r[199]=17412
r[200]=19751
r[201]=6773
r[202]=-25634
r[203]=16653
r[204]=17555
r[205]=4667
r[206]=-26022
r[207]=18313
r[208]=15217
r[209]=7144
r[210]=-25529
r[211]=14659
r[212]=13415
r[213]=7324
r[214]=-25481
r[215]=18455
r[216]=17754
r[217]=7424
r[218]=-22803
r[219]=17558
r[220]=15990
r[221]=11088
r[222]=-24711
r[223]=15072
r[224]=21617
r[225]=9524
r[226]=-26944
r[227]=20930
r[228]=21759
r[229]=6570
r[230]=-24526
r[231]=19468
r[232]=20851
r[233]=6657
r[234]=-27070
r[235]=16983
r[236]=18337
r[237]=5897
r[238]=-27136
r[239]=17891
r[240]=16172
r[241]=4243
r[242]=-27827
r[243]=20539
r[244]=17744
r[245]=6759
r[246]=-24915
r[247]=19451
r[248]=20236
r[249]=4556
r[250]=-20304
r[251]=18732
r[252]=18732
r[253]=5762
r[254]=-24526
r[255]=19670
j 24 t -2214j 25 t 802k 72 zeta 105 len 2 start 28
r[0]=12185
r[1]=8995
r[2]=13951
r[3]=8061
r[4]=14009
r[5]=8749
r[6]=13111
r[7]=8807
r[8]=13670
r[9]=9914
r[10]=15860
r[11]=8970
r[12]=14845
r[13]=6430
r[14]=14353
r[15]=6234
r[16]=13525
r[17]=10490
r[18]=13961
r[19]=9020
r[20]=15113
r[21]=10319
r[22]=17165
r[23]=10019
r[24]=16374
r[25]=10360
r[26]=20802
r[27]=8756
r[28]=15986
r[29]=5790
r[30]=-31489
r[31]=12837
r[32]=18919
r[33]=7815
r[34]=-27669
r[35]=13703
r[36]=15425
r[37]=11281
r[38]=-28623
r[39]=15305
r[40]=21476
r[41]=10548
r[42]=-27249
r[43]=17319
r[44]=19016
r[45]=7652
r[46]=-27735
r[47]=15877
r[48]=15957
r[49]=7458
r[50]=-27357
r[51]=14581
r[52]=13339
r[53]=10188
r[54]=-26823
r[55]=16475
r[56]=17283
r[57]=9138
r[58]=-30627
r[59]=19332
r[60]=15865
r[61]=10960
r[62]=-30605
r[63]=17336
r[64]=15963
r[65]=17796
r[66]=-26532
r[67]=19038
r[68]=17341
r[69]=18214
r[70]=-28304
r[71]=15418
r[72]=14498
r[73]=14010
r[74]=-25064
r[75]=13998
r[76]=15014
r[77]=14480
r[78]=-24100
r[79]=16742
r[80]=15715
r[81]=11715
r[82]=-24846
r[83]=17029
r[84]=17085
r[85]=11171
r[86]=-27898
r[87]=15951
r[88]=17390
r[89]=13971
r[90]=-24246
r[91]=15093
r[92]=18578
r[93]=11299
r[94]=-27274
r[95]=18227
r[96]=17160
r[97]=9307
r[98]=-23802
r[99]=22363
r[100]=14340
r[101]=12981
r[102]=-28238
r[103]=21077
r[104]=19546
r[105]=9767
r[106]=-20645
r[107]=19066
r[108]=17594
r[109]=8257
r[110]=-24743
r[111]=21738
r[112]=14849
r[113]=11007
r[114]=-27142
r[115]=21429
r[116]=14163
r[117]=12123
r[118]=-27286
r[119]=18225
r[120]=18274
r[121]=10177
r[122]=-25073
r[123]=19440
r[124]=16746
r[125]=7613
r[126]=-26759
r[127]=17534
r[128]=21801
r[129]=3918
r[130]=-27377
r[131]=20846
r[132]=20263
r[133]=5918
r[134]=-28729
r[135]=21726
r[136]=21702
r[137]=5983
r[138]=-23076
r[139]=18770
r[140]=19510
r[141]=8421
r[142]=-26174
r[143]=21702
r[144]=19656
r[145]=10301
r[146]=-22729
r[147]=21938
r[148]=17452
r[149]=9493
r[150]=-21793
r[151]=20010
r[152]=22002
r[153]=8167
r[154]=-24373
r[155]=22355
r[156]=20918
r[157]=5551
r[158]=-23757
r[159]=19733
r[160]=19411
r[161]=10991
r[162]=-25364
r[163]=19654
r[164]=19849
r[165]=8765
r[166]=-27578
r[167]=21094
r[168]=18661
r[169]=7952
r[170]=-27730
r[171]=21288
r[172]=20063
r[173]=11272
r[174]=-25628
r[175]=21560
r[176]=20905
r[177]=11656
r[178]=-30488
r[179]=24381
r[180]=18305
r[181]=9890
r[182]=-30028
r[183]=23671
r[184]=22397
r[185]=9592
r[186]=-29043
r[187]=23677
r[188]=21121
r[189]=12242
r[190]=-27589
r[191]=23067
r[192]=19279
r[193]=7037
r[194]=-27893
r[195]=19190
r[196]=16679
r[197]=7295
r[198]=-29447
r[199]=17412
r[200]=19751
r[201]=6773
r[202]=-25634
r[203]=16653
r[204]=17555
r[205]=4667
r[206]=-26022
r[207]=18313
r[208]=15217
r[209]=7144
r[210]=-25529
r[211]=14659
r[212]=13415
r[213]=7324
r[214]=-25481
r[215]=18455
r[216]=17754
r[217]=7424
r[218]=-22803
r[219]=17558
r[220]=15990
r[221]=11088
r[222]=-24711
r[223]=15072
r[224]=21617
r[225]=9524
r[226]=-26944
r[227]=20930
r[228]=21759
r[229]=6570
r[230]=-24526
r[231]=19468
r[232]=20851
r[233]=6657
r[234]=-27070
r[235]=16983
r[236]=18337
r[237]=5897
r[238]=-27136
r[239]=17891
r[240]=16172
r[241]=4243
r[242]=-27827
r[243]=20539
r[244]=17744
r[245]=6759
r[246]=-24915
r[247]=19451
r[248]=20236
r[249]=4556
r[250]=-20304
r[251]=18732
r[252]=18732
r[253]=5762
r[254]=-24526
r[255]=19670
j 28 t 345j 29 t -918k 73 zeta 422 len 2 start 32
r[0]=12185
r[1]=8995
r[2]=13951
r[3]=8061
r[4]=14009
r[5]=8749
r[6]=13111
r[7]=8807
r[8]=13670
r[9]=9914
r[10]=15860
r[11]=8970
r[12]=14845
r[13]=6430
r[14]=14353
r[15]=6234
r[16]=13525
r[17]=10490
r[18]=13961
r[19]=9020
r[20]=15113
r[21]=10319
r[22]=17165
r[23]=10019
r[24]=16374
r[25]=10360
r[26]=20802
r[27]=8756
r[28]=16331
r[29]=4872
r[30]=15641
r[31]=6708
r[32]=18919
r[33]=7815
r[34]=-27669
r[35]=13703
r[36]=15425
r[37]=11281
r[38]=-28623
r[39]=15305
r[40]=21476
r[41]=10548
r[42]=-27249
r[43]=17319
r[44]=19016
r[45]=7652
r[46]=-27735
r[47]=15877
r[48]=15957
r[49]=7458
r[50]=-27357
r[51]=14581
r[52]=13339
r[53]=10188
r[54]=-26823
r[55]=16475
r[56]=17283
r[57]=9138
r[58]=-30627
r[59]=19332
r[60]=15865
r[61]=10960
r[62]=-30605
r[63]=17336
r[64]=15963
r[65]=17796
r[66]=-26532
r[67]=19038
r[68]=17341
r[69]=18214
r[70]=-28304
r[71]=15418
r[72]=14498
r[73]=14010
r[74]=-25064
r[75]=13998
r[76]=15014
r[77]=14480
r[78]=-24100
r[79]=16742
r[80]=15715
r[81]=11715
r[82]=-24846
r[83]=17029
r[84]=17085
r[85]=11171
r[86]=-27898
r[87]=15951
r[88]=17390
r[89]=13971
r[90]=-24246
r[91]=15093
r[92]=18578
r[93]=11299
r[94]=-27274
r[95]=18227
r[96]=17160
r[97]=9307
r[98]=-23802
r[99]=22363
r[100]=14340
r[101]=12981
r[102]=-28238
r[103]=21077
r[104]=19546
r[105]=9767
r[106]=-20645
r[107]=19066
r[108]=17594
r[109]=8257
r[110]=-24743
r[111]=21738
r[112]=14849
r[113]=11007
r[114]=-27142
r[115]=21429
r[116]=14163
r[117]=12123
r[118]=-27286
r[119]=18225
r[120]=18274
r[121]=10177
r[122]=-25073
r[123]=19440
r[124]=16746
r[125]=7613
r[126]=-26759
r[127]=17534
r[128]=21801
r[129]=3918
r[130]=-27377
r[131]=20846
r[132]=20263
r[133]=5918
r[134]=-28729
r[135]=21726
r[136]=21702
r[137]=5983
r[138]=-23076
r[139]=18770
r[140]=19510
r[141]=8421
r[142]=-26174
r[143]=21702
r[144]=19656
r[145]=10301
r[146]=-22729
r[147]=21938
r[148]=17452
r[149]=9493
r[150]=-21793
r[151]=20010
r[152]=22002
r[153]=8167
r[154]=-24373
r[155]=22355
r[156]=20918
r[157]=5551
r[158]=-23757
r[159]=19733
r[160]=19411
r[161]=10991
r[162]=-25364
r[163]=19654
r[164]=19849
r[165]=8765
r[166]=-27578
r[167]=21094
r[168]=18661
r[169]=7952
r[170]=-27730
r[171]=21288
r[172]=20063
r[173]=11272
r[174]=-25628
r[175]=21560
r[176]=20905
r[177]=11656
r[178]=-30488
r[179]=24381
r[180]=18305
r[181]=9890
r[182]=-30028
r[183]=23671
r[184]=22397
r[185]=9592
r[186]=-29043
r[187]=23677
r[188]=21121
r[189]=12242
r[190]=-27589
r[191]=23067
r[192]=19279
r[193]=7037
r[194]=-27893
r[195]=19190
r[196]=16679
r[197]=7295
r[198]=-29447
r[199]=17412
r[200]=19751
r[201]=6773
r[202]=-25634
r[203]=16653
r[204]=17555
r[205]=4667
r[206]=-26022
r[207]=18313
r[208]=15217
r[209]=7144
r[210]=-25529
r[211]=14659
r[212]=13415
r[213]=7324
r[214]=-25481
r[215]=18455
r[216]=17754
r[217]=7424
r[218]=-22803
r[219]=17558
r[220]=15990
r[221]=11088
r[222]=-24711
r[223]=15072
r[224]=21617
r[225]=9524
r[226]=-26944
r[227]=20930
r[228]=21759
r[229]=6570
r[230]=-24526
r[231]=19468
r[232]=20851
r[233]=6657
r[234]=-27070
r[235]=16983
r[236]=18337
r[237]=5897
r[238]=-27136
r[239]=17891
r[240]=16172
r[241]=4243
r[242]=-27827
r[243]=20539
r[244]=17744
r[245]=6759
r[246]=-24915
r[247]=19451
r[248]=20236
r[249]=4556
r[250]=-20304
r[251]=18732
r[252]=18732
r[253]=5762
r[254]=-24526
r[255]=19670
j 32 t 298j 33 t -673k 74 zeta 587 len 2 start 36
r[0]=12185
r[1]=8995
r[2]=13951
r[3]=8061
r[4]=14009
r[5]=8749
r[6]=13111
r[7]=8807
r[8]=13670
r[9]=9914
r[10]=15860
r[11]=8970
r[12]=14845
r[13]=6430
r[14]=14353
r[15]=6234
r[16]=13525
r[17]=10490
r[18]=13961
r[19]=9020
r[20]=15113
r[21]=10319
r[22]=17165
r[23]=10019
r[24]=16374
r[25]=10360
r[26]=20802
r[27]=8756
r[28]=16331
r[29]=4872
r[30]=15641
r[31]=6708
r[32]=19217
r[33]=7142
r[34]=18621
r[35]=8488
r[36]=15425
r[37]=11281
r[38]=-28623
r[39]=15305
r[40]=21476
r[41]=10548
r[42]=-27249
r[43]=17319
r[44]=19016
r[45]=7652
r[46]=-27735
r[47]=15877
r[48]=15957
r[49]=7458
r[50]=-27357
r[51]=14581
r[52]=13339
r[53]=10188
r[54]=-26823
r[55]=16475
r[56]=17283
r[57]=9138
r[58]=-30627
r[59]=19332
r[60]=15865
r[61]=10960
r[62]=-30605
r[63]=17336
r[64]=15963
r[65]=17796
r[66]=-26532
r[67]=19038
r[68]=17341
r[69]=18214
r[70]=-28304
r[71]=15418
r[72]=14498
r[73]=14010
r[74]=-25064
r[75]=13998
r[76]=15014
r[77]=14480
r[78]=-24100
r[79]=16742
r[80]=15715
r[81]=11715
r[82]=-24846
r[83]=17029
r[84]=17085
r[85]=11171
r[86]=-27898
r[87]=15951
r[88]=17390
r[89]=13971
r[90]=-24246
r[91]=15093
r[92]=18578
r[93]=11299
r[94]=-27274
r[95]=18227
r[96]=17160
r[97]=9307
r[98]=-23802
r[99]=22363
r[100]=14340
r[101]=12981
r[102]=-28238
r[103]=21077
r[104]=19546
r[105]=9767
r[106]=-20645
r[107]=19066
r[108]=17594
r[109]=8257
r[110]=-24743
r[111]=21738
r[112]=14849
r[113]=11007
r[114]=-27142
r[115]=21429
r[116]=14163
r[117]=12123
r[118]=-27286
r[119]=18225
r[120]=18274
r[121]=10177
r[122]=-25073
r[123]=19440
r[124]=16746
r[125]=7613
r[126]=-26759
r[127]=17534
r[128]=21801
r[129]=3918
r[130]=-27377
r[131]=20846
r[132]=20263
r[133]=5918
r[134]=-28729
r[135]=21726
r[136]=21702
r[137]=5983
r[138]=-23076
r[139]=18770
r[140]=19510
r[141]=8421
r[142]=-26174
r[143]=21702
r[144]=19656
r[145]=10301
r[146]=-22729
r[147]=21938
r[148]=17452
r[149]=9493
r[150]=-21793
r[151]=20010
r[152]=22002
r[153]=8167
r[154]=-24373
r[155]=22355
r[156]=20918
r[157]=5551
r[158]=-23757
r[159]=19733
r[160]=19411
r[161]=10991
r[162]=-25364
r[163]=19654
r[164]=19849
r[165]=8765
r[166]=-27578
r[167]=21094
r[168]=18661
r[169]=7952
r[170]=-27730
r[171]=21288
r[172]=20063
r[173]=11272
r[174]=-25628
r[175]=21560
r[176]=20905
r[177]=11656
r[178]=-30488
r[179]=24381
r[180]=18305
r[181]=9890
r[182]=-30028
r[183]=23671
r[184]=22397
r[185]=9592
r[186]=-29043
r[187]=23677
r[188]=21121
r[189]=12242
r[190]=-27589
r[191]=23067
r[192]=19279
r[193]=7037
r[194]=-27893
r[195]=19190
r[196]=16679
r[197]=7295
r[198]=-29447
r[199]=17412
r[200]=19751
r[201]=6773
r[202]=-25634
r[203]=16653
r[204]=17555
r[205]=4667
r[206]=-26022
r[207]=18313
r[208]=15217
r[209]=7144
r[210]=-25529
r[211]=14659
r[212]=13415
r[213]=7324
r[214]=-25481
r[215]=18455
r[216]=17754
r[217]=7424
r[218]=-22803
r[219]=17558
r[220]=15990
r[221]=11088
r[222]=-24711
r[223]=15072
r[224]=21617
r[225]=9524
r[226]=-26944
r[227]=20930
r[228]=21759
r[229]=6570
r[230]=-24526
r[231]=19468
r[232]=20851
r[233]=6657
r[234]=-27070
r[235]=16983
r[236]=18337
r[237]=5897
r[238]=-27136
r[239]=17891
r[240]=16172
r[241]=4243
r[242]=-27827
r[243]=20539
r[244]=17744
r[245]=6759
r[246]=-24915
r[247]=19451
r[248]=20236
r[249]=4556
r[250]=-20304
r[251]=18732
r[252]=18732
r[253]=5762
r[254]=-24526
r[255]=19670
j 36 t -274j 37 t 1608k 75 zeta 177 len 2 start 40
r[0]=12185
r[1]=8995
r[2]=13951
r[3]=8061
r[4]=14009
r[5]=8749
r[6]=13111
r[7]=8807
r[8]=13670
r[9]=9914
r[10]=15860
r[11]=8970
r[12]=14845
r[13]=6430
r[14]=14353
r[15]=6234
r[16]=13525
r[17]=10490
r[18]=13961
r[19]=9020
r[20]=15113
r[21]=10319
r[22]=17165
r[23]=10019
r[24]=16374
r[25]=10360
r[26]=20802
r[27]=8756
r[28]=16331
r[29]=4872
r[30]=15641
r[31]=6708
r[32]=19217
r[33]=7142
r[34]=18621
r[35]=8488
r[36]=15151
r[37]=12889
r[38]=15699
r[39]=9673
r[40]=21476
r[41]=10548
r[42]=-27249
r[43]=17319
r[44]=19016
r[45]=7652
r[46]=-27735
r[47]=15877
r[48]=15957
r[49]=7458
r[50]=-27357
r[51]=14581
r[52]=13339
r[53]=10188
r[54]=-26823
r[55]=16475
r[56]=17283
r[57]=9138
r[58]=-30627
r[59]=19332
r[60]=15865
r[61]=10960
r[62]=-30605
r[63]=17336
r[64]=15963
r[65]=17796
r[66]=-26532
r[67]=19038
r[68]=17341
r[69]=18214
r[70]=-28304
r[71]=15418
r[72]=14498
r[73]=14010
r[74]=-25064
r[75]=13998
r[76]=15014
r[77]=14480
r[78]=-24100
r[79]=16742
r[80]=15715
r[81]=11715
r[82]=-24846
r[83]=17029
r[84]=17085
r[85]=11171
r[86]=-27898
r[87]=15951
r[88]=17390
r[89]=13971
r[90]=-24246
r[91]=15093
r[92]=18578
r[93]=11299
r[94]=-27274
r[95]=18227
r[96]=17160
r[97]=9307
r[98]=-23802
r[99]=22363
r[100]=14340
r[101]=12981
r[102]=-28238
r[103]=21077
r[104]=19546
r[105]=9767
r[106]=-20645
r[107]=19066
r[108]=17594
r[109]=8257
r[110]=-24743
r[111]=21738
r[112]=14849
r[113]=11007
r[114]=-27142
r[115]=21429
r[116]=14163
r[117]=12123
r[118]=-27286
r[119]=18225
r[120]=18274
r[121]=10177
r[122]=-25073
r[123]=19440
r[124]=16746
r[125]=7613
r[126]=-26759
r[127]=17534
r[128]=21801
r[129]=3918
r[130]=-27377
r[131]=20846
r[132]=20263
r[133]=5918
r[134]=-28729
r[135]=21726
r[136]=21702
r[137]=5983
r[138]=-23076
r[139]=18770
r[140]=19510
r[141]=8421
r[142]=-26174
r[143]=21702
r[144]=19656
r[145]=10301
r[146]=-22729
r[147]=21938
r[148]=17452
r[149]=9493
r[150]=-21793
r[151]=20010
r[152]=22002
r[153]=8167
r[154]=-24373
r[155]=22355
r[156]=20918
r[157]=5551
r[158]=-23757
r[159]=19733
r[160]=19411
r[161]=10991
r[162]=-25364
r[163]=19654
r[164]=19849
r[165]=8765
r[166]=-27578
r[167]=21094
r[168]=18661
r[169]=7952
r[170]=-27730
r[171]=21288
r[172]=20063
r[173]=11272
r[174]=-25628
r[175]=21560
r[176]=20905
r[177]=11656
r[178]=-30488
r[179]=24381
r[180]=18305
r[181]=9890
r[182]=-30028
r[183]=23671
r[184]=22397
r[185]=9592
r[186]=-29043
r[187]=23677
r[188]=21121
r[189]=12242
r[190]=-27589
r[191]=23067
r[192]=19279
r[193]=7037
r[194]=-27893
r[195]=19190
r[196]=16679
r[197]=7295
r[198]=-29447
r[199]=17412
r[200]=19751
r[201]=6773
r[202]=-25634
r[203]=16653
r[204]=17555
r[205]=4667
r[206]=-26022
r[207]=18313
r[208]=15217
r[209]=7144
r[210]=-25529
r[211]=14659
r[212]=13415
r[213]=7324
r[214]=-25481
r[215]=18455
r[216]=17754
r[217]=7424
r[218]=-22803
r[219]=17558
r[220]=15990
r[221]=11088
r[222]=-24711
r[223]=15072
r[224]=21617
r[225]=9524
r[226]=-26944
r[227]=20930
r[228]=21759
r[229]=6570
r[230]=-24526
r[231]=19468
r[232]=20851
r[233]=6657
r[234]=-27070
r[235]=16983
r[236]=18337
r[237]=5897
r[238]=-27136
r[239]=17891
r[240]=16172
r[241]=4243
r[242]=-27827
r[243]=20539
r[244]=17744
r[245]=6759
r[246]=-24915
r[247]=19451
r[248]=20236
r[249]=4556
r[250]=-20304
r[251]=18732
r[252]=18732
r[253]=5762
r[254]=-24526
r[255]=19670
j 40 t -345j 41 t 938k 76 zeta -235 len 2 start 44
r[0]=12185
r[1]=8995
r[2]=13951
r[3]=8061
r[4]=14009
r[5]=8749
r[6]=13111
r[7]=8807
r[8]=13670
r[9]=9914
r[10]=15860
r[11]=8970
r[12]=14845
r[13]=6430
r[14]=14353
r[15]=6234
r[16]=13525
r[17]=10490
r[18]=13961
r[19]=9020
r[20]=15113
r[21]=10319
r[22]=17165
r[23]=10019
r[24]=16374
r[25]=10360
r[26]=20802
r[27]=8756
r[28]=16331
r[29]=4872
r[30]=15641
r[31]=6708
r[32]=19217
r[33]=7142
r[34]=18621
r[35]=8488
r[36]=15151
r[37]=12889
r[38]=15699
r[39]=9673
r[40]=21131
r[41]=11486
r[42]=21821
r[43]=9610
r[44]=19016
r[45]=7652
r[46]=-27735
r[47]=15877
r[48]=15957
r[49]=7458
r[50]=-27357
r[51]=14581
r[52]=13339
r[53]=10188
r[54]=-26823
r[55]=16475
r[56]=17283
r[57]=9138
r[58]=-30627
r[59]=19332
r[60]=15865
r[61]=10960
r[62]=-30605
r[63]=17336
r[64]=15963
r[65]=17796
r[66]=-26532
r[67]=19038
r[68]=17341
r[69]=18214
r[70]=-28304
r[71]=15418
r[72]=14498
r[73]=14010
r[74]=-25064
r[75]=13998
r[76]=15014
r[77]=14480
r[78]=-24100
r[79]=16742
r[80]=15715
r[81]=11715
r[82]=-24846
r[83]=17029
r[84]=17085
r[85]=11171
r[86]=-27898
r[87]=15951
r[88]=17390
r[89]=13971
r[90]=-24246
r[91]=15093
r[92]=18578
r[93]=11299
r[94]=-27274
r[95]=18227
r[96]=17160
r[97]=9307
r[98]=-23802
r[99]=22363
r[100]=14340
r[101]=12981
r[102]=-28238
r[103]=21077
r[104]=19546
r[105]=9767
r[106]=-20645
r[107]=19066
r[108]=17594
r[109]=8257
r[110]=-24743
r[111]=21738
r[112]=14849
r[113]=11007
r[114]=-27142
r[115]=21429
r[116]=14163
r[117]=12123
r[118]=-27286
r[119]=18225
r[120]=18274
r[121]=10177
r[122]=-25073
r[123]=19440
r[124]=16746
r[125]=7613
r[126]=-26759
r[127]=17534
r[128]=21801
r[129]=3918
r[130]=-27377
r[131]=20846
r[132]=20263
r[133]=5918
r[134]=-28729
r[135]=21726
r[136]=21702
r[137]=5983
r[138]=-23076
r[139]=18770
r[140]=19510
r[141]=8421
r[142]=-26174
r[143]=21702
r[144]=19656
r[145]=10301
r[146]=-22729
r[147]=21938
r[148]=17452
r[149]=9493
r[150]=-21793
r[151]=20010
r[152]=22002
r[153]=8167
r[154]=-24373
r[155]=22355
r[156]=20918
r[157]=5551
r[158]=-23757
r[159]=19733
r[160]=19411
r[161]=10991
r[162]=-25364
r[163]=19654
r[164]=19849
r[165]=8765
r[166]=-27578
r[167]=21094
r[168]=18661
r[169]=7952
r[170]=-27730
r[171]=21288
r[172]=20063
r[173]=11272
r[174]=-25628
r[175]=21560
r[176]=20905
r[177]=11656
r[178]=-30488
r[179]=24381
r[180]=18305
r[181]=9890
r[182]=-30028
r[183]=23671
r[184]=22397
r[185]=9592
r[186]=-29043
r[187]=23677
r[188]=21121
r[189]=12242
r[190]=-27589
r[191]=23067
r[192]=19279
r[193]=7037
r[194]=-27893
r[195]=19190
r[196]=16679
r[197]=7295
r[198]=-29447
r[199]=17412
r[200]=19751
r[201]=6773
r[202]=-25634
r[203]=16653
r[204]=17555
r[205]=4667
r[206]=-26022
r[207]=18313
r[208]=15217
r[209]=7144
r[210]=-25529
r[211]=14659
r[212]=13415
r[213]=7324
r[214]=-25481
r[215]=18455
r[216]=17754
r[217]=7424
r[218]=-22803
r[219]=17558
r[220]=15990
r[221]=11088
r[222]=-24711
r[223]=15072
r[224]=21617
r[225]=9524
r[226]=-26944
r[227]=20930
r[228]=21759
r[229]=6570
r[230]=-24526
r[231]=19468
r[232]=20851
r[233]=6657
r[234]=-27070
r[235]=16983
r[236]=18337
r[237]=5897
r[238]=-27136
r[239]=17891
r[240]=16172
r[241]=4243
r[242]=-27827
r[243]=20539
r[244]=17744
r[245]=6759
r[246]=-24915
r[247]=19451
r[248]=20236
r[249]=4556
r[250]=-20304
r[251]=18732
r[252]=18732
r[253]=5762
r[254]=-24526
r[255]=19670
j 44 t -666j 45 t 822k 77 zeta -291 len 2 start 48
r[0]=12185
r[1]=8995
r[2]=13951
r[3]=8061
r[4]=14009
r[5]=8749
r[6]=13111
r[7]=8807
r[8]=13670
r[9]=9914
r[10]=15860
r[11]=8970
r[12]=14845
r[13]=6430
r[14]=14353
r[15]=6234
r[16]=13525
r[17]=10490
r[18]=13961
r[19]=9020
r[20]=15113
r[21]=10319
r[22]=17165
r[23]=10019
r[24]=16374
r[25]=10360
r[26]=20802
r[27]=8756
r[28]=16331
r[29]=4872
r[30]=15641
r[31]=6708
r[32]=19217
r[33]=7142
r[34]=18621
r[35]=8488
r[36]=15151
r[37]=12889
r[38]=15699
r[39]=9673
r[40]=21131
r[41]=11486
r[42]=21821
r[43]=9610
r[44]=18350
r[45]=8474
r[46]=19682
r[47]=6830
r[48]=15957
r[49]=7458
r[50]=-27357
r[51]=14581
r[52]=13339
r[53]=10188
r[54]=-26823
r[55]=16475
r[56]=17283
r[57]=9138
r[58]=-30627
r[59]=19332
r[60]=15865
r[61]=10960
r[62]=-30605
r[63]=17336
r[64]=15963
r[65]=17796
r[66]=-26532
r[67]=19038
r[68]=17341
r[69]=18214
r[70]=-28304
r[71]=15418
r[72]=14498
r[73]=14010
r[74]=-25064
r[75]=13998
r[76]=15014
r[77]=14480
r[78]=-24100
r[79]=16742
r[80]=15715
r[81]=11715
r[82]=-24846
r[83]=17029
r[84]=17085
r[85]=11171
r[86]=-27898
r[87]=15951
r[88]=17390
r[89]=13971
r[90]=-24246
r[91]=15093
r[92]=18578
r[93]=11299
r[94]=-27274
r[95]=18227
r[96]=17160
r[97]=9307
r[98]=-23802
r[99]=22363
r[100]=14340
r[101]=12981
r[102]=-28238
r[103]=21077
r[104]=19546
r[105]=9767
r[106]=-20645
r[107]=19066
r[108]=17594
r[109]=8257
r[110]=-24743
r[111]=21738
r[112]=14849
r[113]=11007
r[114]=-27142
r[115]=21429
r[116]=14163
r[117]=12123
r[118]=-27286
r[119]=18225
r[120]=18274
r[121]=10177
r[122]=-25073
r[123]=19440
r[124]=16746
r[125]=7613
r[126]=-26759
r[127]=17534
r[128]=21801
r[129]=3918
r[130]=-27377
r[131]=20846
r[132]=20263
r[133]=5918
r[134]=-28729
r[135]=21726
r[136]=21702
r[137]=5983
r[138]=-23076
r[139]=18770
r[140]=19510
r[141]=8421
r[142]=-26174
r[143]=21702
r[144]=19656
r[145]=10301
r[146]=-22729
r[147]=21938
r[148]=17452
r[149]=9493
r[150]=-21793
r[151]=20010
r[152]=22002
r[153]=8167
r[154]=-24373
r[155]=22355
r[156]=20918
r[157]=5551
r[158]=-23757
r[159]=19733
r[160]=19411
r[161]=10991
r[162]=-25364
r[163]=19654
r[164]=19849
r[165]=8765
r[166]=-27578
r[167]=21094
r[168]=18661
r[169]=7952
r[170]=-27730
r[171]=21288
r[172]=20063
r[173]=11272
r[174]=-25628
r[175]=21560
r[176]=20905
r[177]=11656
r[178]=-30488
r[179]=24381
r[180]=18305
r[181]=9890
r[182]=-30028
r[183]=23671
r[184]=22397
r[185]=9592
r[186]=-29043
r[187]=23677
r[188]=21121
r[189]=12242
r[190]=-27589
r[191]=23067
r[192]=19279
r[193]=7037
r[194]=-27893
r[195]=19190
r[196]=16679
r[197]=7295
r[198]=-29447
r[199]=17412
r[200]=19751
r[201]=6773
r[202]=-25634
r[203]=16653
r[204]=17555
r[205]=4667
r[206]=-26022
r[207]=18313
r[208]=15217
r[209]=7144
r[210]=-25529
r[211]=14659
r[212]=13415
r[213]=7324
r[214]=-25481
r[215]=18455
r[216]=17754
r[217]=7424
r[218]=-22803
r[219]=17558
r[220]=15990
r[221]=11088
r[222]=-24711
r[223]=15072
r[224]=21617
r[225]=9524
r[226]=-26944
r[227]=20930
r[228]=21759
r[229]=6570
r[230]=-24526
r[231]=19468
r[232]=20851
r[233]=6657
r[234]=-27070
r[235]=16983
r[236]=18337
r[237]=5897
r[238]=-27136
r[239]=17891
r[240]=16172
r[241]=4243
r[242]=-27827
r[243]=20539
r[244]=17744
r[245]=6759
r[246]=-24915
r[247]=19451
r[248]=20236
r[249]=4556
r[250]=-20304
r[251]=18732
r[252]=18732
r[253]=5762
r[254]=-24526
r[255]=19670
j 48 t 1185j 49 t 917k 78 zeta -460 len 2 start 52
r[0]=12185
r[1]=8995
r[2]=13951
r[3]=8061
r[4]=14009
r[5]=8749
r[6]=13111
r[7]=8807
r[8]=13670
r[9]=9914
r[10]=15860
r[11]=8970
r[12]=14845
r[13]=6430
r[14]=14353
r[15]=6234
r[16]=13525
r[17]=10490
r[18]=13961
r[19]=9020
r[20]=15113
r[21]=10319
r[22]=17165
r[23]=10019
r[24]=16374
r[25]=10360
r[26]=20802
r[27]=8756
r[28]=16331
r[29]=4872
r[30]=15641
r[31]=6708
r[32]=19217
r[33]=7142
r[34]=18621
r[35]=8488
r[36]=15151
r[37]=12889
r[38]=15699
r[39]=9673
r[40]=21131
r[41]=11486
r[42]=21821
r[43]=9610
r[44]=18350
r[45]=8474
r[46]=19682
r[47]=6830
r[48]=17142
r[49]=8375
r[50]=14772
r[51]=6541
r[52]=13339
r[53]=10188
r[54]=-26823
r[55]=16475
r[56]=17283
r[57]=9138
r[58]=-30627
r[59]=19332
r[60]=15865
r[61]=10960
r[62]=-30605
r[63]=17336
r[64]=15963
r[65]=17796
r[66]=-26532
r[67]=19038
r[68]=17341
r[69]=18214
r[70]=-28304
r[71]=15418
r[72]=14498
r[73]=14010
r[74]=-25064
r[75]=13998
r[76]=15014
r[77]=14480
r[78]=-24100
r[79]=16742
r[80]=15715
r[81]=11715
r[82]=-24846
r[83]=17029
r[84]=17085
r[85]=11171
r[86]=-27898
r[87]=15951
r[88]=17390
r[89]=13971
r[90]=-24246
r[91]=15093
r[92]=18578
r[93]=11299
r[94]=-27274
r[95]=18227
r[96]=17160
r[97]=9307
r[98]=-23802
r[99]=22363
r[100]=14340
r[101]=12981
r[102]=-28238
r[103]=21077
r[104]=19546
r[105]=9767
r[106]=-20645
r[107]=19066
r[108]=17594
r[109]=8257
r[110]=-24743
r[111]=21738
r[112]=14849
r[113]=11007
r[114]=-27142
r[115]=21429
r[116]=14163
r[117]=12123
r[118]=-27286
r[119]=18225
r[120]=18274
r[121]=10177
r[122]=-25073
r[123]=19440
r[124]=16746
r[125]=7613
r[126]=-26759
r[127]=17534
r[128]=21801
r[129]=3918
r[130]=-27377
r[131]=20846
r[132]=20263
r[133]=5918
r[134]=-28729
r[135]=21726
r[136]=21702
r[137]=5983
r[138]=-23076
r[139]=18770
r[140]=19510
r[141]=8421
r[142]=-26174
r[143]=21702
r[144]=19656
r[145]=10301
r[146]=-22729
r[147]=21938
r[148]=17452
r[149]=9493
r[150]=-21793
r[151]=20010
r[152]=22002
r[153]=8167
r[154]=-24373
r[155]=22355
r[156]=20918
r[157]=5551
r[158]=-23757
r[159]=19733
r[160]=19411
r[161]=10991
r[162]=-25364
r[163]=19654
r[164]=19849
r[165]=8765
r[166]=-27578
r[167]=21094
r[168]=18661
r[169]=7952
r[170]=-27730
r[171]=21288
r[172]=20063
r[173]=11272
r[174]=-25628
r[175]=21560
r[176]=20905
r[177]=11656
r[178]=-30488
r[179]=24381
r[180]=18305
r[181]=9890
r[182]=-30028
r[183]=23671
r[184]=22397
r[185]=9592
r[186]=-29043
r[187]=23677
r[188]=21121
r[189]=12242
r[190]=-27589
r[191]=23067
r[192]=19279
r[193]=7037
r[194]=-27893
r[195]=19190
r[196]=16679
r[197]=7295
r[198]=-29447
r[199]=17412
r[200]=19751
r[201]=6773
r[202]=-25634
r[203]=16653
r[204]=17555
r[205]=4667
r[206]=-26022
r[207]=18313
r[208]=15217
r[209]=7144
r[210]=-25529
r[211]=14659
r[212]=13415
r[213]=7324
r[214]=-25481
r[215]=18455
r[216]=17754
r[217]=7424
r[218]=-22803
r[219]=17558
r[220]=15990
r[221]=11088
r[222]=-24711
r[223]=15072
r[224]=21617
r[225]=9524
r[226]=-26944
r[227]=20930
r[228]=21759
r[229]=6570
r[230]=-24526
r[231]=19468
r[232]=20851
r[233]=6657
r[234]=-27070
r[235]=16983
r[236]=18337
r[237]=5897
r[238]=-27136
r[239]=17891
r[240]=16172
r[241]=4243
r[242]=-27827
r[243]=20539
r[244]=17744
r[245]=6759
r[246]=-24915
r[247]=19451
r[248]=20236
r[249]=4556
r[250]=-20304
r[251]=18732
r[252]=18732
r[253]=5762
r[254]=-24526
r[255]=19670
j 52 t 1000j 53 t -330k 79 zeta 1574 len 2 start 56
r[0]=12185
r[1]=8995
r[2]=13951
r[3]=8061
r[4]=14009
r[5]=8749
r[6]=13111
r[7]=8807
r[8]=13670
r[9]=9914
r[10]=15860
r[11]=8970
r[12]=14845
r[13]=6430
r[14]=14353
r[15]=6234
r[16]=13525
r[17]=10490
r[18]=13961
r[19]=9020
r[20]=15113
r[21]=10319
r[22]=17165
r[23]=10019
r[24]=16374
r[25]=10360
r[26]=20802
r[27]=8756
r[28]=16331
r[29]=4872
r[30]=15641
r[31]=6708
r[32]=19217
r[33]=7142
r[34]=18621
r[35]=8488
r[36]=15151
r[37]=12889
r[38]=15699
r[39]=9673
r[40]=21131
r[41]=11486
r[42]=21821
r[43]=9610
r[44]=18350
r[45]=8474
r[46]=19682
r[47]=6830
r[48]=17142
r[49]=8375
r[50]=14772
r[51]=6541
r[52]=14339
r[53]=9858
r[54]=12339
r[55]=10518
r[56]=17283
r[57]=9138
r[58]=-30627
r[59]=19332
r[60]=15865
r[61]=10960
r[62]=-30605
r[63]=17336
r[64]=15963
r[65]=17796
r[66]=-26532
r[67]=19038
r[68]=17341
r[69]=18214
r[70]=-28304
r[71]=15418
r[72]=14498
r[73]=14010
r[74]=-25064
r[75]=13998
r[76]=15014
r[77]=14480
r[78]=-24100
r[79]=16742
r[80]=15715
r[81]=11715
r[82]=-24846
r[83]=17029
r[84]=17085
r[85]=11171
r[86]=-27898
r[87]=15951
r[88]=17390
r[89]=13971
r[90]=-24246
r[91]=15093
r[92]=18578
r[93]=11299
r[94]=-27274
r[95]=18227
r[96]=17160
r[97]=9307
r[98]=-23802
r[99]=22363
r[100]=14340
r[101]=12981
r[102]=-28238
r[103]=21077
r[104]=19546
r[105]=9767
r[106]=-20645
r[107]=19066
r[108]=17594
r[109]=8257
r[110]=-24743
r[111]=21738
r[112]=14849
r[113]=11007
r[114]=-27142
r[115]=21429
r[116]=14163
r[117]=12123
r[118]=-27286
r[119]=18225
r[120]=18274
r[121]=10177
r[122]=-25073
r[123]=19440
r[124]=16746
r[125]=7613
r[126]=-26759
r[127]=17534
r[128]=21801
r[129]=3918
r[130]=-27377
r[131]=20846
r[132]=20263
r[133]=5918
r[134]=-28729
r[135]=21726
r[136]=21702
r[137]=5983
r[138]=-23076
r[139]=18770
r[140]=19510
r[141]=8421
r[142]=-26174
r[143]=21702
r[144]=19656
r[145]=10301
r[146]=-22729
r[147]=21938
r[148]=17452
r[149]=9493
r[150]=-21793
r[151]=20010
r[152]=22002
r[153]=8167
r[154]=-24373
r[155]=22355
r[156]=20918
r[157]=5551
r[158]=-23757
r[159]=19733
r[160]=19411
r[161]=10991
r[162]=-25364
r[163]=19654
r[164]=19849
r[165]=8765
r[166]=-27578
r[167]=21094
r[168]=18661
r[169]=7952
r[170]=-27730
r[171]=21288
r[172]=20063
r[173]=11272
r[174]=-25628
r[175]=21560
r[176]=20905
r[177]=11656
r[178]=-30488
r[179]=24381
r[180]=18305
r[181]=9890
r[182]=-30028
r[183]=23671
r[184]=22397
r[185]=9592
r[186]=-29043
r[187]=23677
r[188]=21121
r[189]=12242
r[190]=-27589
r[191]=23067
r[192]=19279
r[193]=7037
r[194]=-27893
r[195]=19190
r[196]=16679
r[197]=7295
r[198]=-29447
r[199]=17412
r[200]=19751
r[201]=6773
r[202]=-25634
r[203]=16653
r[204]=17555
r[205]=4667
r[206]=-26022
r[207]=18313
r[208]=15217
r[209]=7144
r[210]=-25529
r[211]=14659
r[212]=13415
r[213]=7324
r[214]=-25481
r[215]=18455
r[216]=17754
r[217]=7424
r[218]=-22803
r[219]=17558
r[220]=15990
r[221]=11088
r[222]=-24711
r[223]=15072
r[224]=21617
r[225]=9524
r[226]=-26944
r[227]=20930
r[228]=21759
r[229]=6570
r[230]=-24526
r[231]=19468
r[232]=20851
r[233]=6657
r[234]=-27070
r[235]=16983
r[236]=18337
r[237]=5897
r[238]=-27136
r[239]=17891
r[240]=16172
r[241]=4243
r[242]=-27827
r[243]=20539
r[244]=17744
r[245]=6759
r[246]=-24915
r[247]=19451
r[248]=20236
r[249]=4556
r[250]=-20304
r[251]=18732
r[252]=18732
r[253]=5762
r[254]=-24526
r[255]=19670
j 56 t -603j 57 t 1848k 80 zeta 1653 len 2 start 60
r[0]=12185
r[1]=8995
r[2]=13951
r[3]=8061
r[4]=14009
r[5]=8749
r[6]=13111
r[7]=8807
r[8]=13670
r[9]=9914
r[10]=15860
r[11]=8970
r[12]=14845
r[13]=6430
r[14]=14353
r[15]=6234
r[16]=13525
r[17]=10490
r[18]=13961
r[19]=9020
r[20]=15113
r[21]=10319
r[22]=17165
r[23]=10019
r[24]=16374
r[25]=10360
r[26]=20802
r[27]=8756
r[28]=16331
r[29]=4872
r[30]=15641
r[31]=6708
r[32]=19217
r[33]=7142
r[34]=18621
r[35]=8488
r[36]=15151
r[37]=12889
r[38]=15699
r[39]=9673
r[40]=21131
r[41]=11486
r[42]=21821
r[43]=9610
r[44]=18350
r[45]=8474
r[46]=19682
r[47]=6830
r[48]=17142
r[49]=8375
r[50]=14772
r[51]=6541
r[52]=14339
r[53]=9858
r[54]=12339
r[55]=10518
r[56]=16680
r[57]=10986
r[58]=17886
r[59]=7290
r[60]=15865
r[61]=10960
r[62]=-30605
r[63]=17336
r[64]=15963
r[65]=17796
r[66]=-26532
r[67]=19038
r[68]=17341
r[69]=18214
r[70]=-28304
r[71]=15418
r[72]=14498
r[73]=14010
r[74]=-25064
r[75]=13998
r[76]=15014
r[77]=14480
r[78]=-24100
r[79]=16742
r[80]=15715
r[81]=11715
r[82]=-24846
r[83]=17029
r[84]=17085
r[85]=11171
r[86]=-27898
r[87]=15951
r[88]=17390
r[89]=13971
r[90]=-24246
r[91]=15093
r[92]=18578
r[93]=11299
r[94]=-27274
r[95]=18227
r[96]=17160
r[97]=9307
r[98]=-23802
r[99]=22363
r[100]=14340
r[101]=12981
r[102]=-28238
r[103]=21077
r[104]=19546
r[105]=9767
r[106]=-20645
r[107]=19066
r[108]=17594
r[109]=8257
r[110]=-24743
r[111]=21738
r[112]=14849
r[113]=11007
r[114]=-27142
r[115]=21429
r[116]=14163
r[117]=12123
r[118]=-27286
r[119]=18225
r[120]=18274
r[121]=10177
r[122]=-25073
r[123]=19440
r[124]=16746
r[125]=7613
r[126]=-26759
r[127]=17534
r[128]=21801
r[129]=3918
r[130]=-27377
r[131]=20846
r[132]=20263
r[133]=5918
r[134]=-28729
r[135]=21726
r[136]=21702
r[137]=5983
r[138]=-23076
r[139]=18770
r[140]=19510
r[141]=8421
r[142]=-26174
r[143]=21702
r[144]=19656
r[145]=10301
r[146]=-22729
r[147]=21938
r[148]=17452
r[149]=9493
r[150]=-21793
r[151]=20010
r[152]=22002
r[153]=8167
r[154]=-24373
r[155]=22355
r[156]=20918
r[157]=5551
r[158]=-23757
r[159]=19733
r[160]=19411
r[161]=10991
r[162]=-25364
r[163]=19654
r[164]=19849
r[165]=8765
r[166]=-27578
r[167]=21094
r[168]=18661
r[169]=7952
r[170]=-27730
r[171]=21288
r[172]=20063
r[173]=11272
r[174]=-25628
r[175]=21560
r[176]=20905
r[177]=11656
r[178]=-30488
r[179]=24381
r[180]=18305
r[181]=9890
r[182]=-30028
r[183]=23671
r[184]=22397
r[185]=9592
r[186]=-29043
r[187]=23677
r[188]=21121
r[189]=12242
r[190]=-27589
r[191]=23067
r[192]=19279
r[193]=7037
r[194]=-27893
r[195]=19190
r[196]=16679
r[197]=7295
r[198]=-29447
r[199]=17412
r[200]=19751
r[201]=6773
r[202]=-25634
r[203]=16653
r[204]=17555
r[205]=4667
r[206]=-26022
r[207]=18313
r[208]=15217
r[209]=7144
r[210]=-25529
r[211]=14659
r[212]=13415
r[213]=7324
r[214]=-25481
r[215]=18455
r[216]=17754
r[217]=7424
r[218]=-22803
r[219]=17558
r[220]=15990
r[221]=11088
r[222]=-24711
r[223]=15072
r[224]=21617
r[225]=9524
r[226]=-26944
r[227]=20930
r[228]=21759
r[229]=6570
r[230]=-24526
r[231]=19468
r[232]=20851
r[233]=6657
r[234]=-27070
r[235]=16983
r[236]=18337
r[237]=5897
r[238]=-27136
r[239]=17891
r[240]=16172
r[241]=4243
r[242]=-27827
r[243]=20539
r[244]=17744
r[245]=6759
r[246]=-24915
r[247]=19451
r[248]=20236
r[249]=4556
r[250]=-20304
r[251]=18732
r[252]=18732
r[253]=5762
r[254]=-24526
r[255]=19670
j 60 t -90j 61 t 293k 81 zeta -246 len 2 start 64
r[0]=12185
r[1]=8995
r[2]=13951
r[3]=8061
r[4]=14009
r[5]=8749
r[6]=13111
r[7]=8807
r[8]=13670
r[9]=9914
r[10]=15860
r[11]=8970
r[12]=14845
r[13]=6430
r[14]=14353
r[15]=6234
r[16]=13525
r[17]=10490
r[18]=13961
r[19]=9020
r[20]=15113
r[21]=10319
r[22]=17165
r[23]=10019
r[24]=16374
r[25]=10360
r[26]=20802
r[27]=8756
r[28]=16331
r[29]=4872
r[30]=15641
r[31]=6708
r[32]=19217
r[33]=7142
r[34]=18621
r[35]=8488
r[36]=15151
r[37]=12889
r[38]=15699
r[39]=9673
r[40]=21131
r[41]=11486
r[42]=21821
r[43]=9610
r[44]=18350
r[45]=8474
r[46]=19682
r[47]=6830
r[48]=17142
r[49]=8375
r[50]=14772
r[51]=6541
r[52]=14339
r[53]=9858
r[54]=12339
r[55]=10518
r[56]=16680
r[57]=10986
r[58]=17886
r[59]=7290
r[60]=15775
r[61]=11253
r[62]=15955
r[63]=10667
r[64]=15963
r[65]=17796
r[66]=-26532
r[67]=19038
r[68]=17341
r[69]=18214
r[70]=-28304
r[71]=15418
r[72]=14498
r[73]=14010
r[74]=-25064
r[75]=13998
r[76]=15014
r[77]=14480
r[78]=-24100
r[79]=16742
r[80]=15715
r[81]=11715
r[82]=-24846
r[83]=17029
r[84]=17085
r[85]=11171
r[86]=-27898
r[87]=15951
r[88]=17390
r[89]=13971
r[90]=-24246
r[91]=15093
r[92]=18578
r[93]=11299
r[94]=-27274
r[95]=18227
r[96]=17160
r[97]=9307
r[98]=-23802
r[99]=22363
r[100]=14340
r[101]=12981
r[102]=-28238
r[103]=21077
r[104]=19546
r[105]=9767
r[106]=-20645
r[107]=19066
r[108]=17594
r[109]=8257
r[110]=-24743
r[111]=21738
r[112]=14849
r[113]=11007
r[114]=-27142
r[115]=21429
r[116]=14163
r[117]=12123
r[118]=-27286
r[119]=18225
r[120]=18274
r[121]=10177
r[122]=-25073
r[123]=19440
r[124]=16746
r[125]=7613
r[126]=-26759
r[127]=17534
r[128]=21801
r[129]=3918
r[130]=-27377
r[131]=20846
r[132]=20263
r[133]=5918
r[134]=-28729
r[135]=21726
r[136]=21702
r[137]=5983
r[138]=-23076
r[139]=18770
r[140]=19510
r[141]=8421
r[142]=-26174
r[143]=21702
r[144]=19656
r[145]=10301
r[146]=-22729
r[147]=21938
r[148]=17452
r[149]=9493
r[150]=-21793
r[151]=20010
r[152]=22002
r[153]=8167
r[154]=-24373
r[155]=22355
r[156]=20918
r[157]=5551
r[158]=-23757
r[159]=19733
r[160]=19411
r[161]=10991
r[162]=-25364
r[163]=19654
r[164]=19849
r[165]=8765
r[166]=-27578
r[167]=21094
r[168]=18661
r[169]=7952
r[170]=-27730
r[171]=21288
r[172]=20063
r[173]=11272
r[174]=-25628
r[175]=21560
r[176]=20905
r[177]=11656
r[178]=-30488
r[179]=24381
r[180]=18305
r[181]=9890
r[182]=-30028
r[183]=23671
r[184]=22397
r[185]=9592
r[186]=-29043
r[187]=23677
r[188]=21121
r[189]=12242
r[190]=-27589
r[191]=23067
r[192]=19279
r[193]=7037
r[194]=-27893
r[195]=19190
r[196]=16679
r[197]=7295
r[198]=-29447
r[199]=17412
r[200]=19751
r[201]=6773
r[202]=-25634
r[203]=16653
r[204]=17555
r[205]=4667
r[206]=-26022
r[207]=18313
r[208]=15217
r[209]=7144
r[210]=-25529
r[211]=14659
r[212]=13415
r[213]=7324
r[214]=-25481
r[215]=18455
r[216]=17754
r[217]=7424
r[218]=-22803
r[219]=17558
r[220]=15990
r[221]=11088
r[222]=-24711
r[223]=15072
r[224]=21617
r[225]=9524
r[226]=-26944
r[227]=20930
r[228]=21759
r[229]=6570
r[230]=-24526
r[231]=19468
r[232]=20851
r[233]=6657
r[234]=-27070
r[235]=16983
r[236]=18337
r[237]=5897
r[238]=-27136
r[239]=17891
r[240]=16172
r[241]=4243
r[242]=-27827
r[243]=20539
r[244]=17744
r[245]=6759
r[246]=-24915
r[247]=19451
r[248]=20236
r[249]=4556
r[250]=-20304
r[251]=18732
r[252]=18732
r[253]=5762
r[254]=-24526
r[255]=19670
j 64 t 521j 65 t 583k 82 zeta 778 len 2 start 68
r[0]=12185
r[1]=8995
r[2]=13951
r[3]=8061
r[4]=14009
r[5]=8749
r[6]=13111
r[7]=8807
r[8]=13670
r[9]=9914
r[10]=15860
r[11]=8970
r[12]=14845
r[13]=6430
r[14]=14353
r[15]=6234
r[16]=13525
r[17]=10490
r[18]=13961
r[19]=9020
r[20]=15113
r[21]=10319
r[22]=17165
r[23]=10019
r[24]=16374
r[25]=10360
r[26]=20802
r[27]=8756
r[28]=16331
r[29]=4872
r[30]=15641
r[31]=6708
r[32]=19217
r[33]=7142
r[34]=18621
r[35]=8488
r[36]=15151
r[37]=12889
r[38]=15699
r[39]=9673
r[40]=21131
r[41]=11486
r[42]=21821
r[43]=9610
r[44]=18350
r[45]=8474
r[46]=19682
r[47]=6830
r[48]=17142
r[49]=8375
r[50]=14772
r[51]=6541
r[52]=14339
r[53]=9858
r[54]=12339
r[55]=10518
r[56]=16680
r[57]=10986
r[58]=17886
r[59]=7290
r[60]=15775
r[61]=11253
r[62]=15955
r[63]=10667
r[64]=16484
r[65]=18379
r[66]=15442
r[67]=17213
r[68]=17341
r[69]=18214
r[70]=-28304
r[71]=15418
r[72]=14498
r[73]=14010
r[74]=-25064
r[75]=13998
r[76]=15014
r[77]=14480
r[78]=-24100
r[79]=16742
r[80]=15715
r[81]=11715
r[82]=-24846
r[83]=17029
r[84]=17085
r[85]=11171
r[86]=-27898
r[87]=15951
r[88]=17390
r[89]=13971
r[90]=-24246
r[91]=15093
r[92]=18578
r[93]=11299
r[94]=-27274
r[95]=18227
r[96]=17160
r[97]=9307
r[98]=-23802
r[99]=22363
r[100]=14340
r[101]=12981
r[102]=-28238
r[103]=21077
r[104]=19546
r[105]=9767
r[106]=-20645
r[107]=19066
r[108]=17594
r[109]=8257
r[110]=-24743
r[111]=21738
r[112]=14849
r[113]=11007
r[114]=-27142
r[115]=21429
r[116]=14163
r[117]=12123
r[118]=-27286
r[119]=18225
r[120]=18274
r[121]=10177
r[122]=-25073
r[123]=19440
r[124]=16746
r[125]=7613
r[126]=-26759
r[127]=17534
r[128]=21801
r[129]=3918
r[130]=-27377
r[131]=20846
r[132]=20263
r[133]=5918
r[134]=-28729
r[135]=21726
r[136]=21702
r[137]=5983
r[138]=-23076
r[139]=18770
r[140]=19510
r[141]=8421
r[142]=-26174
r[143]=21702
r[144]=19656
r[145]=10301
r[146]=-22729
r[147]=21938
r[148]=17452
r[149]=9493
r[150]=-21793
r[151]=20010
r[152]=22002
r[153]=8167
r[154]=-24373
r[155]=22355
r[156]=20918
r[157]=5551
r[158]=-23757
r[159]=19733
r[160]=19411
r[161]=10991
r[162]=-25364
r[163]=19654
r[164]=19849
r[165]=8765
r[166]=-27578
r[167]=21094
r[168]=18661
r[169]=7952
r[170]=-27730
r[171]=21288
r[172]=20063
r[173]=11272
r[174]=-25628
r[175]=21560
r[176]=20905
r[177]=11656
r[178]=-30488
r[179]=24381
r[180]=18305
r[181]=9890
r[182]=-30028
r[183]=23671
r[184]=22397
r[185]=9592
r[186]=-29043
r[187]=23677
r[188]=21121
r[189]=12242
r[190]=-27589
r[191]=23067
r[192]=19279
r[193]=7037
r[194]=-27893
r[195]=19190
r[196]=16679
r[197]=7295
r[198]=-29447
r[199]=17412
r[200]=19751
r[201]=6773
r[202]=-25634
r[203]=16653
r[204]=17555
r[205]=4667
r[206]=-26022
r[207]=18313
r[208]=15217
r[209]=7144
r[210]=-25529
r[211]=14659
r[212]=13415
r[213]=7324
r[214]=-25481
r[215]=18455
r[216]=17754
r[217]=7424
r[218]=-22803
r[219]=17558
r[220]=15990
r[221]=11088
r[222]=-24711
r[223]=15072
r[224]=21617
r[225]=9524
r[226]=-26944
r[227]=20930
r[228]=21759
r[229]=6570
r[230]=-24526
r[231]=19468
r[232]=20851
r[233]=6657
r[234]=-27070
r[235]=16983
r[236]=18337
r[237]=5897
r[238]=-27136
r[239]=17891
r[240]=16172
r[241]=4243
r[242]=-27827
r[243]=20539
r[244]=17744
r[245]=6759
r[246]=-24915
r[247]=19451
r[248]=20236
r[249]=4556
r[250]=-20304
r[251]=18732
r[252]=18732
r[253]=5762
r[254]=-24526
r[255]=19670
j 68 t -731j 69 t 1584k 83 zeta 1159 len 2 start 72
r[0]=12185
r[1]=8995
r[2]=13951
r[3]=8061
r[4]=14009
r[5]=8749
r[6]=13111
r[7]=8807
r[8]=13670
r[9]=9914
r[10]=15860
r[11]=8970
r[12]=14845
r[13]=6430
r[14]=14353
r[15]=6234
r[16]=13525
r[17]=10490
r[18]=13961
r[19]=9020
r[20]=15113
r[21]=10319
r[22]=17165
r[23]=10019
r[24]=16374
r[25]=10360
r[26]=20802
r[27]=8756
r[28]=16331
r[29]=4872
r[30]=15641
r[31]=6708
r[32]=19217
r[33]=7142
r[34]=18621
r[35]=8488
r[36]=15151
r[37]=12889
r[38]=15699
r[39]=9673
r[40]=21131
r[41]=11486
r[42]=21821
r[43]=9610
r[44]=18350
r[45]=8474
r[46]=19682
r[47]=6830
r[48]=17142
r[49]=8375
r[50]=14772
r[51]=6541
r[52]=14339
r[53]=9858
r[54]=12339
r[55]=10518
r[56]=16680
r[57]=10986
r[58]=17886
r[59]=7290
r[60]=15775
r[61]=11253
r[62]=15955
r[63]=10667
r[64]=16484
r[65]=18379
r[66]=15442
r[67]=17213
r[68]=16610
r[69]=19798
r[70]=18072
r[71]=16630
r[72]=14498
r[73]=14010
r[74]=-25064
r[75]=13998
r[76]=15014
r[77]=14480
r[78]=-24100
r[79]=16742
r[80]=15715
r[81]=11715
r[82]=-24846
r[83]=17029
r[84]=17085
r[85]=11171
r[86]=-27898
r[87]=15951
r[88]=17390
r[89]=13971
r[90]=-24246
r[91]=15093
r[92]=18578
r[93]=11299
r[94]=-27274
r[95]=18227
r[96]=17160
r[97]=9307
r[98]=-23802
r[99]=22363
r[100]=14340
r[101]=12981
r[102]=-28238
r[103]=21077
r[104]=19546
r[105]=9767
r[106]=-20645
r[107]=19066
r[108]=17594
r[109]=8257
r[110]=-24743
r[111]=21738
r[112]=14849
r[113]=11007
r[114]=-27142
r[115]=21429
r[116]=14163
r[117]=12123
r[118]=-27286
r[119]=18225
r[120]=18274
r[121]=10177
r[122]=-25073
r[123]=19440
r[124]=16746
r[125]=7613
r[126]=-26759
r[127]=17534
r[128]=21801
r[129]=3918
r[130]=-27377
r[131]=20846
r[132]=20263
r[133]=5918
r[134]=-28729
r[135]=21726
r[136]=21702
r[137]=5983
r[138]=-23076
r[139]=18770
r[140]=19510
r[141]=8421
r[142]=-26174
r[143]=21702
r[144]=19656
r[145]=10301
r[146]=-22729
r[147]=21938
r[148]=17452
r[149]=9493
r[150]=-21793
r[151]=20010
r[152]=22002
r[153]=8167
r[154]=-24373
r[155]=22355
r[156]=20918
r[157]=5551
r[158]=-23757
r[159]=19733
r[160]=19411
r[161]=10991
r[162]=-25364
r[163]=19654
r[164]=19849
r[165]=8765
r[166]=-27578
r[167]=21094
r[168]=18661
r[169]=7952
r[170]=-27730
r[171]=21288
r[172]=20063
r[173]=11272
r[174]=-25628
r[175]=21560
r[176]=20905
r[177]=11656
r[178]=-30488
r[179]=24381
r[180]=18305
r[181]=9890
r[182]=-30028
r[183]=23671
r[184]=22397
r[185]=9592
r[186]=-29043
r[187]=23677
r[188]=21121
r[189]=12242
r[190]=-27589
r[191]=23067
r[192]=19279
r[193]=7037
r[194]=-27893
r[195]=19190
r[196]=16679
r[197]=7295
r[198]=-29447
r[199]=17412
r[200]=19751
r[201]=6773
r[202]=-25634
r[203]=16653
r[204]=17555
r[205]=4667
r[206]=-26022
r[207]=18313
r[208]=15217
r[209]=7144
r[210]=-25529
r[211]=14659
r[212]=13415
r[213]=7324
r[214]=-25481
r[215]=18455
r[216]=17754
r[217]=7424
r[218]=-22803
r[219]=17558
r[220]=15990
r[221]=11088
r[222]=-24711
r[223]=15072
r[224]=21617
r[225]=9524
r[226]=-26944
r[227]=20930
r[228]=21759
r[229]=6570
r[230]=-24526
r[231]=19468
r[232]=20851
r[233]=6657
r[234]=-27070
r[235]=16983
r[236]=18337
r[237]=5897
r[238]=-27136
r[239]=17891
r[240]=16172
r[241]=4243
r[242]=-27827
r[243]=20539
r[244]=17744
r[245]=6759
r[246]=-24915
r[247]=19451
r[248]=20236
r[249]=4556
r[250]=-20304
r[251]=18732
r[252]=18732
r[253]=5762
r[254]=-24526
r[255]=19670
j 72 t -1154j 73 t 1239k 84 zeta -147 len 2 start 76
r[0]=12185
r[1]=8995
r[2]=13951
r[3]=8061
r[4]=14009
r[5]=8749
r[6]=13111
r[7]=8807
r[8]=13670
r[9]=9914
r[10]=15860
r[11]=8970
r[12]=14845
r[13]=6430
r[14]=14353
r[15]=6234
r[16]=13525
r[17]=10490
r[18]=13961
r[19]=9020
r[20]=15113
r[21]=10319
r[22]=17165
r[23]=10019
r[24]=16374
r[25]=10360
r[26]=20802
r[27]=8756
r[28]=16331
r[29]=4872
r[30]=15641
r[31]=6708
r[32]=19217
r[33]=7142
r[34]=18621
r[35]=8488
r[36]=15151
r[37]=12889
r[38]=15699
r[39]=9673
r[40]=21131
r[41]=11486
r[42]=21821
r[43]=9610
r[44]=18350
r[45]=8474
r[46]=19682
r[47]=6830
r[48]=17142
r[49]=8375
r[50]=14772
r[51]=6541
r[52]=14339
r[53]=9858
r[54]=12339
r[55]=10518
r[56]=16680
r[57]=10986
r[58]=17886
r[59]=7290
r[60]=15775
r[61]=11253
r[62]=15955
r[63]=10667
r[64]=16484
r[65]=18379
r[66]=15442
r[67]=17213
r[68]=16610
r[69]=19798
r[70]=18072
r[71]=16630
r[72]=13344
r[73]=15249
r[74]=15652
r[75]=12771
r[76]=15014
r[77]=14480
r[78]=-24100
r[79]=16742
r[80]=15715
r[81]=11715
r[82]=-24846
r[83]=17029
r[84]=17085
r[85]=11171
r[86]=-27898
r[87]=15951
r[88]=17390
r[89]=13971
r[90]=-24246
r[91]=15093
r[92]=18578
r[93]=11299
r[94]=-27274
r[95]=18227
r[96]=17160
r[97]=9307
r[98]=-23802
r[99]=22363
r[100]=14340
r[101]=12981
r[102]=-28238
r[103]=21077
r[104]=19546
r[105]=9767
r[106]=-20645
r[107]=19066
r[108]=17594
r[109]=8257
r[110]=-24743
r[111]=21738
r[112]=14849
r[113]=11007
r[114]=-27142
r[115]=21429
r[116]=14163
r[117]=12123
r[118]=-27286
r[119]=18225
r[120]=18274
r[121]=10177
r[122]=-25073
r[123]=19440
r[124]=16746
r[125]=7613
r[126]=-26759
r[127]=17534
r[128]=21801
r[129]=3918
r[130]=-27377
r[131]=20846
r[132]=20263
r[133]=5918
r[134]=-28729
r[135]=21726
r[136]=21702
r[137]=5983
r[138]=-23076
r[139]=18770
r[140]=19510
r[141]=8421
r[142]=-26174
r[143]=21702
r[144]=19656
r[145]=10301
r[146]=-22729
r[147]=21938
r[148]=17452
r[149]=9493
r[150]=-21793
r[151]=20010
r[152]=22002
r[153]=8167
r[154]=-24373
r[155]=22355
r[156]=20918
r[157]=5551
r[158]=-23757
r[159]=19733
r[160]=19411
r[161]=10991
r[162]=-25364
r[163]=19654
r[164]=19849
r[165]=8765
r[166]=-27578
r[167]=21094
r[168]=18661
r[169]=7952
r[170]=-27730
r[171]=21288
r[172]=20063
r[173]=11272
r[174]=-25628
r[175]=21560
r[176]=20905
r[177]=11656
r[178]=-30488
r[179]=24381
r[180]=18305
r[181]=9890
r[182]=-30028
r[183]=23671
r[184]=22397
r[185]=9592
r[186]=-29043
r[187]=23677
r[188]=21121
r[189]=12242
r[190]=-27589
r[191]=23067
r[192]=19279
r[193]=7037
r[194]=-27893
r[195]=19190
r[196]=16679
r[197]=7295
r[198]=-29447
r[199]=17412
r[200]=19751
r[201]=6773
r[202]=-25634
r[203]=16653
r[204]=17555
r[205]=4667
r[206]=-26022
r[207]=18313
r[208]=15217
r[209]=7144
r[210]=-25529
r[211]=14659
r[212]=13415
r[213]=7324
r[214]=-25481
r[215]=18455
r[216]=17754
r[217]=7424
r[218]=-22803
r[219]=17558
r[220]=15990
r[221]=11088
r[222]=-24711
r[223]=15072
r[224]=21617
r[225]=9524
r[226]=-26944
r[227]=20930
r[228]=21759
r[229]=6570
r[230]=-24526
r[231]=19468
r[232]=20851
r[233]=6657
r[234]=-27070
r[235]=16983
r[236]=18337
r[237]=5897
r[238]=-27136
r[239]=17891
r[240]=16172
r[241]=4243
r[242]=-27827
r[243]=20539
r[244]=17744
r[245]=6759
r[246]=-24915
r[247]=19451
r[248]=20236
r[249]=4556
r[250]=-20304
r[251]=18732
r[252]=18732
r[253]=5762
r[254]=-24526
r[255]=19670
j 76 t -1021j 77 t 425k 85 zeta -777 len 2 start 80
r[0]=12185
r[1]=8995
r[2]=13951
r[3]=8061
r[4]=14009
r[5]=8749
r[6]=13111
r[7]=8807
r[8]=13670
r[9]=9914
r[10]=15860
r[11]=8970
r[12]=14845
r[13]=6430
r[14]=14353
r[15]=6234
r[16]=13525
r[17]=10490
r[18]=13961
r[19]=9020
r[20]=15113
r[21]=10319
r[22]=17165
r[23]=10019
r[24]=16374
r[25]=10360
r[26]=20802
r[27]=8756
r[28]=16331
r[29]=4872
r[30]=15641
r[31]=6708
r[32]=19217
r[33]=7142
r[34]=18621
r[35]=8488
r[36]=15151
r[37]=12889
r[38]=15699
r[39]=9673
r[40]=21131
r[41]=11486
r[42]=21821
r[43]=9610
r[44]=18350
r[45]=8474
r[46]=19682
r[47]=6830
r[48]=17142
r[49]=8375
r[50]=14772
r[51]=6541
r[52]=14339
r[53]=9858
r[54]=12339
r[55]=10518
r[56]=16680
r[57]=10986
r[58]=17886
r[59]=7290
r[60]=15775
r[61]=11253
r[62]=15955
r[63]=10667
r[64]=16484
r[65]=18379
r[66]=15442
r[67]=17213
r[68]=16610
r[69]=19798
r[70]=18072
r[71]=16630
r[72]=13344
r[73]=15249
r[74]=15652
r[75]=12771
r[76]=13993
r[77]=14905
r[78]=16035
r[79]=14055
r[80]=15715
r[81]=11715
r[82]=-24846
r[83]=17029
r[84]=17085
r[85]=11171
r[86]=-27898
r[87]=15951
r[88]=17390
r[89]=13971
r[90]=-24246
r[91]=15093
r[92]=18578
r[93]=11299
r[94]=-27274
r[95]=18227
r[96]=17160
r[97]=9307
r[98]=-23802
r[99]=22363
r[100]=14340
r[101]=12981
r[102]=-28238
r[103]=21077
r[104]=19546
r[105]=9767
r[106]=-20645
r[107]=19066
r[108]=17594
r[109]=8257
r[110]=-24743
r[111]=21738
r[112]=14849
r[113]=11007
r[114]=-27142
r[115]=21429
r[116]=14163
r[117]=12123
r[118]=-27286
r[119]=18225
r[120]=18274
r[121]=10177
r[122]=-25073
r[123]=19440
r[124]=16746
r[125]=7613
r[126]=-26759
r[127]=17534
r[128]=21801
r[129]=3918
r[130]=-27377
r[131]=20846
r[132]=20263
r[133]=5918
r[134]=-28729
r[135]=21726
r[136]=21702
r[137]=5983
r[138]=-23076
r[139]=18770
r[140]=19510
r[141]=8421
r[142]=-26174
r[143]=21702
r[144]=19656
r[145]=10301
r[146]=-22729
r[147]=21938
r[148]=17452
r[149]=9493
r[150]=-21793
r[151]=20010
r[152]=22002
r[153]=8167
r[154]=-24373
r[155]=22355
r[156]=20918
r[157]=5551
r[158]=-23757
r[159]=19733
r[160]=19411
r[161]=10991
r[162]=-25364
r[163]=19654
r[164]=19849
r[165]=8765
r[166]=-27578
r[167]=21094
r[168]=18661
r[169]=7952
r[170]=-27730
r[171]=21288
r[172]=20063
r[173]=11272
r[174]=-25628
r[175]=21560
r[176]=20905
r[177]=11656
r[178]=-30488
r[179]=24381
r[180]=18305
r[181]=9890
r[182]=-30028
r[183]=23671
r[184]=22397
r[185]=9592
r[186]=-29043
r[187]=23677
r[188]=21121
r[189]=12242
r[190]=-27589
r[191]=23067
r[192]=19279
r[193]=7037
r[194]=-27893
r[195]=19190
r[196]=16679
r[197]=7295
r[198]=-29447
r[199]=17412
r[200]=19751
r[201]=6773
r[202]=-25634
r[203]=16653
r[204]=17555
r[205]=4667
r[206]=-26022
r[207]=18313
r[208]=15217
r[209]=7144
r[210]=-25529
r[211]=14659
r[212]=13415
r[213]=7324
r[214]=-25481
r[215]=18455
r[216]=17754
r[217]=7424
r[218]=-22803
r[219]=17558
r[220]=15990
r[221]=11088
r[222]=-24711
r[223]=15072
r[224]=21617
r[225]=9524
r[226]=-26944
r[227]=20930
r[228]=21759
r[229]=6570
r[230]=-24526
r[231]=19468
r[232]=20851
r[233]=6657
r[234]=-27070
r[235]=16983
r[236]=18337
r[237]=5897
r[238]=-27136
r[239]=17891
r[240]=16172
r[241]=4243
r[242]=-27827
r[243]=20539
r[244]=17744
r[245]=6759
r[246]=-24915
r[247]=19451
r[248]=20236
r[249]=4556
r[250]=-20304
r[251]=18732
r[252]=18732
r[253]=5762
r[254]=-24526
r[255]=19670
j 80 t -297j 81 t 171k 86 zeta 1483 len 2 start 84
r[0]=12185
r[1]=8995
r[2]=13951
r[3]=8061
r[4]=14009
r[5]=8749
r[6]=13111
r[7]=8807
r[8]=13670
r[9]=9914
r[10]=15860
r[11]=8970
r[12]=14845
r[13]=6430
r[14]=14353
r[15]=6234
r[16]=13525
r[17]=10490
r[18]=13961
r[19]=9020
r[20]=15113
r[21]=10319
r[22]=17165
r[23]=10019
r[24]=16374
r[25]=10360
r[26]=20802
r[27]=8756
r[28]=16331
r[29]=4872
r[30]=15641
r[31]=6708
r[32]=19217
r[33]=7142
r[34]=18621
r[35]=8488
r[36]=15151
r[37]=12889
r[38]=15699
r[39]=9673
r[40]=21131
r[41]=11486
r[42]=21821
r[43]=9610
r[44]=18350
r[45]=8474
r[46]=19682
r[47]=6830
r[48]=17142
r[49]=8375
r[50]=14772
r[51]=6541
r[52]=14339
r[53]=9858
r[54]=12339
r[55]=10518
r[56]=16680
r[57]=10986
r[58]=17886
r[59]=7290
r[60]=15775
r[61]=11253
r[62]=15955
r[63]=10667
r[64]=16484
r[65]=18379
r[66]=15442
r[67]=17213
r[68]=16610
r[69]=19798
r[70]=18072
r[71]=16630
r[72]=13344
r[73]=15249
r[74]=15652
r[75]=12771
r[76]=13993
r[77]=14905
r[78]=16035
r[79]=14055
r[80]=15418
r[81]=11886
r[82]=16012
r[83]=11544
r[84]=17085
r[85]=11171
r[86]=-27898
r[87]=15951
r[88]=17390
r[89]=13971
r[90]=-24246
r[91]=15093
r[92]=18578
r[93]=11299
r[94]=-27274
r[95]=18227
r[96]=17160
r[97]=9307
r[98]=-23802
r[99]=22363
r[100]=14340
r[101]=12981
r[102]=-28238
r[103]=21077
r[104]=19546
r[105]=9767
r[106]=-20645
r[107]=19066
r[108]=17594
r[109]=8257
r[110]=-24743
r[111]=21738
r[112]=14849
r[113]=11007
r[114]=-27142
r[115]=21429
r[116]=14163
r[117]=12123
r[118]=-27286
r[119]=18225
r[120]=18274
r[121]=10177
r[122]=-25073
r[123]=19440
r[124]=16746
r[125]=7613
r[126]=-26759
r[127]=17534
r[128]=21801
r[129]=3918
r[130]=-27377
r[131]=20846
r[132]=20263
r[133]=5918
r[134]=-28729
r[135]=21726
r[136]=21702
r[137]=5983
r[138]=-23076
r[139]=18770
r[140]=19510
r[141]=8421
r[142]=-26174
r[143]=21702
r[144]=19656
r[145]=10301
r[146]=-22729
r[147]=21938
r[148]=17452
r[149]=9493
r[150]=-21793
r[151]=20010
r[152]=22002
r[153]=8167
r[154]=-24373
r[155]=22355
r[156]=20918
r[157]=5551
r[158]=-23757
r[159]=19733
r[160]=19411
r[161]=10991
r[162]=-25364
r[163]=19654
r[164]=19849
r[165]=8765
r[166]=-27578
r[167]=21094
r[168]=18661
r[169]=7952
r[170]=-27730
r[171]=21288
r[172]=20063
r[173]=11272
r[174]=-25628
r[175]=21560
r[176]=20905
r[177]=11656
r[178]=-30488
r[179]=24381
r[180]=18305
r[181]=9890
r[182]=-30028
r[183]=23671
r[184]=22397
r[185]=9592
r[186]=-29043
r[187]=23677
r[188]=21121
r[189]=12242
r[190]=-27589
r[191]=23067
r[192]=19279
r[193]=7037
r[194]=-27893
r[195]=19190
r[196]=16679
r[197]=7295
r[198]=-29447
r[199]=17412
r[200]=19751
r[201]=6773
r[202]=-25634
r[203]=16653
r[204]=17555
r[205]=4667
r[206]=-26022
r[207]=18313
r[208]=15217
r[209]=7144
r[210]=-25529
r[211]=14659
r[212]=13415
r[213]=7324
r[214]=-25481
r[215]=18455
r[216]=17754
r[217]=7424
r[218]=-22803
r[219]=17558
r[220]=15990
r[221]=11088
r[222]=-24711
r[223]=15072
r[224]=21617
r[225]=9524
r[226]=-26944
r[227]=20930
r[228]=21759
r[229]=6570
r[230]=-24526
r[231]=19468
r[232]=20851
r[233]=6657
r[234]=-27070
r[235]=16983
r[236]=18337
r[237]=5897
r[238]=-27136
r[239]=17891
r[240]=16172
r[241]=4243
r[242]=-27827
r[243]=20539
r[244]=17744
r[245]=6759
r[246]=-24915
r[247]=19451
r[248]=20236
r[249]=4556
r[250]=-20304
r[251]=18732
r[252]=18732
r[253]=5762
r[254]=-24526
r[255]=19670
j 84 t -134j 85 t 1783k 87 zeta -602 len 2 start 88
r[0]=12185
r[1]=8995
r[2]=13951
r[3]=8061
r[4]=14009
r[5]=8749
r[6]=13111
r[7]=8807
r[8]=13670
r[9]=9914
r[10]=15860
r[11]=8970
r[12]=14845
r[13]=6430
r[14]=14353
r[15]=6234
r[16]=13525
r[17]=10490
r[18]=13961
r[19]=9020
r[20]=15113
r[21]=10319
r[22]=17165
r[23]=10019
r[24]=16374
r[25]=10360
r[26]=20802
r[27]=8756
r[28]=16331
r[29]=4872
r[30]=15641
r[31]=6708
r[32]=19217
r[33]=7142
r[34]=18621
r[35]=8488
r[36]=15151
r[37]=12889
r[38]=15699
r[39]=9673
r[40]=21131
r[41]=11486
r[42]=21821
r[43]=9610
r[44]=18350
r[45]=8474
r[46]=19682
r[47]=6830
r[48]=17142
r[49]=8375
r[50]=14772
r[51]=6541
r[52]=14339
r[53]=9858
r[54]=12339
r[55]=10518
r[56]=16680
r[57]=10986
r[58]=17886
r[59]=7290
r[60]=15775
r[61]=11253
r[62]=15955
r[63]=10667
r[64]=16484
r[65]=18379
r[66]=15442
r[67]=17213
r[68]=16610
r[69]=19798
r[70]=18072
r[71]=16630
r[72]=13344
r[73]=15249
r[74]=15652
r[75]=12771
r[76]=13993
r[77]=14905
r[78]=16035
r[79]=14055
r[80]=15418
r[81]=11886
r[82]=16012
r[83]=11544
r[84]=16951
r[85]=12954
r[86]=17219
r[87]=9388
r[88]=17390
r[89]=13971
r[90]=-24246
r[91]=15093
r[92]=18578
r[93]=11299
r[94]=-27274
r[95]=18227
r[96]=17160
r[97]=9307
r[98]=-23802
r[99]=22363
r[100]=14340
r[101]=12981
r[102]=-28238
r[103]=21077
r[104]=19546
r[105]=9767
r[106]=-20645
r[107]=19066
r[108]=17594
r[109]=8257
r[110]=-24743
r[111]=21738
r[112]=14849
r[113]=11007
r[114]=-27142
r[115]=21429
r[116]=14163
r[117]=12123
r[118]=-27286
r[119]=18225
r[120]=18274
r[121]=10177
r[122]=-25073
r[123]=19440
r[124]=16746
r[125]=7613
r[126]=-26759
r[127]=17534
r[128]=21801
r[129]=3918
r[130]=-27377
r[131]=20846
r[132]=20263
r[133]=5918
r[134]=-28729
r[135]=21726
r[136]=21702
r[137]=5983
r[138]=-23076
r[139]=18770
r[140]=19510
r[141]=8421
r[142]=-26174
r[143]=21702
r[144]=19656
r[145]=10301
r[146]=-22729
r[147]=21938
r[148]=17452
r[149]=9493
r[150]=-21793
r[151]=20010
r[152]=22002
r[153]=8167
r[154]=-24373
r[155]=22355
r[156]=20918
r[157]=5551
r[158]=-23757
r[159]=19733
r[160]=19411
r[161]=10991
r[162]=-25364
r[163]=19654
r[164]=19849
r[165]=8765
r[166]=-27578
r[167]=21094
r[168]=18661
r[169]=7952
r[170]=-27730
r[171]=21288
r[172]=20063
r[173]=11272
r[174]=-25628
r[175]=21560
r[176]=20905
r[177]=11656
r[178]=-30488
r[179]=24381
r[180]=18305
r[181]=9890
r[182]=-30028
r[183]=23671
r[184]=22397
r[185]=9592
r[186]=-29043
r[187]=23677
r[188]=21121
r[189]=12242
r[190]=-27589
r[191]=23067
r[192]=19279
r[193]=7037
r[194]=-27893
r[195]=19190
r[196]=16679
r[197]=7295
r[198]=-29447
r[199]=17412
r[200]=19751
r[201]=6773
r[202]=-25634
r[203]=16653
r[204]=17555
r[205]=4667
r[206]=-26022
r[207]=18313
r[208]=15217
r[209]=7144
r[210]=-25529
r[211]=14659
r[212]=13415
r[213]=7324
r[214]=-25481
r[215]=18455
r[216]=17754
r[217]=7424
r[218]=-22803
r[219]=17558
r[220]=15990
r[221]=11088
r[222]=-24711
r[223]=15072
r[224]=21617
r[225]=9524
r[226]=-26944
r[227]=20930
r[228]=21759
r[229]=6570
r[230]=-24526
r[231]=19468
r[232]=20851
r[233]=6657
r[234]=-27070
r[235]=16983
r[236]=18337
r[237]=5897
r[238]=-27136
r[239]=17891
r[240]=16172
r[241]=4243
r[242]=-27827
r[243]=20539
r[244]=17744
r[245]=6759
r[246]=-24915
r[247]=19451
r[248]=20236
r[249]=4556
r[250]=-20304
r[251]=18732
r[252]=18732
r[253]=5762
r[254]=-24526
r[255]=19670
j 88 t 483j 89 t -423k 88 zeta 1119 len 2 start 92
r[0]=12185
r[1]=8995
r[2]=13951
r[3]=8061
r[4]=14009
r[5]=8749
r[6]=13111
r[7]=8807
r[8]=13670
r[9]=9914
r[10]=15860
r[11]=8970
r[12]=14845
r[13]=6430
r[14]=14353
r[15]=6234
r[16]=13525
r[17]=10490
r[18]=13961
r[19]=9020
r[20]=15113
r[21]=10319
r[22]=17165
r[23]=10019
r[24]=16374
r[25]=10360
r[26]=20802
r[27]=8756
r[28]=16331
r[29]=4872
r[30]=15641
r[31]=6708
r[32]=19217
r[33]=7142
r[34]=18621
r[35]=8488
r[36]=15151
r[37]=12889
r[38]=15699
r[39]=9673
r[40]=21131
r[41]=11486
r[42]=21821
r[43]=9610
r[44]=18350
r[45]=8474
r[46]=19682
r[47]=6830
r[48]=17142
r[49]=8375
r[50]=14772
r[51]=6541
r[52]=14339
r[53]=9858
r[54]=12339
r[55]=10518
r[56]=16680
r[57]=10986
r[58]=17886
r[59]=7290
r[60]=15775
r[61]=11253
r[62]=15955
r[63]=10667
r[64]=16484
r[65]=18379
r[66]=15442
r[67]=17213
r[68]=16610
r[69]=19798
r[70]=18072
r[71]=16630
r[72]=13344
r[73]=15249
r[74]=15652
r[75]=12771
r[76]=13993
r[77]=14905
r[78]=16035
r[79]=14055
r[80]=15418
r[81]=11886
r[82]=16012
r[83]=11544
r[84]=16951
r[85]=12954
r[86]=17219
r[87]=9388
r[88]=17873
r[89]=13548
r[90]=16907
r[91]=14394
r[92]=18578
r[93]=11299
r[94]=-27274
r[95]=18227
r[96]=17160
r[97]=9307
r[98]=-23802
r[99]=22363
r[100]=14340
r[101]=12981
r[102]=-28238
r[103]=21077
r[104]=19546
r[105]=9767
r[106]=-20645
r[107]=19066
r[108]=17594
r[109]=8257
r[110]=-24743
r[111]=21738
r[112]=14849
r[113]=11007
r[114]=-27142
r[115]=21429
r[116]=14163
r[117]=12123
r[118]=-27286
r[119]=18225
r[120]=18274
r[121]=10177
r[122]=-25073
r[123]=19440
r[124]=16746
r[125]=7613
r[126]=-26759
r[127]=17534
r[128]=21801
r[129]=3918
r[130]=-27377
r[131]=20846
r[132]=20263
r[133]=5918
r[134]=-28729
r[135]=21726
r[136]=21702
r[137]=5983
r[138]=-23076
r[139]=18770
r[140]=19510
r[141]=8421
r[142]=-26174
r[143]=21702
r[144]=19656
r[145]=10301
r[146]=-22729
r[147]=21938
r[148]=17452
r[149]=9493
r[150]=-21793
r[151]=20010
r[152]=22002
r[153]=8167
r[154]=-24373
r[155]=22355
r[156]=20918
r[157]=5551
r[158]=-23757
r[159]=19733
r[160]=19411
r[161]=10991
r[162]=-25364
r[163]=19654
r[164]=19849
r[165]=8765
r[166]=-27578
r[167]=21094
r[168]=18661
r[169]=7952
r[170]=-27730
r[171]=21288
r[172]=20063
r[173]=11272
r[174]=-25628
r[175]=21560
r[176]=20905
r[177]=11656
r[178]=-30488
r[179]=24381
r[180]=18305
r[181]=9890
r[182]=-30028
r[183]=23671
r[184]=22397
r[185]=9592
r[186]=-29043
r[187]=23677
r[188]=21121
r[189]=12242
r[190]=-27589
r[191]=23067
r[192]=19279
r[193]=7037
r[194]=-27893
r[195]=19190
r[196]=16679
r[197]=7295
r[198]=-29447
r[199]=17412
r[200]=19751
r[201]=6773
r[202]=-25634
r[203]=16653
r[204]=17555
r[205]=4667
r[206]=-26022
r[207]=18313
r[208]=15217
r[209]=7144
r[210]=-25529
r[211]=14659
r[212]=13415
r[213]=7324
r[214]=-25481
r[215]=18455
r[216]=17754
r[217]=7424
r[218]=-22803
r[219]=17558
r[220]=15990
r[221]=11088
r[222]=-24711
r[223]=15072
r[224]=21617
r[225]=9524
r[226]=-26944
r[227]=20930
r[228]=21759
r[229]=6570
r[230]=-24526
r[231]=19468
r[232]=20851
r[233]=6657
r[234]=-27070
r[235]=16983
r[236]=18337
r[237]=5897
r[238]=-27136
r[239]=17891
r[240]=16172
r[241]=4243
r[242]=-27827
r[243]=20539
r[244]=17744
r[245]=6759
r[246]=-24915
r[247]=19451
r[248]=20236
r[249]=4556
r[250]=-20304
r[251]=18732
r[252]=18732
r[253]=5762
r[254]=-24526
r[255]=19670
j 92 t -632j 93 t -299k 89 zeta -1590 len 2 start 96
r[0]=12185
r[1]=8995
r[2]=13951
r[3]=8061
r[4]=14009
r[5]=8749
r[6]=13111
r[7]=8807
r[8]=13670
r[9]=9914
r[10]=15860
r[11]=8970
r[12]=14845
r[13]=6430
r[14]=14353
r[15]=6234
r[16]=13525
r[17]=10490
r[18]=13961
r[19]=9020
r[20]=15113
r[21]=10319
r[22]=17165
r[23]=10019
r[24]=16374
r[25]=10360
r[26]=20802
r[27]=8756
r[28]=16331
r[29]=4872
r[30]=15641
r[31]=6708
r[32]=19217
r[33]=7142
r[34]=18621
r[35]=8488
r[36]=15151
r[37]=12889
r[38]=15699
r[39]=9673
r[40]=21131
r[41]=11486
r[42]=21821
r[43]=9610
r[44]=18350
r[45]=8474
r[46]=19682
r[47]=6830
r[48]=17142
r[49]=8375
r[50]=14772
r[51]=6541
r[52]=14339
r[53]=9858
r[54]=12339
r[55]=10518
r[56]=16680
r[57]=10986
r[58]=17886
r[59]=7290
r[60]=15775
r[61]=11253
r[62]=15955
r[63]=10667
r[64]=16484
r[65]=18379
r[66]=15442
r[67]=17213
r[68]=16610
r[69]=19798
r[70]=18072
r[71]=16630
r[72]=13344
r[73]=15249
r[74]=15652
r[75]=12771
r[76]=13993
r[77]=14905
r[78]=16035
r[79]=14055
r[80]=15418
r[81]=11886
r[82]=16012
r[83]=11544
r[84]=16951
r[85]=12954
r[86]=17219
r[87]=9388
r[88]=17873
r[89]=13548
r[90]=16907
r[91]=14394
r[92]=17946
r[93]=11000
r[94]=19210
r[95]=11598
r[96]=17160
r[97]=9307
r[98]=-23802
r[99]=22363
r[100]=14340
r[101]=12981
r[102]=-28238
r[103]=21077
r[104]=19546
r[105]=9767
r[106]=-20645
r[107]=19066
r[108]=17594
r[109]=8257
r[110]=-24743
r[111]=21738
r[112]=14849
r[113]=11007
r[114]=-27142
r[115]=21429
r[116]=14163
r[117]=12123
r[118]=-27286
r[119]=18225
r[120]=18274
r[121]=10177
r[122]=-25073
r[123]=19440
r[124]=16746
r[125]=7613
r[126]=-26759
r[127]=17534
r[128]=21801
r[129]=3918
r[130]=-27377
r[131]=20846
r[132]=20263
r[133]=5918
r[134]=-28729
r[135]=21726
r[136]=21702
r[137]=5983
r[138]=-23076
r[139]=18770
r[140]=19510
r[141]=8421
r[142]=-26174
r[143]=21702
r[144]=19656
r[145]=10301
r[146]=-22729
r[147]=21938
r[148]=17452
r[149]=9493
r[150]=-21793
r[151]=20010
r[152]=22002
r[153]=8167
r[154]=-24373
r[155]=22355
r[156]=20918
r[157]=5551
r[158]=-23757
r[159]=19733
r[160]=19411
r[161]=10991
r[162]=-25364
r[163]=19654
r[164]=19849
r[165]=8765
r[166]=-27578
r[167]=21094
r[168]=18661
r[169]=7952
r[170]=-27730
r[171]=21288
r[172]=20063
r[173]=11272
r[174]=-25628
r[175]=21560
r[176]=20905
r[177]=11656
r[178]=-30488
r[179]=24381
r[180]=18305
r[181]=9890
r[182]=-30028
r[183]=23671
r[184]=22397
r[185]=9592
r[186]=-29043
r[187]=23677
r[188]=21121
r[189]=12242
r[190]=-27589
r[191]=23067
r[192]=19279
r[193]=7037
r[194]=-27893
r[195]=19190
r[196]=16679
r[197]=7295
r[198]=-29447
r[199]=17412
r[200]=19751
r[201]=6773
r[202]=-25634
r[203]=16653
r[204]=17555
r[205]=4667
r[206]=-26022
r[207]=18313
r[208]=15217
r[209]=7144
r[210]=-25529
r[211]=14659
r[212]=13415
r[213]=7324
r[214]=-25481
r[215]=18455
r[216]=17754
r[217]=7424
r[218]=-22803
r[219]=17558
r[220]=15990
r[221]=11088
r[222]=-24711
r[223]=15072
r[224]=21617
r[225]=9524
r[226]=-26944
r[227]=20930
r[228]=21759
r[229]=6570
r[230]=-24526
r[231]=19468
r[232]=20851
r[233]=6657
r[234]=-27070
r[235]=16983
r[236]=18337
r[237]=5897
r[238]=-27136
r[239]=17891
r[240]=16172
r[241]=4243
r[242]=-27827
r[243]=20539
r[244]=17744
r[245]=6759
r[246]=-24915
r[247]=19451
r[248]=20236
r[249]=4556
r[250]=-20304
r[251]=18732
r[252]=18732
r[253]=5762
r[254]=-24526
r[255]=19670
j 96 t 828j 97 t -475k 90 zeta 644 len 2 start 100
r[0]=12185
r[1]=8995
r[2]=13951
r[3]=8061
r[4]=14009
r[5]=8749
r[6]=13111
r[7]=8807
r[8]=13670
r[9]=9914
r[10]=15860
r[11]=8970
r[12]=14845
r[13]=6430
r[14]=14353
r[15]=6234
r[16]=13525
r[17]=10490
r[18]=13961
r[19]=9020
r[20]=15113
r[21]=10319
r[22]=17165
r[23]=10019
r[24]=16374
r[25]=10360
r[26]=20802
r[27]=8756
r[28]=16331
r[29]=4872
r[30]=15641
r[31]=6708
r[32]=19217
r[33]=7142
r[34]=18621
r[35]=8488
r[36]=15151
r[37]=12889
r[38]=15699
r[39]=9673
r[40]=21131
r[41]=11486
r[42]=21821
r[43]=9610
r[44]=18350
r[45]=8474
r[46]=19682
r[47]=6830
r[48]=17142
r[49]=8375
r[50]=14772
r[51]=6541
r[52]=14339
r[53]=9858
r[54]=12339
r[55]=10518
r[56]=16680
r[57]=10986
r[58]=17886
r[59]=7290
r[60]=15775
r[61]=11253
r[62]=15955
r[63]=10667
r[64]=16484
r[65]=18379
r[66]=15442
r[67]=17213
r[68]=16610
r[69]=19798
r[70]=18072
r[71]=16630
r[72]=13344
r[73]=15249
r[74]=15652
r[75]=12771
r[76]=13993
r[77]=14905
r[78]=16035
r[79]=14055
r[80]=15418
r[81]=11886
r[82]=16012
r[83]=11544
r[84]=16951
r[85]=12954
r[86]=17219
r[87]=9388
r[88]=17873
r[89]=13548
r[90]=16907
r[91]=14394
r[92]=17946
r[93]=11000
r[94]=19210
r[95]=11598
r[96]=17988
r[97]=8832
r[98]=16332
r[99]=9782
r[100]=14340
r[101]=12981
r[102]=-28238
r[103]=21077
r[104]=19546
r[105]=9767
r[106]=-20645
r[107]=19066
r[108]=17594
r[109]=8257
r[110]=-24743
r[111]=21738
r[112]=14849
r[113]=11007
r[114]=-27142
r[115]=21429
r[116]=14163
r[117]=12123
r[118]=-27286
r[119]=18225
r[120]=18274
r[121]=10177
r[122]=-25073
r[123]=19440
r[124]=16746
r[125]=7613
r[126]=-26759
r[127]=17534
r[128]=21801
r[129]=3918
r[130]=-27377
r[131]=20846
r[132]=20263
r[133]=5918
r[134]=-28729
r[135]=21726
r[136]=21702
r[137]=5983
r[138]=-23076
r[139]=18770
r[140]=19510
r[141]=8421
r[142]=-26174
r[143]=21702
r[144]=19656
r[145]=10301
r[146]=-22729
r[147]=21938
r[148]=17452
r[149]=9493
r[150]=-21793
r[151]=20010
r[152]=22002
r[153]=8167
r[154]=-24373
r[155]=22355
r[156]=20918
r[157]=5551
r[158]=-23757
r[159]=19733
r[160]=19411
r[161]=10991
r[162]=-25364
r[163]=19654
r[164]=19849
r[165]=8765
r[166]=-27578
r[167]=21094
r[168]=18661
r[169]=7952
r[170]=-27730
r[171]=21288
r[172]=20063
r[173]=11272
r[174]=-25628
r[175]=21560
r[176]=20905
r[177]=11656
r[178]=-30488
r[179]=24381
r[180]=18305
r[181]=9890
r[182]=-30028
r[183]=23671
r[184]=22397
r[185]=9592
r[186]=-29043
r[187]=23677
r[188]=21121
r[189]=12242
r[190]=-27589
r[191]=23067
r[192]=19279
r[193]=7037
r[194]=-27893
r[195]=19190
r[196]=16679
r[197]=7295
r[198]=-29447
r[199]=17412
r[200]=19751
r[201]=6773
r[202]=-25634
r[203]=16653
r[204]=17555
r[205]=4667
r[206]=-26022
r[207]=18313
r[208]=15217
r[209]=7144
r[210]=-25529
r[211]=14659
r[212]=13415
r[213]=7324
r[214]=-25481
r[215]=18455
r[216]=17754
r[217]=7424
r[218]=-22803
r[219]=17558
r[220]=15990
r[221]=11088
r[222]=-24711
r[223]=15072
r[224]=21617
r[225]=9524
r[226]=-26944
r[227]=20930
r[228]=21759
r[229]=6570
r[230]=-24526
r[231]=19468
r[232]=20851
r[233]=6657
r[234]=-27070
r[235]=16983
r[236]=18337
r[237]=5897
r[238]=-27136
r[239]=17891
r[240]=16172
r[241]=4243
r[242]=-27827
r[243]=20539
r[244]=17744
r[245]=6759
r[246]=-24915
r[247]=19451
r[248]=20236
r[249]=4556
r[250]=-20304
r[251]=18732
r[252]=18732
r[253]=5762
r[254]=-24526
r[255]=19670
j 100 t -1471j 101 t -961k 91 zeta -872 len 2 start 104
r[0]=12185
r[1]=8995
r[2]=13951
r[3]=8061
r[4]=14009
r[5]=8749
r[6]=13111
r[7]=8807
r[8]=13670
r[9]=9914
r[10]=15860
r[11]=8970
r[12]=14845
r[13]=6430
r[14]=14353
r[15]=6234
r[16]=13525
r[17]=10490
r[18]=13961
r[19]=9020
r[20]=15113
r[21]=10319
r[22]=17165
r[23]=10019
r[24]=16374
r[25]=10360
r[26]=20802
r[27]=8756
r[28]=16331
r[29]=4872
r[30]=15641
r[31]=6708
r[32]=19217
r[33]=7142
r[34]=18621
r[35]=8488
r[36]=15151
r[37]=12889
r[38]=15699
r[39]=9673
r[40]=21131
r[41]=11486
r[42]=21821
r[43]=9610
r[44]=18350
r[45]=8474
r[46]=19682
r[47]=6830
r[48]=17142
r[49]=8375
r[50]=14772
r[51]=6541
r[52]=14339
r[53]=9858
r[54]=12339
r[55]=10518
r[56]=16680
r[57]=10986
r[58]=17886
r[59]=7290
r[60]=15775
r[61]=11253
r[62]=15955
r[63]=10667
r[64]=16484
r[65]=18379
r[66]=15442
r[67]=17213
r[68]=16610
r[69]=19798
r[70]=18072
r[71]=16630
r[72]=13344
r[73]=15249
r[74]=15652
r[75]=12771
r[76]=13993
r[77]=14905
r[78]=16035
r[79]=14055
r[80]=15418
r[81]=11886
r[82]=16012
r[83]=11544
r[84]=16951
r[85]=12954
r[86]=17219
r[87]=9388
r[88]=17873
r[89]=13548
r[90]=16907
r[91]=14394
r[92]=17946
r[93]=11000
r[94]=19210
r[95]=11598
r[96]=17988
r[97]=8832
r[98]=16332
r[99]=9782
r[100]=12869
r[101]=12020
r[102]=15811
r[103]=13942
r[104]=19546
r[105]=9767
r[106]=-20645
r[107]=19066
r[108]=17594
r[109]=8257
r[110]=-24743
r[111]=21738
r[112]=14849
r[113]=11007
r[114]=-27142
r[115]=21429
r[116]=14163
r[117]=12123
r[118]=-27286
r[119]=18225
r[120]=18274
r[121]=10177
r[122]=-25073
r[123]=19440
r[124]=16746
r[125]=7613
r[126]=-26759
r[127]=17534
r[128]=21801
r[129]=3918
r[130]=-27377
r[131]=20846
r[132]=20263
r[133]=5918
r[134]=-28729
r[135]=21726
r[136]=21702
r[137]=5983
r[138]=-23076
r[139]=18770
r[140]=19510
r[141]=8421
r[142]=-26174
r[143]=21702
r[144]=19656
r[145]=10301
r[146]=-22729
r[147]=21938
r[148]=17452
r[149]=9493
r[150]=-21793
r[151]=20010
r[152]=22002
r[153]=8167
r[154]=-24373
r[155]=22355
r[156]=20918
r[157]=5551
r[158]=-23757
r[159]=19733
r[160]=19411
r[161]=10991
r[162]=-25364
r[163]=19654
r[164]=19849
r[165]=8765
r[166]=-27578
r[167]=21094
r[168]=18661
r[169]=7952
r[170]=-27730
r[171]=21288
r[172]=20063
r[173]=11272
r[174]=-25628
r[175]=21560
r[176]=20905
r[177]=11656
r[178]=-30488
r[179]=24381
r[180]=18305
r[181]=9890
r[182]=-30028
r[183]=23671
r[184]=22397
r[185]=9592
r[186]=-29043
r[187]=23677
r[188]=21121
r[189]=12242
r[190]=-27589
r[191]=23067
r[192]=19279
r[193]=7037
r[194]=-27893
r[195]=19190
r[196]=16679
r[197]=7295
r[198]=-29447
r[199]=17412
r[200]=19751
r[201]=6773
r[202]=-25634
r[203]=16653
r[204]=17555
r[205]=4667
r[206]=-26022
r[207]=18313
r[208]=15217
r[209]=7144
r[210]=-25529
r[211]=14659
r[212]=13415
r[213]=7324
r[214]=-25481
r[215]=18455
r[216]=17754
r[217]=7424
r[218]=-22803
r[219]=17558
r[220]=15990
r[221]=11088
r[222]=-24711
r[223]=15072
r[224]=21617
r[225]=9524
r[226]=-26944
r[227]=20930
r[228]=21759
r[229]=6570
r[230]=-24526
r[231]=19468
r[232]=20851
r[233]=6657
r[234]=-27070
r[235]=16983
r[236]=18337
r[237]=5897
r[238]=-27136
r[239]=17891
r[240]=16172
r[241]=4243
r[242]=-27827
r[243]=20539
r[244]=17744
r[245]=6759
r[246]=-24915
r[247]=19451
r[248]=20236
r[249]=4556
r[250]=-20304
r[251]=18732
r[252]=18732
r[253]=5762
r[254]=-24526
r[255]=19670
j 104 t -688j 105 t 989k 92 zeta 349 len 2 start 108
r[0]=12185
r[1]=8995
r[2]=13951
r[3]=8061
r[4]=14009
r[5]=8749
r[6]=13111
r[7]=8807
r[8]=13670
r[9]=9914
r[10]=15860
r[11]=8970
r[12]=14845
r[13]=6430
r[14]=14353
r[15]=6234
r[16]=13525
r[17]=10490
r[18]=13961
r[19]=9020
r[20]=15113
r[21]=10319
r[22]=17165
r[23]=10019
r[24]=16374
r[25]=10360
r[26]=20802
r[27]=8756
r[28]=16331
r[29]=4872
r[30]=15641
r[31]=6708
r[32]=19217
r[33]=7142
r[34]=18621
r[35]=8488
r[36]=15151
r[37]=12889
r[38]=15699
r[39]=9673
r[40]=21131
r[41]=11486
r[42]=21821
r[43]=9610
r[44]=18350
r[45]=8474
r[46]=19682
r[47]=6830
r[48]=17142
r[49]=8375
r[50]=14772
r[51]=6541
r[52]=14339
r[53]=9858
r[54]=12339
r[55]=10518
r[56]=16680
r[57]=10986
r[58]=17886
r[59]=7290
r[60]=15775
r[61]=11253
r[62]=15955
r[63]=10667
r[64]=16484
r[65]=18379
r[66]=15442
r[67]=17213
r[68]=16610
r[69]=19798
r[70]=18072
r[71]=16630
r[72]=13344
r[73]=15249
r[74]=15652
r[75]=12771
r[76]=13993
r[77]=14905
r[78]=16035
r[79]=14055
r[80]=15418
r[81]=11886
r[82]=16012
r[83]=11544
r[84]=16951
r[85]=12954
r[86]=17219
r[87]=9388
r[88]=17873
r[89]=13548
r[90]=16907
r[91]=14394
r[92]=17946
r[93]=11000
r[94]=19210
r[95]=11598
r[96]=17988
r[97]=8832
r[98]=16332
r[99]=9782
r[100]=12869
r[101]=12020
r[102]=15811
r[103]=13942
r[104]=18858
r[105]=10756
r[106]=20234
r[107]=8778
r[108]=17594
r[109]=8257
r[110]=-24743
r[111]=21738
r[112]=14849
r[113]=11007
r[114]=-27142
r[115]=21429
r[116]=14163
r[117]=12123
r[118]=-27286
r[119]=18225
r[120]=18274
r[121]=10177
r[122]=-25073
r[123]=19440
r[124]=16746
r[125]=7613
r[126]=-26759
r[127]=17534
r[128]=21801
r[129]=3918
r[130]=-27377
r[131]=20846
r[132]=20263
r[133]=5918
r[134]=-28729
r[135]=21726
r[136]=21702
r[137]=5983
r[138]=-23076
r[139]=18770
r[140]=19510
r[141]=8421
r[142]=-26174
r[143]=21702
r[144]=19656
r[145]=10301
r[146]=-22729
r[147]=21938
r[148]=17452
r[149]=9493
r[150]=-21793
r[151]=20010
r[152]=22002
r[153]=8167
r[154]=-24373
r[155]=22355
r[156]=20918
r[157]=5551
r[158]=-23757
r[159]=19733
r[160]=19411
r[161]=10991
r[162]=-25364
r[163]=19654
r[164]=19849
r[165]=8765
r[166]=-27578
r[167]=21094
r[168]=18661
r[169]=7952
r[170]=-27730
r[171]=21288
r[172]=20063
r[173]=11272
r[174]=-25628
r[175]=21560
r[176]=20905
r[177]=11656
r[178]=-30488
r[179]=24381
r[180]=18305
r[181]=9890
r[182]=-30028
r[183]=23671
r[184]=22397
r[185]=9592
r[186]=-29043
r[187]=23677
r[188]=21121
r[189]=12242
r[190]=-27589
r[191]=23067
r[192]=19279
r[193]=7037
r[194]=-27893
r[195]=19190
r[196]=16679
r[197]=7295
r[198]=-29447
r[199]=17412
r[200]=19751
r[201]=6773
r[202]=-25634
r[203]=16653
r[204]=17555
r[205]=4667
r[206]=-26022
r[207]=18313
r[208]=15217
r[209]=7144
r[210]=-25529
r[211]=14659
r[212]=13415
r[213]=7324
r[214]=-25481
r[215]=18455
r[216]=17754
r[217]=7424
r[218]=-22803
r[219]=17558
r[220]=15990
r[221]=11088
r[222]=-24711
r[223]=15072
r[224]=21617
r[225]=9524
r[226]=-26944
r[227]=20930
r[228]=21759
r[229]=6570
r[230]=-24526
r[231]=19468
r[232]=20851
r[233]=6657
r[234]=-27070
r[235]=16983
r[236]=18337
r[237]=5897
r[238]=-27136
r[239]=17891
r[240]=16172
r[241]=4243
r[242]=-27827
r[243]=20539
r[244]=17744
r[245]=6759
r[246]=-24915
r[247]=19451
r[248]=20236
r[249]=4556
r[250]=-20304
r[251]=18732
r[252]=18732
r[253]=5762
r[254]=-24526
r[255]=19670
j 108 t 137j 109 t 1247k 93 zeta 418 len 2 start 112
r[0]=12185
r[1]=8995
r[2]=13951
r[3]=8061
r[4]=14009
r[5]=8749
r[6]=13111
r[7]=8807
r[8]=13670
r[9]=9914
r[10]=15860
r[11]=8970
r[12]=14845
r[13]=6430
r[14]=14353
r[15]=6234
r[16]=13525
r[17]=10490
r[18]=13961
r[19]=9020
r[20]=15113
r[21]=10319
r[22]=17165
r[23]=10019
r[24]=16374
r[25]=10360
r[26]=20802
r[27]=8756
r[28]=16331
r[29]=4872
r[30]=15641
r[31]=6708
r[32]=19217
r[33]=7142
r[34]=18621
r[35]=8488
r[36]=15151
r[37]=12889
r[38]=15699
r[39]=9673
r[40]=21131
r[41]=11486
r[42]=21821
r[43]=9610
r[44]=18350
r[45]=8474
r[46]=19682
r[47]=6830
r[48]=17142
r[49]=8375
r[50]=14772
r[51]=6541
r[52]=14339
r[53]=9858
r[54]=12339
r[55]=10518
r[56]=16680
r[57]=10986
r[58]=17886
r[59]=7290
r[60]=15775
r[61]=11253
r[62]=15955
r[63]=10667
r[64]=16484
r[65]=18379
r[66]=15442
r[67]=17213
r[68]=16610
r[69]=19798
r[70]=18072
r[71]=16630
r[72]=13344
r[73]=15249
r[74]=15652
r[75]=12771
r[76]=13993
r[77]=14905
r[78]=16035
r[79]=14055
r[80]=15418
r[81]=11886
r[82]=16012
r[83]=11544
r[84]=16951
r[85]=12954
r[86]=17219
r[87]=9388
r[88]=17873
r[89]=13548
r[90]=16907
r[91]=14394
r[92]=17946
r[93]=11000
r[94]=19210
r[95]=11598
r[96]=17988
r[97]=8832
r[98]=16332
r[99]=9782
r[100]=12869
r[101]=12020
r[102]=15811
r[103]=13942
r[104]=18858
r[105]=10756
r[106]=20234
r[107]=8778
r[108]=17731
r[109]=9504
r[110]=17457
r[111]=7010
r[112]=14849
r[113]=11007
r[114]=-27142
r[115]=21429
r[116]=14163
r[117]=12123
r[118]=-27286
r[119]=18225
r[120]=18274
r[121]=10177
r[122]=-25073
r[123]=19440
r[124]=16746
r[125]=7613
r[126]=-26759
r[127]=17534
r[128]=21801
r[129]=3918
r[130]=-27377
r[131]=20846
r[132]=20263
r[133]=5918
r[134]=-28729
r[135]=21726
r[136]=21702
r[137]=5983
r[138]=-23076
r[139]=18770
r[140]=19510
r[141]=8421
r[142]=-26174
r[143]=21702
r[144]=19656
r[145]=10301
r[146]=-22729
r[147]=21938
r[148]=17452
r[149]=9493
r[150]=-21793
r[151]=20010
r[152]=22002
r[153]=8167
r[154]=-24373
r[155]=22355
r[156]=20918
r[157]=5551
r[158]=-23757
r[159]=19733
r[160]=19411
r[161]=10991
r[162]=-25364
r[163]=19654
r[164]=19849
r[165]=8765
r[166]=-27578
r[167]=21094
r[168]=18661
r[169]=7952
r[170]=-27730
r[171]=21288
r[172]=20063
r[173]=11272
r[174]=-25628
r[175]=21560
r[176]=20905
r[177]=11656
r[178]=-30488
r[179]=24381
r[180]=18305
r[181]=9890
r[182]=-30028
r[183]=23671
r[184]=22397
r[185]=9592
r[186]=-29043
r[187]=23677
r[188]=21121
r[189]=12242
r[190]=-27589
r[191]=23067
r[192]=19279
r[193]=7037
r[194]=-27893
r[195]=19190
r[196]=16679
r[197]=7295
r[198]=-29447
r[199]=17412
r[200]=19751
r[201]=6773
r[202]=-25634
r[203]=16653
r[204]=17555
r[205]=4667
r[206]=-26022
r[207]=18313
r[208]=15217
r[209]=7144
r[210]=-25529
r[211]=14659
r[212]=13415
r[213]=7324
r[214]=-25481
r[215]=18455
r[216]=17754
r[217]=7424
r[218]=-22803
r[219]=17558
r[220]=15990
r[221]=11088
r[222]=-24711
r[223]=15072
r[224]=21617
r[225]=9524
r[226]=-26944
r[227]=20930
r[228]=21759
r[229]=6570
r[230]=-24526
r[231]=19468
r[232]=20851
r[233]=6657
r[234]=-27070
r[235]=16983
r[236]=18337
r[237]=5897
r[238]=-27136
r[239]=17891
r[240]=16172
r[241]=4243
r[242]=-27827
r[243]=20539
r[244]=17744
r[245]=6759
r[246]=-24915
r[247]=19451
r[248]=20236
r[249]=4556
r[250]=-20304
r[251]=18732
r[252]=18732
r[253]=5762
r[254]=-24526
r[255]=19670
j 112 t -982j 113 t 1235k 94 zeta 329 len 2 start 116
r[0]=12185
r[1]=8995
r[2]=13951
r[3]=8061
r[4]=14009
r[5]=8749
r[6]=13111
r[7]=8807
r[8]=13670
r[9]=9914
r[10]=15860
r[11]=8970
r[12]=14845
r[13]=6430
r[14]=14353
r[15]=6234
r[16]=13525
r[17]=10490
r[18]=13961
r[19]=9020
r[20]=15113
r[21]=10319
r[22]=17165
r[23]=10019
r[24]=16374
r[25]=10360
r[26]=20802
r[27]=8756
r[28]=16331
r[29]=4872
r[30]=15641
r[31]=6708
r[32]=19217
r[33]=7142
r[34]=18621
r[35]=8488
r[36]=15151
r[37]=12889
r[38]=15699
r[39]=9673
r[40]=21131
r[41]=11486
r[42]=21821
r[43]=9610
r[44]=18350
r[45]=8474
r[46]=19682
r[47]=6830
r[48]=17142
r[49]=8375
r[50]=14772
r[51]=6541
r[52]=14339
r[53]=9858
r[54]=12339
r[55]=10518
r[56]=16680
r[57]=10986
r[58]=17886
r[59]=7290
r[60]=15775
r[61]=11253
r[62]=15955
r[63]=10667
r[64]=16484
r[65]=18379
r[66]=15442
r[67]=17213
r[68]=16610
r[69]=19798
r[70]=18072
r[71]=16630
r[72]=13344
r[73]=15249
r[74]=15652
r[75]=12771
r[76]=13993
r[77]=14905
r[78]=16035
r[79]=14055
r[80]=15418
r[81]=11886
r[82]=16012
r[83]=11544
r[84]=16951
r[85]=12954
r[86]=17219
r[87]=9388
r[88]=17873
r[89]=13548
r[90]=16907
r[91]=14394
r[92]=17946
r[93]=11000
r[94]=19210
r[95]=11598
r[96]=17988
r[97]=8832
r[98]=16332
r[99]=9782
r[100]=12869
r[101]=12020
r[102]=15811
r[103]=13942
r[104]=18858
r[105]=10756
r[106]=20234
r[107]=8778
r[108]=17731
r[109]=9504
r[110]=17457
r[111]=7010
r[112]=13867
r[113]=12242
r[114]=15831
r[115]=9772
r[116]=14163
r[117]=12123
r[118]=-27286
r[119]=18225
r[120]=18274
r[121]=10177
r[122]=-25073
r[123]=19440
r[124]=16746
r[125]=7613
r[126]=-26759
r[127]=17534
r[128]=21801
r[129]=3918
r[130]=-27377
r[131]=20846
r[132]=20263
r[133]=5918
r[134]=-28729
r[135]=21726
r[136]=21702
r[137]=5983
r[138]=-23076
r[139]=18770
r[140]=19510
r[141]=8421
r[142]=-26174
r[143]=21702
r[144]=19656
r[145]=10301
r[146]=-22729
r[147]=21938
r[148]=17452
r[149]=9493
r[150]=-21793
r[151]=20010
r[152]=22002
r[153]=8167
r[154]=-24373
r[155]=22355
r[156]=20918
r[157]=5551
r[158]=-23757
r[159]=19733
r[160]=19411
r[161]=10991
r[162]=-25364
r[163]=19654
r[164]=19849
r[165]=8765
r[166]=-27578
r[167]=21094
r[168]=18661
r[169]=7952
r[170]=-27730
r[171]=21288
r[172]=20063
r[173]=11272
r[174]=-25628
r[175]=21560
r[176]=20905
r[177]=11656
r[178]=-30488
r[179]=24381
r[180]=18305
r[181]=9890
r[182]=-30028
r[183]=23671
r[184]=22397
r[185]=9592
r[186]=-29043
r[187]=23677
r[188]=21121
r[189]=12242
r[190]=-27589
r[191]=23067
r[192]=19279
r[193]=7037
r[194]=-27893
r[195]=19190
r[196]=16679
r[197]=7295
r[198]=-29447
r[199]=17412
r[200]=19751
r[201]=6773
r[202]=-25634
r[203]=16653
r[204]=17555
r[205]=4667
r[206]=-26022
r[207]=18313
r[208]=15217
r[209]=7144
r[210]=-25529
r[211]=14659
r[212]=13415
r[213]=7324
r[214]=-25481
r[215]=18455
r[216]=17754
r[217]=7424
r[218]=-22803
r[219]=17558
r[220]=15990
r[221]=11088
r[222]=-24711
r[223]=15072
r[224]=21617
r[225]=9524
r[226]=-26944
r[227]=20930
r[228]=21759
r[229]=6570
r[230]=-24526
r[231]=19468
r[232]=20851
r[233]=6657
r[234]=-27070
r[235]=16983
r[236]=18337
r[237]=5897
r[238]=-27136
r[239]=17891
r[240]=16172
r[241]=4243
r[242]=-27827
r[243]=20539
r[244]=17744
r[245]=6759
r[246]=-24915
r[247]=19451
r[248]=20236
r[249]=4556
r[250]=-20304
r[251]=18732
r[252]=18732
r[253]=5762
r[254]=-24526
r[255]=19670
j 116 t -387j 117 t 599k 95 zeta -156 len 2 start 120
r[0]=12185
r[1]=8995
r[2]=13951
r[3]=8061
r[4]=14009
r[5]=8749
r[6]=13111
r[7]=8807
r[8]=13670
r[9]=9914
r[10]=15860
r[11]=8970
r[12]=14845
r[13]=6430
r[14]=14353
r[15]=6234
r[16]=13525
r[17]=10490
r[18]=13961
r[19]=9020
r[20]=15113
r[21]=10319
r[22]=17165
r[23]=10019
r[24]=16374
r[25]=10360
r[26]=20802
r[27]=8756
r[28]=16331
r[29]=4872
r[30]=15641
r[31]=6708
r[32]=19217
r[33]=7142
r[34]=18621
r[35]=8488
r[36]=15151
r[37]=12889
r[38]=15699
r[39]=9673
r[40]=21131
r[41]=11486
r[42]=21821
r[43]=9610
r[44]=18350
r[45]=8474
r[46]=19682
r[47]=6830
r[48]=17142
r[49]=8375
r[50]=14772
r[51]=6541
r[52]=14339
r[53]=9858
r[54]=12339
r[55]=10518
r[56]=16680
r[57]=10986
r[58]=17886
r[59]=7290
r[60]=15775
r[61]=11253
r[62]=15955
r[63]=10667
r[64]=16484
r[65]=18379
r[66]=15442
r[67]=17213
r[68]=16610
r[69]=19798
r[70]=18072
r[71]=16630
r[72]=13344
r[73]=15249
r[74]=15652
r[75]=12771
r[76]=13993
r[77]=14905
r[78]=16035
r[79]=14055
r[80]=15418
r[81]=11886
r[82]=16012
r[83]=11544
r[84]=16951
r[85]=12954
r[86]=17219
r[87]=9388
r[88]=17873
r[89]=13548
r[90]=16907
r[91]=14394
r[92]=17946
r[93]=11000
r[94]=19210
r[95]=11598
r[96]=17988
r[97]=8832
r[98]=16332
r[99]=9782
r[100]=12869
r[101]=12020
r[102]=15811
r[103]=13942
r[104]=18858
r[105]=10756
r[106]=20234
r[107]=8778
r[108]=17731
r[109]=9504
r[110]=17457
r[111]=7010
r[112]=13867
r[113]=12242
r[114]=15831
r[115]=9772
r[116]=13776
r[117]=12722
r[118]=14550
r[119]=11524
r[120]=18274
r[121]=10177
r[122]=-25073
r[123]=19440
r[124]=16746
r[125]=7613
r[126]=-26759
r[127]=17534
r[128]=21801
r[129]=3918
r[130]=-27377
r[131]=20846
r[132]=20263
r[133]=5918
r[134]=-28729
r[135]=21726
r[136]=21702
r[137]=5983
r[138]=-23076
r[139]=18770
r[140]=19510
r[141]=8421
r[142]=-26174
r[143]=21702
r[144]=19656
r[145]=10301
r[146]=-22729
r[147]=21938
r[148]=17452
r[149]=9493
r[150]=-21793
r[151]=20010
r[152]=22002
r[153]=8167
r[154]=-24373
r[155]=22355
r[156]=20918
r[157]=5551
r[158]=-23757
r[159]=19733
r[160]=19411
r[161]=10991
r[162]=-25364
r[163]=19654
r[164]=19849
r[165]=8765
r[166]=-27578
r[167]=21094
r[168]=18661
r[169]=7952
r[170]=-27730
r[171]=21288
r[172]=20063
r[173]=11272
r[174]=-25628
r[175]=21560
r[176]=20905
r[177]=11656
r[178]=-30488
r[179]=24381
r[180]=18305
r[181]=9890
r[182]=-30028
r[183]=23671
r[184]=22397
r[185]=9592
r[186]=-29043
r[187]=23677
r[188]=21121
r[189]=12242
r[190]=-27589
r[191]=23067
r[192]=19279
r[193]=7037
r[194]=-27893
r[195]=19190
r[196]=16679
r[197]=7295
r[198]=-29447
r[199]=17412
r[200]=19751
r[201]=6773
r[202]=-25634
r[203]=16653
r[204]=17555
r[205]=4667
r[206]=-26022
r[207]=18313
r[208]=15217
r[209]=7144
r[210]=-25529
r[211]=14659
r[212]=13415
r[213]=7324
r[214]=-25481
r[215]=18455
r[216]=17754
r[217]=7424
r[218]=-22803
r[219]=17558
r[220]=15990
r[221]=11088
r[222]=-24711
r[223]=15072
r[224]=21617
r[225]=9524
r[226]=-26944
r[227]=20930
r[228]=21759
r[229]=6570
r[230]=-24526
r[231]=19468
r[232]=20851
r[233]=6657
r[234]=-27070
r[235]=16983
r[236]=18337
r[237]=5897
r[238]=-27136
r[239]=17891
r[240]=16172
r[241]=4243
r[242]=-27827
r[243]=20539
r[244]=17744
r[245]=6759
r[246]=-24915
r[247]=19451
r[248]=20236
r[249]=4556
r[250]=-20304
r[251]=18732
r[252]=18732
r[253]=5762
r[254]=-24526
r[255]=19670
j 120 t 1687j 121 t 35k 96 zeta -75 len 2 start 124
r[0]=12185
r[1]=8995
r[2]=13951
r[3]=8061
r[4]=14009
r[5]=8749
r[6]=13111
r[7]=8807
r[8]=13670
r[9]=9914
r[10]=15860
r[11]=8970
r[12]=14845
r[13]=6430
r[14]=14353
r[15]=6234
r[16]=13525
r[17]=10490
r[18]=13961
r[19]=9020
r[20]=15113
r[21]=10319
r[22]=17165
r[23]=10019
r[24]=16374
r[25]=10360
r[26]=20802
r[27]=8756
r[28]=16331
r[29]=4872
r[30]=15641
r[31]=6708
r[32]=19217
r[33]=7142
r[34]=18621
r[35]=8488
r[36]=15151
r[37]=12889
r[38]=15699
r[39]=9673
r[40]=21131
r[41]=11486
r[42]=21821
r[43]=9610
r[44]=18350
r[45]=8474
r[46]=19682
r[47]=6830
r[48]=17142
r[49]=8375
r[50]=14772
r[51]=6541
r[52]=14339
r[53]=9858
r[54]=12339
r[55]=10518
r[56]=16680
r[57]=10986
r[58]=17886
r[59]=7290
r[60]=15775
r[61]=11253
r[62]=15955
r[63]=10667
r[64]=16484
r[65]=18379
r[66]=15442
r[67]=17213
r[68]=16610
r[69]=19798
r[70]=18072
r[71]=16630
r[72]=13344
r[73]=15249
r[74]=15652
r[75]=12771
r[76]=13993
r[77]=14905
r[78]=16035
r[79]=14055
r[80]=15418
r[81]=11886
r[82]=16012
r[83]=11544
r[84]=16951
r[85]=12954
r[86]=17219
r[87]=9388
r[88]=17873
r[89]=13548
r[90]=16907
r[91]=14394
r[92]=17946
r[93]=11000
r[94]=19210
r[95]=11598
r[96]=17988
r[97]=8832
r[98]=16332
r[99]=9782
r[100]=12869
r[101]=12020
r[102]=15811
r[103]=13942
r[104]=18858
r[105]=10756
r[106]=20234
r[107]=8778
r[108]=17731
r[109]=9504
r[110]=17457
r[111]=7010
r[112]=13867
r[113]=12242
r[114]=15831
r[115]=9772
r[116]=13776
r[117]=12722
r[118]=14550
r[119]=11524
r[120]=19961
r[121]=10212
r[122]=16587
r[123]=10142
r[124]=16746
r[125]=7613
r[126]=-26759
r[127]=17534
r[128]=21801
r[129]=3918
r[130]=-27377
r[131]=20846
r[132]=20263
r[133]=5918
r[134]=-28729
r[135]=21726
r[136]=21702
r[137]=5983
r[138]=-23076
r[139]=18770
r[140]=19510
r[141]=8421
r[142]=-26174
r[143]=21702
r[144]=19656
r[145]=10301
r[146]=-22729
r[147]=21938
r[148]=17452
r[149]=9493
r[150]=-21793
r[151]=20010
r[152]=22002
r[153]=8167
r[154]=-24373
r[155]=22355
r[156]=20918
r[157]=5551
r[158]=-23757
r[159]=19733
r[160]=19411
r[161]=10991
r[162]=-25364
r[163]=19654
r[164]=19849
r[165]=8765
r[166]=-27578
r[167]=21094
r[168]=18661
r[169]=7952
r[170]=-27730
r[171]=21288
r[172]=20063
r[173]=11272
r[174]=-25628
r[175]=21560
r[176]=20905
r[177]=11656
r[178]=-30488
r[179]=24381
r[180]=18305
r[181]=9890
r[182]=-30028
r[183]=23671
r[184]=22397
r[185]=9592
r[186]=-29043
r[187]=23677
r[188]=21121
r[189]=12242
r[190]=-27589
r[191]=23067
r[192]=19279
r[193]=7037
r[194]=-27893
r[195]=19190
r[196]=16679
r[197]=7295
r[198]=-29447
r[199]=17412
r[200]=19751
r[201]=6773
r[202]=-25634
r[203]=16653
r[204]=17555
r[205]=4667
r[206]=-26022
r[207]=18313
r[208]=15217
r[209]=7144
r[210]=-25529
r[211]=14659
r[212]=13415
r[213]=7324
r[214]=-25481
r[215]=18455
r[216]=17754
r[217]=7424
r[218]=-22803
r[219]=17558
r[220]=15990
r[221]=11088
r[222]=-24711
r[223]=15072
r[224]=21617
r[225]=9524
r[226]=-26944
r[227]=20930
r[228]=21759
r[229]=6570
r[230]=-24526
r[231]=19468
r[232]=20851
r[233]=6657
r[234]=-27070
r[235]=16983
r[236]=18337
r[237]=5897
r[238]=-27136
r[239]=17891
r[240]=16172
r[241]=4243
r[242]=-27827
r[243]=20539
r[244]=17744
r[245]=6759
r[246]=-24915
r[247]=19451
r[248]=20236
r[249]=4556
r[250]=-20304
r[251]=18732
r[252]=18732
r[253]=5762
r[254]=-24526
r[255]=19670
j 124 t -1511j 125 t 590k 97 zeta 817 len 2 start 128
r[0]=12185
r[1]=8995
r[2]=13951
r[3]=8061
r[4]=14009
r[5]=8749
r[6]=13111
r[7]=8807
r[8]=13670
r[9]=9914
r[10]=15860
r[11]=8970
r[12]=14845
r[13]=6430
r[14]=14353
r[15]=6234
r[16]=13525
r[17]=10490
r[18]=13961
r[19]=9020
r[20]=15113
r[21]=10319
r[22]=17165
r[23]=10019
r[24]=16374
r[25]=10360
r[26]=20802
r[27]=8756
r[28]=16331
r[29]=4872
r[30]=15641
r[31]=6708
r[32]=19217
r[33]=7142
r[34]=18621
r[35]=8488
r[36]=15151
r[37]=12889
r[38]=15699
r[39]=9673
r[40]=21131
r[41]=11486
r[42]=21821
r[43]=9610
r[44]=18350
r[45]=8474
r[46]=19682
r[47]=6830
r[48]=17142
r[49]=8375
r[50]=14772
r[51]=6541
r[52]=14339
r[53]=9858
r[54]=12339
r[55]=10518
r[56]=16680
r[57]=10986
r[58]=17886
r[59]=7290
r[60]=15775
r[61]=11253
r[62]=15955
r[63]=10667
r[64]=16484
r[65]=18379
r[66]=15442
r[67]=17213
r[68]=16610
r[69]=19798
r[70]=18072
r[71]=16630
r[72]=13344
r[73]=15249
r[74]=15652
r[75]=12771
r[76]=13993
r[77]=14905
r[78]=16035
r[79]=14055
r[80]=15418
r[81]=11886
r[82]=16012
r[83]=11544
r[84]=16951
r[85]=12954
r[86]=17219
r[87]=9388
r[88]=17873
r[89]=13548
r[90]=16907
r[91]=14394
r[92]=17946
r[93]=11000
r[94]=19210
r[95]=11598
r[96]=17988
r[97]=8832
r[98]=16332
r[99]=9782
r[100]=12869
r[101]=12020
r[102]=15811
r[103]=13942
r[104]=18858
r[105]=10756
r[106]=20234
r[107]=8778
r[108]=17731
r[109]=9504
r[110]=17457
r[111]=7010
r[112]=13867
r[113]=12242
r[114]=15831
r[115]=9772
r[116]=13776
r[117]=12722
r[118]=14550
r[119]=11524
r[120]=19961
r[121]=10212
r[122]=16587
r[123]=10142
r[124]=15235
r[125]=8203
r[126]=18257
r[127]=7023
r[128]=21801
r[129]=3918
r[130]=-27377
r[131]=20846
r[132]=20263
r[133]=5918
r[134]=-28729
r[135]=21726
r[136]=21702
r[137]=5983
r[138]=-23076
r[139]=18770
r[140]=19510
r[141]=8421
r[142]=-26174
r[143]=21702
r[144]=19656
r[145]=10301
r[146]=-22729
r[147]=21938
r[148]=17452
r[149]=9493
r[150]=-21793
r[151]=20010
r[152]=22002
r[153]=8167
r[154]=-24373
r[155]=22355
r[156]=20918
r[157]=5551
r[158]=-23757
r[159]=19733
r[160]=19411
r[161]=10991
r[162]=-25364
r[163]=19654
r[164]=19849
r[165]=8765
r[166]=-27578
r[167]=21094
r[168]=18661
r[169]=7952
r[170]=-27730
r[171]=21288
r[172]=20063
r[173]=11272
r[174]=-25628
r[175]=21560
r[176]=20905
r[177]=11656
r[178]=-30488
r[179]=24381
r[180]=18305
r[181]=9890
r[182]=-30028
r[183]=23671
r[184]=22397
r[185]=9592
r[186]=-29043
r[187]=23677
r[188]=21121
r[189]=12242
r[190]=-27589
r[191]=23067
r[192]=19279
r[193]=7037
r[194]=-27893
r[195]=19190
r[196]=16679
r[197]=7295
r[198]=-29447
r[199]=17412
r[200]=19751
r[201]=6773
r[202]=-25634
r[203]=16653
r[204]=17555
r[205]=4667
r[206]=-26022
r[207]=18313
r[208]=15217
r[209]=7144
r[210]=-25529
r[211]=14659
r[212]=13415
r[213]=7324
r[214]=-25481
r[215]=18455
r[216]=17754
r[217]=7424
r[218]=-22803
r[219]=17558
r[220]=15990
r[221]=11088
r[222]=-24711
r[223]=15072
r[224]=21617
r[225]=9524
r[226]=-26944
r[227]=20930
r[228]=21759
r[229]=6570
r[230]=-24526
r[231]=19468
r[232]=20851
r[233]=6657
r[234]=-27070
r[235]=16983
r[236]=18337
r[237]=5897
r[238]=-27136
r[239]=17891
r[240]=16172
r[241]=4243
r[242]=-27827
r[243]=20539
r[244]=17744
r[245]=6759
r[246]=-24915
r[247]=19451
r[248]=20236
r[249]=4556
r[250]=-20304
r[251]=18732
r[252]=18732
r[253]=5762
r[254]=-24526
r[255]=19670
j 128 t -1614j 129 t -287k 98 zeta 1097 len 2 start 132
r[0]=12185
r[1]=8995
r[2]=13951
r[3]=8061
r[4]=14009
r[5]=8749
r[6]=13111
r[7]=8807
r[8]=13670
r[9]=9914
r[10]=15860
r[11]=8970
r[12]=14845
r[13]=6430
r[14]=14353
r[15]=6234
r[16]=13525
r[17]=10490
r[18]=13961
r[19]=9020
r[20]=15113
r[21]=10319
r[22]=17165
r[23]=10019
r[24]=16374
r[25]=10360
r[26]=20802
r[27]=8756
r[28]=16331
r[29]=4872
r[30]=15641
r[31]=6708
r[32]=19217
r[33]=7142
r[34]=18621
r[35]=8488
r[36]=15151
r[37]=12889
r[38]=15699
r[39]=9673
r[40]=21131
r[41]=11486
r[42]=21821
r[43]=9610
r[44]=18350
r[45]=8474
r[46]=19682
r[47]=6830
r[48]=17142
r[49]=8375
r[50]=14772
r[51]=6541
r[52]=14339
r[53]=9858
r[54]=12339
r[55]=10518
r[56]=16680
r[57]=10986
r[58]=17886
r[59]=7290
r[60]=15775
r[61]=11253
r[62]=15955
r[63]=10667
r[64]=16484
r[65]=18379
r[66]=15442
r[67]=17213
r[68]=16610
r[69]=19798
r[70]=18072
r[71]=16630
r[72]=13344
r[73]=15249
r[74]=15652
r[75]=12771
r[76]=13993
r[77]=14905
r[78]=16035
r[79]=14055
r[80]=15418
r[81]=11886
r[82]=16012
r[83]=11544
r[84]=16951
r[85]=12954
r[86]=17219
r[87]=9388
r[88]=17873
r[89]=13548
r[90]=16907
r[91]=14394
r[92]=17946
r[93]=11000
r[94]=19210
r[95]=11598
r[96]=17988
r[97]=8832
r[98]=16332
r[99]=9782
r[100]=12869
r[101]=12020
r[102]=15811
r[103]=13942
r[104]=18858
r[105]=10756
r[106]=20234
r[107]=8778
r[108]=17731
r[109]=9504
r[110]=17457
r[111]=7010
r[112]=13867
r[113]=12242
r[114]=15831
r[115]=9772
r[116]=13776
r[117]=12722
r[118]=14550
r[119]=11524
r[120]=19961
r[121]=10212
r[122]=16587
r[123]=10142
r[124]=15235
r[125]=8203
r[126]=18257
r[127]=7023
r[128]=20187
r[129]=3631
r[130]=23415
r[131]=4205
r[132]=20263
r[133]=5918
r[134]=-28729
r[135]=21726
r[136]=21702
r[137]=5983
r[138]=-23076
r[139]=18770
r[140]=19510
r[141]=8421
r[142]=-26174
r[143]=21702
r[144]=19656
r[145]=10301
r[146]=-22729
r[147]=21938
r[148]=17452
r[149]=9493
r[150]=-21793
r[151]=20010
r[152]=22002
r[153]=8167
r[154]=-24373
r[155]=22355
r[156]=20918
r[157]=5551
r[158]=-23757
r[159]=19733
r[160]=19411
r[161]=10991
r[162]=-25364
r[163]=19654
r[164]=19849
r[165]=8765
r[166]=-27578
r[167]=21094
r[168]=18661
r[169]=7952
r[170]=-27730
r[171]=21288
r[172]=20063
r[173]=11272
r[174]=-25628
r[175]=21560
r[176]=20905
r[177]=11656
r[178]=-30488
r[179]=24381
r[180]=18305
r[181]=9890
r[182]=-30028
r[183]=23671
r[184]=22397
r[185]=9592
r[186]=-29043
r[187]=23677
r[188]=21121
r[189]=12242
r[190]=-27589
r[191]=23067
r[192]=19279
r[193]=7037
r[194]=-27893
r[195]=19190
r[196]=16679
r[197]=7295
r[198]=-29447
r[199]=17412
r[200]=19751
r[201]=6773
r[202]=-25634
r[203]=16653
r[204]=17555
r[205]=4667
r[206]=-26022
r[207]=18313
r[208]=15217
r[209]=7144
r[210]=-25529
r[211]=14659
r[212]=13415
r[213]=7324
r[214]=-25481
r[215]=18455
r[216]=17754
r[217]=7424
r[218]=-22803
r[219]=17558
r[220]=15990
r[221]=11088
r[222]=-24711
r[223]=15072
r[224]=21617
r[225]=9524
r[226]=-26944
r[227]=20930
r[228]=21759
r[229]=6570
r[230]=-24526
r[231]=19468
r[232]=20851
r[233]=6657
r[234]=-27070
r[235]=16983
r[236]=18337
r[237]=5897
r[238]=-27136
r[239]=17891
r[240]=16172
r[241]=4243
r[242]=-27827
r[243]=20539
r[244]=17744
r[245]=6759
r[246]=-24915
r[247]=19451
r[248]=20236
r[249]=4556
r[250]=-20304
r[251]=18732
r[252]=18732
r[253]=5762
r[254]=-24526
r[255]=19670
j 132 t -1843j 133 t 1335k 99 zeta 603 len 2 start 136
r[0]=12185
r[1]=8995
r[2]=13951
r[3]=8061
r[4]=14009
r[5]=8749
r[6]=13111
r[7]=8807
r[8]=13670
r[9]=9914
r[10]=15860
r[11]=8970
r[12]=14845
r[13]=6430
r[14]=14353
r[15]=6234
r[16]=13525
r[17]=10490
r[18]=13961
r[19]=9020
r[20]=15113
r[21]=10319
r[22]=17165
r[23]=10019
r[24]=16374
r[25]=10360
r[26]=20802
r[27]=8756
r[28]=16331
r[29]=4872
r[30]=15641
r[31]=6708
r[32]=19217
r[33]=7142
r[34]=18621
r[35]=8488
r[36]=15151
r[37]=12889
r[38]=15699
r[39]=9673
r[40]=21131
r[41]=11486
r[42]=21821
r[43]=9610
r[44]=18350
r[45]=8474
r[46]=19682
r[47]=6830
r[48]=17142
r[49]=8375
r[50]=14772
r[51]=6541
r[52]=14339
r[53]=9858
r[54]=12339
r[55]=10518
r[56]=16680
r[57]=10986
r[58]=17886
r[59]=7290
r[60]=15775
r[61]=11253
r[62]=15955
r[63]=10667
r[64]=16484
r[65]=18379
r[66]=15442
r[67]=17213
r[68]=16610
r[69]=19798
r[70]=18072
r[71]=16630
r[72]=13344
r[73]=15249
r[74]=15652
r[75]=12771
r[76]=13993
r[77]=14905
r[78]=16035
r[79]=14055
r[80]=15418
r[81]=11886
r[82]=16012
r[83]=11544
r[84]=16951
r[85]=12954
r[86]=17219
r[87]=9388
r[88]=17873
r[89]=13548
r[90]=16907
r[91]=14394
r[92]=17946
r[93]=11000
r[94]=19210
r[95]=11598
r[96]=17988
r[97]=8832
r[98]=16332
r[99]=9782
r[100]=12869
r[101]=12020
r[102]=15811
r[103]=13942
r[104]=18858
r[105]=10756
r[106]=20234
r[107]=8778
r[108]=17731
r[109]=9504
r[110]=17457
r[111]=7010
r[112]=13867
r[113]=12242
r[114]=15831
r[115]=9772
r[116]=13776
r[117]=12722
r[118]=14550
r[119]=11524
r[120]=19961
r[121]=10212
r[122]=16587
r[123]=10142
r[124]=15235
r[125]=8203
r[126]=18257
r[127]=7023
r[128]=20187
r[129]=3631
r[130]=23415
r[131]=4205
r[132]=18420
r[133]=7253
r[134]=22106
r[135]=4583
r[136]=21702
r[137]=5983
r[138]=-23076
r[139]=18770
r[140]=19510
r[141]=8421
r[142]=-26174
r[143]=21702
r[144]=19656
r[145]=10301
r[146]=-22729
r[147]=21938
r[148]=17452
r[149]=9493
r[150]=-21793
r[151]=20010
r[152]=22002
r[153]=8167
r[154]=-24373
r[155]=22355
r[156]=20918
r[157]=5551
r[158]=-23757
r[159]=19733
r[160]=19411
r[161]=10991
r[162]=-25364
r[163]=19654
r[164]=19849
r[165]=8765
r[166]=-27578
r[167]=21094
r[168]=18661
r[169]=7952
r[170]=-27730
r[171]=21288
r[172]=20063
r[173]=11272
r[174]=-25628
r[175]=21560
r[176]=20905
r[177]=11656
r[178]=-30488
r[179]=24381
r[180]=18305
r[181]=9890
r[182]=-30028
r[183]=23671
r[184]=22397
r[185]=9592
r[186]=-29043
r[187]=23677
r[188]=21121
r[189]=12242
r[190]=-27589
r[191]=23067
r[192]=19279
r[193]=7037
r[194]=-27893
r[195]=19190
r[196]=16679
r[197]=7295
r[198]=-29447
r[199]=17412
r[200]=19751
r[201]=6773
r[202]=-25634
r[203]=16653
r[204]=17555
r[205]=4667
r[206]=-26022
r[207]=18313
r[208]=15217
r[209]=7144
r[210]=-25529
r[211]=14659
r[212]=13415
r[213]=7324
r[214]=-25481
r[215]=18455
r[216]=17754
r[217]=7424
r[218]=-22803
r[219]=17558
r[220]=15990
r[221]=11088
r[222]=-24711
r[223]=15072
r[224]=21617
r[225]=9524
r[226]=-26944
r[227]=20930
r[228]=21759
r[229]=6570
r[230]=-24526
r[231]=19468
r[232]=20851
r[233]=6657
r[234]=-27070
r[235]=16983
r[236]=18337
r[237]=5897
r[238]=-27136
r[239]=17891
r[240]=16172
r[241]=4243
r[242]=-27827
r[243]=20539
r[244]=17744
r[245]=6759
r[246]=-24915
r[247]=19451
r[248]=20236
r[249]=4556
r[250]=-20304
r[251]=18732
r[252]=18732
r[253]=5762
r[254]=-24526
r[255]=19670
j 136 t -332j 137 t 925k 100 zeta 610 len 2 start 140
r[0]=12185
r[1]=8995
r[2]=13951
r[3]=8061
r[4]=14009
r[5]=8749
r[6]=13111
r[7]=8807
r[8]=13670
r[9]=9914
r[10]=15860
r[11]=8970
r[12]=14845
r[13]=6430
r[14]=14353
r[15]=6234
r[16]=13525
r[17]=10490
r[18]=13961
r[19]=9020
r[20]=15113
r[21]=10319
r[22]=17165
r[23]=10019
r[24]=16374
r[25]=10360
r[26]=20802
r[27]=8756
r[28]=16331
r[29]=4872
r[30]=15641
r[31]=6708
r[32]=19217
r[33]=7142
r[34]=18621
r[35]=8488
r[36]=15151
r[37]=12889
r[38]=15699
r[39]=9673
r[40]=21131
r[41]=11486
r[42]=21821
r[43]=9610
r[44]=18350
r[45]=8474
r[46]=19682
r[47]=6830
r[48]=17142
r[49]=8375
r[50]=14772
r[51]=6541
r[52]=14339
r[53]=9858
r[54]=12339
r[55]=10518
r[56]=16680
r[57]=10986
r[58]=17886
r[59]=7290
r[60]=15775
r[61]=11253
r[62]=15955
r[63]=10667
r[64]=16484
r[65]=18379
r[66]=15442
r[67]=17213
r[68]=16610
r[69]=19798
r[70]=18072
r[71]=16630
r[72]=13344
r[73]=15249
r[74]=15652
r[75]=12771
r[76]=13993
r[77]=14905
r[78]=16035
r[79]=14055
r[80]=15418
r[81]=11886
r[82]=16012
r[83]=11544
r[84]=16951
r[85]=12954
r[86]=17219
r[87]=9388
r[88]=17873
r[89]=13548
r[90]=16907
r[91]=14394
r[92]=17946
r[93]=11000
r[94]=19210
r[95]=11598
r[96]=17988
r[97]=8832
r[98]=16332
r[99]=9782
r[100]=12869
r[101]=12020
r[102]=15811
r[103]=13942
r[104]=18858
r[105]=10756
r[106]=20234
r[107]=8778
r[108]=17731
r[109]=9504
r[110]=17457
r[111]=7010
r[112]=13867
r[113]=12242
r[114]=15831
r[115]=9772
r[116]=13776
r[117]=12722
r[118]=14550
r[119]=11524
r[120]=19961
r[121]=10212
r[122]=16587
r[123]=10142
r[124]=15235
r[125]=8203
r[126]=18257
r[127]=7023
r[128]=20187
r[129]=3631
r[130]=23415
r[131]=4205
r[132]=18420
r[133]=7253
r[134]=22106
r[135]=4583
r[136]=21370
r[137]=6908
r[138]=22034
r[139]=5058
r[140]=19510
r[141]=8421
r[142]=-26174
r[143]=21702
r[144]=19656
r[145]=10301
r[146]=-22729
r[147]=21938
r[148]=17452
r[149]=9493
r[150]=-21793
r[151]=20010
r[152]=22002
r[153]=8167
r[154]=-24373
r[155]=22355
r[156]=20918
r[157]=5551
r[158]=-23757
r[159]=19733
r[160]=19411
r[161]=10991
r[162]=-25364
r[163]=19654
r[164]=19849
r[165]=8765
r[166]=-27578
r[167]=21094
r[168]=18661
r[169]=7952
r[170]=-27730
r[171]=21288
r[172]=20063
r[173]=11272
r[174]=-25628
r[175]=21560
r[176]=20905
r[177]=11656
r[178]=-30488
r[179]=24381
r[180]=18305
r[181]=9890
r[182]=-30028
r[183]=23671
r[184]=22397
r[185]=9592
r[186]=-29043
r[187]=23677
r[188]=21121
r[189]=12242
r[190]=-27589
r[191]=23067
r[192]=19279
r[193]=7037
r[194]=-27893
r[195]=19190
r[196]=16679
r[197]=7295
r[198]=-29447
r[199]=17412
r[200]=19751
r[201]=6773
r[202]=-25634
r[203]=16653
r[204]=17555
r[205]=4667
r[206]=-26022
r[207]=18313
r[208]=15217
r[209]=7144
r[210]=-25529
r[211]=14659
r[212]=13415
r[213]=7324
r[214]=-25481
r[215]=18455
r[216]=17754
r[217]=7424
r[218]=-22803
r[219]=17558
r[220]=15990
r[221]=11088
r[222]=-24711
r[223]=15072
r[224]=21617
r[225]=9524
r[226]=-26944
r[227]=20930
r[228]=21759
r[229]=6570
r[230]=-24526
r[231]=19468
r[232]=20851
r[233]=6657
r[234]=-27070
r[235]=16983
r[236]=18337
r[237]=5897
r[238]=-27136
r[239]=17891
r[240]=16172
r[241]=4243
r[242]=-27827
r[243]=20539
r[244]=17744
r[245]=6759
r[246]=-24915
r[247]=19451
r[248]=20236
r[249]=4556
r[250]=-20304
r[251]=18732
r[252]=18732
r[253]=5762
r[254]=-24526
r[255]=19670
j 140 t 13j 141 t 1401k 101 zeta 1322 len 2 start 144
r[0]=12185
r[1]=8995
r[2]=13951
r[3]=8061
r[4]=14009
r[5]=8749
r[6]=13111
r[7]=8807
r[8]=13670
r[9]=9914
r[10]=15860
r[11]=8970
r[12]=14845
r[13]=6430
r[14]=14353
r[15]=6234
r[16]=13525
r[17]=10490
r[18]=13961
r[19]=9020
r[20]=15113
r[21]=10319
r[22]=17165
r[23]=10019
r[24]=16374
r[25]=10360
r[26]=20802
r[27]=8756
r[28]=16331
r[29]=4872
r[30]=15641
r[31]=6708
r[32]=19217
r[33]=7142
r[34]=18621
r[35]=8488
r[36]=15151
r[37]=12889
r[38]=15699
r[39]=9673
r[40]=21131
r[41]=11486
r[42]=21821
r[43]=9610
r[44]=18350
r[45]=8474
r[46]=19682
r[47]=6830
r[48]=17142
r[49]=8375
r[50]=14772
r[51]=6541
r[52]=14339
r[53]=9858
r[54]=12339
r[55]=10518
r[56]=16680
r[57]=10986
r[58]=17886
r[59]=7290
r[60]=15775
r[61]=11253
r[62]=15955
r[63]=10667
r[64]=16484
r[65]=18379
r[66]=15442
r[67]=17213
r[68]=16610
r[69]=19798
r[70]=18072
r[71]=16630
r[72]=13344
r[73]=15249
r[74]=15652
r[75]=12771
r[76]=13993
r[77]=14905
r[78]=16035
r[79]=14055
r[80]=15418
r[81]=11886
r[82]=16012
r[83]=11544
r[84]=16951
r[85]=12954
r[86]=17219
r[87]=9388
r[88]=17873
r[89]=13548
r[90]=16907
r[91]=14394
r[92]=17946
r[93]=11000
r[94]=19210
r[95]=11598
r[96]=17988
r[97]=8832
r[98]=16332
r[99]=9782
r[100]=12869
r[101]=12020
r[102]=15811
r[103]=13942
r[104]=18858
r[105]=10756
r[106]=20234
r[107]=8778
r[108]=17731
r[109]=9504
r[110]=17457
r[111]=7010
r[112]=13867
r[113]=12242
r[114]=15831
r[115]=9772
r[116]=13776
r[117]=12722
r[118]=14550
r[119]=11524
r[120]=19961
r[121]=10212
r[122]=16587
r[123]=10142
r[124]=15235
r[125]=8203
r[126]=18257
r[127]=7023
r[128]=20187
r[129]=3631
r[130]=23415
r[131]=4205
r[132]=18420
r[133]=7253
r[134]=22106
r[135]=4583
r[136]=21370
r[137]=6908
r[138]=22034
r[139]=5058
r[140]=19523
r[141]=9822
r[142]=19497
r[143]=7020
r[144]=19656
r[145]=10301
r[146]=-22729
r[147]=21938
r[148]=17452
r[149]=9493
r[150]=-21793
r[151]=20010
r[152]=22002
r[153]=8167
r[154]=-24373
r[155]=22355
r[156]=20918
r[157]=5551
r[158]=-23757
r[159]=19733
r[160]=19411
r[161]=10991
r[162]=-25364
r[163]=19654
r[164]=19849
r[165]=8765
r[166]=-27578
r[167]=21094
r[168]=18661
r[169]=7952
r[170]=-27730
r[171]=21288
r[172]=20063
r[173]=11272
r[174]=-25628
r[175]=21560
r[176]=20905
r[177]=11656
r[178]=-30488
r[179]=24381
r[180]=18305
r[181]=9890
r[182]=-30028
r[183]=23671
r[184]=22397
r[185]=9592
r[186]=-29043
r[187]=23677
r[188]=21121
r[189]=12242
r[190]=-27589
r[191]=23067
r[192]=19279
r[193]=7037
r[194]=-27893
r[195]=19190
r[196]=16679
r[197]=7295
r[198]=-29447
r[199]=17412
r[200]=19751
r[201]=6773
r[202]=-25634
r[203]=16653
r[204]=17555
r[205]=4667
r[206]=-26022
r[207]=18313
r[208]=15217
r[209]=7144
r[210]=-25529
r[211]=14659
r[212]=13415
r[213]=7324
r[214]=-25481
r[215]=18455
r[216]=17754
r[217]=7424
r[218]=-22803
r[219]=17558
r[220]=15990
r[221]=11088
r[222]=-24711
r[223]=15072
r[224]=21617
r[225]=9524
r[226]=-26944
r[227]=20930
r[228]=21759
r[229]=6570
r[230]=-24526
r[231]=19468
r[232]=20851
r[233]=6657
r[234]=-27070
r[235]=16983
r[236]=18337
r[237]=5897
r[238]=-27136
r[239]=17891
r[240]=16172
r[241]=4243
r[242]=-27827
r[243]=20539
r[244]=17744
r[245]=6759
r[246]=-24915
r[247]=19451
r[248]=20236
r[249]=4556
r[250]=-20304
r[251]=18732
r[252]=18732
r[253]=5762
r[254]=-24526
r[255]=19670
j 144 t -1135j 145 t 791k 102 zeta -1285 len 2 start 148
r[0]=12185
r[1]=8995
r[2]=13951
r[3]=8061
r[4]=14009
r[5]=8749
r[6]=13111
r[7]=8807
r[8]=13670
r[9]=9914
r[10]=15860
r[11]=8970
r[12]=14845
r[13]=6430
r[14]=14353
r[15]=6234
r[16]=13525
r[17]=10490
r[18]=13961
r[19]=9020
r[20]=15113
r[21]=10319
r[22]=17165
r[23]=10019
r[24]=16374
r[25]=10360
r[26]=20802
r[27]=8756
r[28]=16331
r[29]=4872
r[30]=15641
r[31]=6708
r[32]=19217
r[33]=7142
r[34]=18621
r[35]=8488
r[36]=15151
r[37]=12889
r[38]=15699
r[39]=9673
r[40]=21131
r[41]=11486
r[42]=21821
r[43]=9610
r[44]=18350
r[45]=8474
r[46]=19682
r[47]=6830
r[48]=17142
r[49]=8375
r[50]=14772
r[51]=6541
r[52]=14339
r[53]=9858
r[54]=12339
r[55]=10518
r[56]=16680
r[57]=10986
r[58]=17886
r[59]=7290
r[60]=15775
r[61]=11253
r[62]=15955
r[63]=10667
r[64]=16484
r[65]=18379
r[66]=15442
r[67]=17213
r[68]=16610
r[69]=19798
r[70]=18072
r[71]=16630
r[72]=13344
r[73]=15249
r[74]=15652
r[75]=12771
r[76]=13993
r[77]=14905
r[78]=16035
r[79]=14055
r[80]=15418
r[81]=11886
r[82]=16012
r[83]=11544
r[84]=16951
r[85]=12954
r[86]=17219
r[87]=9388
r[88]=17873
r[89]=13548
r[90]=16907
r[91]=14394
r[92]=17946
r[93]=11000
r[94]=19210
r[95]=11598
r[96]=17988
r[97]=8832
r[98]=16332
r[99]=9782
r[100]=12869
r[101]=12020
r[102]=15811
r[103]=13942
r[104]=18858
r[105]=10756
r[106]=20234
r[107]=8778
r[108]=17731
r[109]=9504
r[110]=17457
r[111]=7010
r[112]=13867
r[113]=12242
r[114]=15831
r[115]=9772
r[116]=13776
r[117]=12722
r[118]=14550
r[119]=11524
r[120]=19961
r[121]=10212
r[122]=16587
r[123]=10142
r[124]=15235
r[125]=8203
r[126]=18257
r[127]=7023
r[128]=20187
r[129]=3631
r[130]=23415
r[131]=4205
r[132]=18420
r[133]=7253
r[134]=22106
r[135]=4583
r[136]=21370
r[137]=6908
r[138]=22034
r[139]=5058
r[140]=19523
r[141]=9822
r[142]=19497
r[143]=7020
r[144]=18521
r[145]=11092
r[146]=20791
r[147]=9510
r[148]=17452
r[149]=9493
r[150]=-21793
r[151]=20010
r[152]=22002
r[153]=8167
r[154]=-24373
r[155]=22355
r[156]=20918
r[157]=5551
r[158]=-23757
r[159]=19733
r[160]=19411
r[161]=10991
r[162]=-25364
r[163]=19654
r[164]=19849
r[165]=8765
r[166]=-27578
r[167]=21094
r[168]=18661
r[169]=7952
r[170]=-27730
r[171]=21288
r[172]=20063
r[173]=11272
r[174]=-25628
r[175]=21560
r[176]=20905
r[177]=11656
r[178]=-30488
r[179]=24381
r[180]=18305
r[181]=9890
r[182]=-30028
r[183]=23671
r[184]=22397
r[185]=9592
r[186]=-29043
r[187]=23677
r[188]=21121
r[189]=12242
r[190]=-27589
r[191]=23067
r[192]=19279
r[193]=7037
r[194]=-27893
r[195]=19190
r[196]=16679
r[197]=7295
r[198]=-29447
r[199]=17412
r[200]=19751
r[201]=6773
r[202]=-25634
r[203]=16653
r[204]=17555
r[205]=4667
r[206]=-26022
r[207]=18313
r[208]=15217
r[209]=7144
r[210]=-25529
r[211]=14659
r[212]=13415
r[213]=7324
r[214]=-25481
r[215]=18455
r[216]=17754
r[217]=7424
r[218]=-22803
r[219]=17558
r[220]=15990
r[221]=11088
r[222]=-24711
r[223]=15072
r[224]=21617
r[225]=9524
r[226]=-26944
r[227]=20930
r[228]=21759
r[229]=6570
r[230]=-24526
r[231]=19468
r[232]=20851
r[233]=6657
r[234]=-27070
r[235]=16983
r[236]=18337
r[237]=5897
r[238]=-27136
r[239]=17891
r[240]=16172
r[241]=4243
r[242]=-27827
r[243]=20539
r[244]=17744
r[245]=6759
r[246]=-24915
r[247]=19451
r[248]=20236
r[249]=4556
r[250]=-20304
r[251]=18732
r[252]=18732
r[253]=5762
r[254]=-24526
r[255]=19670
j 148 t 666j 149 t -1448k 103 zeta -1465 len 2 start 152
r[0]=12185
r[1]=8995
r[2]=13951
r[3]=8061
r[4]=14009
r[5]=8749
r[6]=13111
r[7]=8807
r[8]=13670
r[9]=9914
r[10]=15860
r[11]=8970
r[12]=14845
r[13]=6430
r[14]=14353
r[15]=6234
r[16]=13525
r[17]=10490
r[18]=13961
r[19]=9020
r[20]=15113
r[21]=10319
r[22]=17165
r[23]=10019
r[24]=16374
r[25]=10360
r[26]=20802
r[27]=8756
r[28]=16331
r[29]=4872
r[30]=15641
r[31]=6708
r[32]=19217
r[33]=7142
r[34]=18621
r[35]=8488
r[36]=15151
r[37]=12889
r[38]=15699
r[39]=9673
r[40]=21131
r[41]=11486
r[42]=21821
r[43]=9610
r[44]=18350
r[45]=8474
r[46]=19682
r[47]=6830
r[48]=17142
r[49]=8375
r[50]=14772
r[51]=6541
r[52]=14339
r[53]=9858
r[54]=12339
r[55]=10518
r[56]=16680
r[57]=10986
r[58]=17886
r[59]=7290
r[60]=15775
r[61]=11253
r[62]=15955
r[63]=10667
r[64]=16484
r[65]=18379
r[66]=15442
r[67]=17213
r[68]=16610
r[69]=19798
r[70]=18072
r[71]=16630
r[72]=13344
r[73]=15249
r[74]=15652
r[75]=12771
r[76]=13993
r[77]=14905
r[78]=16035
r[79]=14055
r[80]=15418
r[81]=11886
r[82]=16012
r[83]=11544
r[84]=16951
r[85]=12954
r[86]=17219
r[87]=9388
r[88]=17873
r[89]=13548
r[90]=16907
r[91]=14394
r[92]=17946
r[93]=11000
r[94]=19210
r[95]=11598
r[96]=17988
r[97]=8832
r[98]=16332
r[99]=9782
r[100]=12869
r[101]=12020
r[102]=15811
r[103]=13942
r[104]=18858
r[105]=10756
r[106]=20234
r[107]=8778
r[108]=17731
r[109]=9504
r[110]=17457
r[111]=7010
r[112]=13867
r[113]=12242
r[114]=15831
r[115]=9772
r[116]=13776
r[117]=12722
r[118]=14550
r[119]=11524
r[120]=19961
r[121]=10212
r[122]=16587
r[123]=10142
r[124]=15235
r[125]=8203
r[126]=18257
r[127]=7023
r[128]=20187
r[129]=3631
r[130]=23415
r[131]=4205
r[132]=18420
r[133]=7253
r[134]=22106
r[135]=4583
r[136]=21370
r[137]=6908
r[138]=22034
r[139]=5058
r[140]=19523
r[141]=9822
r[142]=19497
r[143]=7020
r[144]=18521
r[145]=11092
r[146]=20791
r[147]=9510
r[148]=18118
r[149]=8045
r[150]=16786
r[151]=10941
r[152]=22002
r[153]=8167
r[154]=-24373
r[155]=22355
r[156]=20918
r[157]=5551
r[158]=-23757
r[159]=19733
r[160]=19411
r[161]=10991
r[162]=-25364
r[163]=19654
r[164]=19849
r[165]=8765
r[166]=-27578
r[167]=21094
r[168]=18661
r[169]=7952
r[170]=-27730
r[171]=21288
r[172]=20063
r[173]=11272
r[174]=-25628
r[175]=21560
r[176]=20905
r[177]=11656
r[178]=-30488
r[179]=24381
r[180]=18305
r[181]=9890
r[182]=-30028
r[183]=23671
r[184]=22397
r[185]=9592
r[186]=-29043
r[187]=23677
r[188]=21121
r[189]=12242
r[190]=-27589
r[191]=23067
r[192]=19279
r[193]=7037
r[194]=-27893
r[195]=19190
r[196]=16679
r[197]=7295
r[198]=-29447
r[199]=17412
r[200]=19751
r[201]=6773
r[202]=-25634
r[203]=16653
r[204]=17555
r[205]=4667
r[206]=-26022
r[207]=18313
r[208]=15217
r[209]=7144
r[210]=-25529
r[211]=14659
r[212]=13415
r[213]=7324
r[214]=-25481
r[215]=18455
r[216]=17754
r[217]=7424
r[218]=-22803
r[219]=17558
r[220]=15990
r[221]=11088
r[222]=-24711
r[223]=15072
r[224]=21617
r[225]=9524
r[226]=-26944
r[227]=20930
r[228]=21759
r[229]=6570
r[230]=-24526
r[231]=19468
r[232]=20851
r[233]=6657
r[234]=-27070
r[235]=16983
r[236]=18337
r[237]=5897
r[238]=-27136
r[239]=17891
r[240]=16172
r[241]=4243
r[242]=-27827
r[243]=20539
r[244]=17744
r[245]=6759
r[246]=-24915
r[247]=19451
r[248]=20236
r[249]=4556
r[250]=-20304
r[251]=18732
r[252]=18732
r[253]=5762
r[254]=-24526
r[255]=19670
j 152 t 788j 153 t -565k 104 zeta 384 len 2 start 156
r[0]=12185
r[1]=8995
r[2]=13951
r[3]=8061
r[4]=14009
r[5]=8749
r[6]=13111
r[7]=8807
r[8]=13670
r[9]=9914
r[10]=15860
r[11]=8970
r[12]=14845
r[13]=6430
r[14]=14353
r[15]=6234
r[16]=13525
r[17]=10490
r[18]=13961
r[19]=9020
r[20]=15113
r[21]=10319
r[22]=17165
r[23]=10019
r[24]=16374
r[25]=10360
r[26]=20802
r[27]=8756
r[28]=16331
r[29]=4872
r[30]=15641
r[31]=6708
r[32]=19217
r[33]=7142
r[34]=18621
r[35]=8488
r[36]=15151
r[37]=12889
r[38]=15699
r[39]=9673
r[40]=21131
r[41]=11486
r[42]=21821
r[43]=9610
r[44]=18350
r[45]=8474
r[46]=19682
r[47]=6830
r[48]=17142
r[49]=8375
r[50]=14772
r[51]=6541
r[52]=14339
r[53]=9858
r[54]=12339
r[55]=10518
r[56]=16680
r[57]=10986
r[58]=17886
r[59]=7290
r[60]=15775
r[61]=11253
r[62]=15955
r[63]=10667
r[64]=16484
r[65]=18379
r[66]=15442
r[67]=17213
r[68]=16610
r[69]=19798
r[70]=18072
r[71]=16630
r[72]=13344
r[73]=15249
r[74]=15652
r[75]=12771
r[76]=13993
r[77]=14905
r[78]=16035
r[79]=14055
r[80]=15418
r[81]=11886
r[82]=16012
r[83]=11544
r[84]=16951
r[85]=12954
r[86]=17219
r[87]=9388
r[88]=17873
r[89]=13548
r[90]=16907
r[91]=14394
r[92]=17946
r[93]=11000
r[94]=19210
r[95]=11598
r[96]=17988
r[97]=8832
r[98]=16332
r[99]=9782
r[100]=12869
r[101]=12020
r[102]=15811
r[103]=13942
r[104]=18858
r[105]=10756
r[106]=20234
r[107]=8778
r[108]=17731
r[109]=9504
r[110]=17457
r[111]=7010
r[112]=13867
r[113]=12242
r[114]=15831
r[115]=9772
r[116]=13776
r[117]=12722
r[118]=14550
r[119]=11524
r[120]=19961
r[121]=10212
r[122]=16587
r[123]=10142
r[124]=15235
r[125]=8203
r[126]=18257
r[127]=7023
r[128]=20187
r[129]=3631
r[130]=23415
r[131]=4205
r[132]=18420
r[133]=7253
r[134]=22106
r[135]=4583
r[136]=21370
r[137]=6908
r[138]=22034
r[139]=5058
r[140]=19523
r[141]=9822
r[142]=19497
r[143]=7020
r[144]=18521
r[145]=11092
r[146]=20791
r[147]=9510
r[148]=18118
r[149]=8045
r[150]=16786
r[151]=10941
r[152]=22790
r[153]=7602
r[154]=21214
r[155]=8732
r[156]=20918
r[157]=5551
r[158]=-23757
r[159]=19733
r[160]=19411
r[161]=10991
r[162]=-25364
r[163]=19654
r[164]=19849
r[165]=8765
r[166]=-27578
r[167]=21094
r[168]=18661
r[169]=7952
r[170]=-27730
r[171]=21288
r[172]=20063
r[173]=11272
r[174]=-25628
r[175]=21560
r[176]=20905
r[177]=11656
r[178]=-30488
r[179]=24381
r[180]=18305
r[181]=9890
r[182]=-30028
r[183]=23671
r[184]=22397
r[185]=9592
r[186]=-29043
r[187]=23677
r[188]=21121
r[189]=12242
r[190]=-27589
r[191]=23067
r[192]=19279
r[193]=7037
r[194]=-27893
r[195]=19190
r[196]=16679
r[197]=7295
r[198]=-29447
r[199]=17412
r[200]=19751
r[201]=6773
r[202]=-25634
r[203]=16653
r[204]=17555
r[205]=4667
r[206]=-26022
r[207]=18313
r[208]=15217
r[209]=7144
r[210]=-25529
r[211]=14659
r[212]=13415
r[213]=7324
r[214]=-25481
r[215]=18455
r[216]=17754
r[217]=7424
r[218]=-22803
r[219]=17558
r[220]=15990
r[221]=11088
r[222]=-24711
r[223]=15072
r[224]=21617
r[225]=9524
r[226]=-26944
r[227]=20930
r[228]=21759
r[229]=6570
r[230]=-24526
r[231]=19468
r[232]=20851
r[233]=6657
r[234]=-27070
r[235]=16983
r[236]=18337
r[237]=5897
r[238]=-27136
r[239]=17891
r[240]=16172
r[241]=4243
r[242]=-27827
r[243]=20539
r[244]=17744
r[245]=6759
r[246]=-24915
r[247]=19451
r[248]=20236
r[249]=4556
r[250]=-20304
r[251]=18732
r[252]=18732
r[253]=5762
r[254]=-24526
r[255]=19670
j 156 t -1134j 157 t -294k 105 zeta -1215 len 2 start 160
r[0]=12185
r[1]=8995
r[2]=13951
r[3]=8061
r[4]=14009
r[5]=8749
r[6]=13111
r[7]=8807
r[8]=13670
r[9]=9914
r[10]=15860
r[11]=8970
r[12]=14845
r[13]=6430
r[14]=14353
r[15]=6234
r[16]=13525
r[17]=10490
r[18]=13961
r[19]=9020
r[20]=15113
r[21]=10319
r[22]=17165
r[23]=10019
r[24]=16374
r[25]=10360
r[26]=20802
r[27]=8756
r[28]=16331
r[29]=4872
r[30]=15641
r[31]=6708
r[32]=19217
r[33]=7142
r[34]=18621
r[35]=8488
r[36]=15151
r[37]=12889
r[38]=15699
r[39]=9673
r[40]=21131
r[41]=11486
r[42]=21821
r[43]=9610
r[44]=18350
r[45]=8474
r[46]=19682
r[47]=6830
r[48]=17142
r[49]=8375
r[50]=14772
r[51]=6541
r[52]=14339
r[53]=9858
r[54]=12339
r[55]=10518
r[56]=16680
r[57]=10986
r[58]=17886
r[59]=7290
r[60]=15775
r[61]=11253
r[62]=15955
r[63]=10667
r[64]=16484
r[65]=18379
r[66]=15442
r[67]=17213
r[68]=16610
r[69]=19798
r[70]=18072
r[71]=16630
r[72]=13344
r[73]=15249
r[74]=15652
r[75]=12771
r[76]=13993
r[77]=14905
r[78]=16035
r[79]=14055
r[80]=15418
r[81]=11886
r[82]=16012
r[83]=11544
r[84]=16951
r[85]=12954
r[86]=17219
r[87]=9388
r[88]=17873
r[89]=13548
r[90]=16907
r[91]=14394
r[92]=17946
r[93]=11000
r[94]=19210
r[95]=11598
r[96]=17988
r[97]=8832
r[98]=16332
r[99]=9782
r[100]=12869
r[101]=12020
r[102]=15811
r[103]=13942
r[104]=18858
r[105]=10756
r[106]=20234
r[107]=8778
r[108]=17731
r[109]=9504
r[110]=17457
r[111]=7010
r[112]=13867
r[113]=12242
r[114]=15831
r[115]=9772
r[116]=13776
r[117]=12722
r[118]=14550
r[119]=11524
r[120]=19961
r[121]=10212
r[122]=16587
r[123]=10142
r[124]=15235
r[125]=8203
r[126]=18257
r[127]=7023
r[128]=20187
r[129]=3631
r[130]=23415
r[131]=4205
r[132]=18420
r[133]=7253
r[134]=22106
r[135]=4583
r[136]=21370
r[137]=6908
r[138]=22034
r[139]=5058
r[140]=19523
r[141]=9822
r[142]=19497
r[143]=7020
r[144]=18521
r[145]=11092
r[146]=20791
r[147]=9510
r[148]=18118
r[149]=8045
r[150]=16786
r[151]=10941
r[152]=22790
r[153]=7602
r[154]=21214
r[155]=8732
r[156]=19784
r[157]=5257
r[158]=22052
r[159]=5845
r[160]=19411
r[161]=10991
r[162]=-25364
r[163]=19654
r[164]=19849
r[165]=8765
r[166]=-27578
r[167]=21094
r[168]=18661
r[169]=7952
r[170]=-27730
r[171]=21288
r[172]=20063
r[173]=11272
r[174]=-25628
r[175]=21560
r[176]=20905
r[177]=11656
r[178]=-30488
r[179]=24381
r[180]=18305
r[181]=9890
r[182]=-30028
r[183]=23671
r[184]=22397
r[185]=9592
r[186]=-29043
r[187]=23677
r[188]=21121
r[189]=12242
r[190]=-27589
r[191]=23067
r[192]=19279
r[193]=7037
r[194]=-27893
r[195]=19190
r[196]=16679
r[197]=7295
r[198]=-29447
r[199]=17412
r[200]=19751
r[201]=6773
r[202]=-25634
r[203]=16653
r[204]=17555
r[205]=4667
r[206]=-26022
r[207]=18313
r[208]=15217
r[209]=7144
r[210]=-25529
r[211]=14659
r[212]=13415
r[213]=7324
r[214]=-25481
r[215]=18455
r[216]=17754
r[217]=7424
r[218]=-22803
r[219]=17558
r[220]=15990
r[221]=11088
r[222]=-24711
r[223]=15072
r[224]=21617
r[225]=9524
r[226]=-26944
r[227]=20930
r[228]=21759
r[229]=6570
r[230]=-24526
r[231]=19468
r[232]=20851
r[233]=6657
r[234]=-27070
r[235]=16983
r[236]=18337
r[237]=5897
r[238]=-27136
r[239]=17891
r[240]=16172
r[241]=4243
r[242]=-27827
r[243]=20539
r[244]=17744
r[245]=6759
r[246]=-24915
r[247]=19451
r[248]=20236
r[249]=4556
r[250]=-20304
r[251]=18732
r[252]=18732
r[253]=5762
r[254]=-24526
r[255]=19670
j 160 t -361j 161 t -602k 106 zeta -136 len 2 start 164
r[0]=12185
r[1]=8995
r[2]=13951
r[3]=8061
r[4]=14009
r[5]=8749
r[6]=13111
r[7]=8807
r[8]=13670
r[9]=9914
r[10]=15860
r[11]=8970
r[12]=14845
r[13]=6430
r[14]=14353
r[15]=6234
r[16]=13525
r[17]=10490
r[18]=13961
r[19]=9020
r[20]=15113
r[21]=10319
r[22]=17165
r[23]=10019
r[24]=16374
r[25]=10360
r[26]=20802
r[27]=8756
r[28]=16331
r[29]=4872
r[30]=15641
r[31]=6708
r[32]=19217
r[33]=7142
r[34]=18621
r[35]=8488
r[36]=15151
r[37]=12889
r[38]=15699
r[39]=9673
r[40]=21131
r[41]=11486
r[42]=21821
r[43]=9610
r[44]=18350
r[45]=8474
r[46]=19682
r[47]=6830
r[48]=17142
r[49]=8375
r[50]=14772
r[51]=6541
r[52]=14339
r[53]=9858
r[54]=12339
r[55]=10518
r[56]=16680
r[57]=10986
r[58]=17886
r[59]=7290
r[60]=15775
r[61]=11253
r[62]=15955
r[63]=10667
r[64]=16484
r[65]=18379
r[66]=15442
r[67]=17213
r[68]=16610
r[69]=19798
r[70]=18072
r[71]=16630
r[72]=13344
r[73]=15249
r[74]=15652
r[75]=12771
r[76]=13993
r[77]=14905
r[78]=16035
r[79]=14055
r[80]=15418
r[81]=11886
r[82]=16012
r[83]=11544
r[84]=16951
r[85]=12954
r[86]=17219
r[87]=9388
r[88]=17873
r[89]=13548
r[90]=16907
r[91]=14394
r[92]=17946
r[93]=11000
r[94]=19210
r[95]=11598
r[96]=17988
r[97]=8832
r[98]=16332
r[99]=9782
r[100]=12869
r[101]=12020
r[102]=15811
r[103]=13942
r[104]=18858
r[105]=10756
r[106]=20234
r[107]=8778
r[108]=17731
r[109]=9504
r[110]=17457
r[111]=7010
r[112]=13867
r[113]=12242
r[114]=15831
r[115]=9772
r[116]=13776
r[117]=12722
r[118]=14550
r[119]=11524
r[120]=19961
r[121]=10212
r[122]=16587
r[123]=10142
r[124]=15235
r[125]=8203
r[126]=18257
r[127]=7023
r[128]=20187
r[129]=3631
r[130]=23415
r[131]=4205
r[132]=18420
r[133]=7253
r[134]=22106
r[135]=4583
r[136]=21370
r[137]=6908
r[138]=22034
r[139]=5058
r[140]=19523
r[141]=9822
r[142]=19497
r[143]=7020
r[144]=18521
r[145]=11092
r[146]=20791
r[147]=9510
r[148]=18118
r[149]=8045
r[150]=16786
r[151]=10941
r[152]=22790
r[153]=7602
r[154]=21214
r[155]=8732
r[156]=19784
r[157]=5257
r[158]=22052
r[159]=5845
r[160]=19050
r[161]=10389
r[162]=19772
r[163]=11593
r[164]=19849
r[165]=8765
r[166]=-27578
r[167]=21094
r[168]=18661
r[169]=7952
r[170]=-27730
r[171]=21288
r[172]=20063
r[173]=11272
r[174]=-25628
r[175]=21560
r[176]=20905
r[177]=11656
r[178]=-30488
r[179]=24381
r[180]=18305
r[181]=9890
r[182]=-30028
r[183]=23671
r[184]=22397
r[185]=9592
r[186]=-29043
r[187]=23677
r[188]=21121
r[189]=12242
r[190]=-27589
r[191]=23067
r[192]=19279
r[193]=7037
r[194]=-27893
r[195]=19190
r[196]=16679
r[197]=7295
r[198]=-29447
r[199]=17412
r[200]=19751
r[201]=6773
r[202]=-25634
r[203]=16653
r[204]=17555
r[205]=4667
r[206]=-26022
r[207]=18313
r[208]=15217
r[209]=7144
r[210]=-25529
r[211]=14659
r[212]=13415
r[213]=7324
r[214]=-25481
r[215]=18455
r[216]=17754
r[217]=7424
r[218]=-22803
r[219]=17558
r[220]=15990
r[221]=11088
r[222]=-24711
r[223]=15072
r[224]=21617
r[225]=9524
r[226]=-26944
r[227]=20930
r[228]=21759
r[229]=6570
r[230]=-24526
r[231]=19468
r[232]=20851
r[233]=6657
r[234]=-27070
r[235]=16983
r[236]=18337
r[237]=5897
r[238]=-27136
r[239]=17891
r[240]=16172
r[241]=4243
r[242]=-27827
r[243]=20539
r[244]=17744
r[245]=6759
r[246]=-24915
r[247]=19451
r[248]=20236
r[249]=4556
r[250]=-20304
r[251]=18732
r[252]=18732
r[253]=5762
r[254]=-24526
r[255]=19670
j 164 t 1165j 165 t 1077k 107 zeta 1218 len 2 start 168
r[0]=12185
r[1]=8995
r[2]=13951
r[3]=8061
r[4]=14009
r[5]=8749
r[6]=13111
r[7]=8807
r[8]=13670
r[9]=9914
r[10]=15860
r[11]=8970
r[12]=14845
r[13]=6430
r[14]=14353
r[15]=6234
r[16]=13525
r[17]=10490
r[18]=13961
r[19]=9020
r[20]=15113
r[21]=10319
r[22]=17165
r[23]=10019
r[24]=16374
r[25]=10360
r[26]=20802
r[27]=8756
r[28]=16331
r[29]=4872
r[30]=15641
r[31]=6708
r[32]=19217
r[33]=7142
r[34]=18621
r[35]=8488
r[36]=15151
r[37]=12889
r[38]=15699
r[39]=9673
r[40]=21131
r[41]=11486
r[42]=21821
r[43]=9610
r[44]=18350
r[45]=8474
r[46]=19682
r[47]=6830
r[48]=17142
r[49]=8375
r[50]=14772
r[51]=6541
r[52]=14339
r[53]=9858
r[54]=12339
r[55]=10518
r[56]=16680
r[57]=10986
r[58]=17886
r[59]=7290
r[60]=15775
r[61]=11253
r[62]=15955
r[63]=10667
r[64]=16484
r[65]=18379
r[66]=15442
r[67]=17213
r[68]=16610
r[69]=19798
r[70]=18072
r[71]=16630
r[72]=13344
r[73]=15249
r[74]=15652
r[75]=12771
r[76]=13993
r[77]=14905
r[78]=16035
r[79]=14055
r[80]=15418
r[81]=11886
r[82]=16012
r[83]=11544
r[84]=16951
r[85]=12954
r[86]=17219
r[87]=9388
r[88]=17873
r[89]=13548
r[90]=16907
r[91]=14394
r[92]=17946
r[93]=11000
r[94]=19210
r[95]=11598
r[96]=17988
r[97]=8832
r[98]=16332
r[99]=9782
r[100]=12869
r[101]=12020
r[102]=15811
r[103]=13942
r[104]=18858
r[105]=10756
r[106]=20234
r[107]=8778
r[108]=17731
r[109]=9504
r[110]=17457
r[111]=7010
r[112]=13867
r[113]=12242
r[114]=15831
r[115]=9772
r[116]=13776
r[117]=12722
r[118]=14550
r[119]=11524
r[120]=19961
r[121]=10212
r[122]=16587
r[123]=10142
r[124]=15235
r[125]=8203
r[126]=18257
r[127]=7023
r[128]=20187
r[129]=3631
r[130]=23415
r[131]=4205
r[132]=18420
r[133]=7253
r[134]=22106
r[135]=4583
r[136]=21370
r[137]=6908
r[138]=22034
r[139]=5058
r[140]=19523
r[141]=9822
r[142]=19497
r[143]=7020
r[144]=18521
r[145]=11092
r[146]=20791
r[147]=9510
r[148]=18118
r[149]=8045
r[150]=16786
r[151]=10941
r[152]=22790
r[153]=7602
r[154]=21214
r[155]=8732
r[156]=19784
r[157]=5257
r[158]=22052
r[159]=5845
r[160]=19050
r[161]=10389
r[162]=19772
r[163]=11593
r[164]=21014
r[165]=9842
r[166]=18684
r[167]=7688
r[168]=18661
r[169]=7952
r[170]=-27730
r[171]=21288
r[172]=20063
r[173]=11272
r[174]=-25628
r[175]=21560
r[176]=20905
r[177]=11656
r[178]=-30488
r[179]=24381
r[180]=18305
r[181]=9890
r[182]=-30028
r[183]=23671
r[184]=22397
r[185]=9592
r[186]=-29043
r[187]=23677
r[188]=21121
r[189]=12242
r[190]=-27589
r[191]=23067
r[192]=19279
r[193]=7037
r[194]=-27893
r[195]=19190
r[196]=16679
r[197]=7295
r[198]=-29447
r[199]=17412
r[200]=19751
r[201]=6773
r[202]=-25634
r[203]=16653
r[204]=17555
r[205]=4667
r[206]=-26022
r[207]=18313
r[208]=15217
r[209]=7144
r[210]=-25529
r[211]=14659
r[212]=13415
r[213]=7324
r[214]=-25481
r[215]=18455
r[216]=17754
r[217]=7424
r[218]=-22803
r[219]=17558
r[220]=15990
r[221]=11088
r[222]=-24711
r[223]=15072
r[224]=21617
r[225]=9524
r[226]=-26944
r[227]=20930
r[228]=21759
r[229]=6570
r[230]=-24526
r[231]=19468
r[232]=20851
r[233]=6657
r[234]=-27070
r[235]=16983
r[236]=18337
r[237]=5897
r[238]=-27136
r[239]=17891
r[240]=16172
r[241]=4243
r[242]=-27827
r[243]=20539
r[244]=17744
r[245]=6759
r[246]=-24915
r[247]=19451
r[248]=20236
r[249]=4556
r[250]=-20304
r[251]=18732
r[252]=18732
r[253]=5762
r[254]=-24526
r[255]=19670
j 168 t -2048j 169 t 1796k 108 zeta -1335 len 2 start 172
r[0]=12185
r[1]=8995
r[2]=13951
r[3]=8061
r[4]=14009
r[5]=8749
r[6]=13111
r[7]=8807
r[8]=13670
r[9]=9914
r[10]=15860
r[11]=8970
r[12]=14845
r[13]=6430
r[14]=14353
r[15]=6234
r[16]=13525
r[17]=10490
r[18]=13961
r[19]=9020
r[20]=15113
r[21]=10319
r[22]=17165
r[23]=10019
r[24]=16374
r[25]=10360
r[26]=20802
r[27]=8756
r[28]=16331
r[29]=4872
r[30]=15641
r[31]=6708
r[32]=19217
r[33]=7142
r[34]=18621
r[35]=8488
r[36]=15151
r[37]=12889
r[38]=15699
r[39]=9673
r[40]=21131
r[41]=11486
r[42]=21821
r[43]=9610
r[44]=18350
r[45]=8474
r[46]=19682
r[47]=6830
r[48]=17142
r[49]=8375
r[50]=14772
r[51]=6541
r[52]=14339
r[53]=9858
r[54]=12339
r[55]=10518
r[56]=16680
r[57]=10986
r[58]=17886
r[59]=7290
r[60]=15775
r[61]=11253
r[62]=15955
r[63]=10667
r[64]=16484
r[65]=18379
r[66]=15442
r[67]=17213
r[68]=16610
r[69]=19798
r[70]=18072
r[71]=16630
r[72]=13344
r[73]=15249
r[74]=15652
r[75]=12771
r[76]=13993
r[77]=14905
r[78]=16035
r[79]=14055
r[80]=15418
r[81]=11886
r[82]=16012
r[83]=11544
r[84]=16951
r[85]=12954
r[86]=17219
r[87]=9388
r[88]=17873
r[89]=13548
r[90]=16907
r[91]=14394
r[92]=17946
r[93]=11000
r[94]=19210
r[95]=11598
r[96]=17988
r[97]=8832
r[98]=16332
r[99]=9782
r[100]=12869
r[101]=12020
r[102]=15811
r[103]=13942
r[104]=18858
r[105]=10756
r[106]=20234
r[107]=8778
r[108]=17731
r[109]=9504
r[110]=17457
r[111]=7010
r[112]=13867
r[113]=12242
r[114]=15831
r[115]=9772
r[116]=13776
r[117]=12722
r[118]=14550
r[119]=11524
r[120]=19961
r[121]=10212
r[122]=16587
r[123]=10142
r[124]=15235
r[125]=8203
r[126]=18257
r[127]=7023
r[128]=20187
r[129]=3631
r[130]=23415
r[131]=4205
r[132]=18420
r[133]=7253
r[134]=22106
r[135]=4583
r[136]=21370
r[137]=6908
r[138]=22034
r[139]=5058
r[140]=19523
r[141]=9822
r[142]=19497
r[143]=7020
r[144]=18521
r[145]=11092
r[146]=20791
r[147]=9510
r[148]=18118
r[149]=8045
r[150]=16786
r[151]=10941
r[152]=22790
r[153]=7602
r[154]=21214
r[155]=8732
r[156]=19784
r[157]=5257
r[158]=22052
r[159]=5845
r[160]=19050
r[161]=10389
r[162]=19772
r[163]=11593
r[164]=21014
r[165]=9842
r[166]=18684
r[167]=7688
r[168]=16613
r[169]=9748
r[170]=20709
r[171]=6156
r[172]=20063
r[173]=11272
r[174]=-25628
r[175]=21560
r[176]=20905
r[177]=11656
r[178]=-30488
r[179]=24381
r[180]=18305
r[181]=9890
r[182]=-30028
r[183]=23671
r[184]=22397
r[185]=9592
r[186]=-29043
r[187]=23677
r[188]=21121
r[189]=12242
r[190]=-27589
r[191]=23067
r[192]=19279
r[193]=7037
r[194]=-27893
r[195]=19190
r[196]=16679
r[197]=7295
r[198]=-29447
r[199]=17412
r[200]=19751
r[201]=6773
r[202]=-25634
r[203]=16653
r[204]=17555
r[205]=4667
r[206]=-26022
r[207]=18313
r[208]=15217
r[209]=7144
r[210]=-25529
r[211]=14659
r[212]=13415
r[213]=7324
r[214]=-25481
r[215]=18455
r[216]=17754
r[217]=7424
r[218]=-22803
r[219]=17558
r[220]=15990
r[221]=11088
r[222]=-24711
r[223]=15072
r[224]=21617
r[225]=9524
r[226]=-26944
r[227]=20930
r[228]=21759
r[229]=6570
r[230]=-24526
r[231]=19468
r[232]=20851
r[233]=6657
r[234]=-27070
r[235]=16983
r[236]=18337
r[237]=5897
r[238]=-27136
r[239]=17891
r[240]=16172
r[241]=4243
r[242]=-27827
r[243]=20539
r[244]=17744
r[245]=6759
r[246]=-24915
r[247]=19451
r[248]=20236
r[249]=4556
r[250]=-20304
r[251]=18732
r[252]=18732
r[253]=5762
r[254]=-24526
r[255]=19670
j 172 t 1016j 173 t -1167k 109 zeta -874 len 2 start 176
r[0]=12185
r[1]=8995
r[2]=13951
r[3]=8061
r[4]=14009
r[5]=8749
r[6]=13111
r[7]=8807
r[8]=13670
r[9]=9914
r[10]=15860
r[11]=8970
r[12]=14845
r[13]=6430
r[14]=14353
r[15]=6234
r[16]=13525
r[17]=10490
r[18]=13961
r[19]=9020
r[20]=15113
r[21]=10319
r[22]=17165
r[23]=10019
r[24]=16374
r[25]=10360
r[26]=20802
r[27]=8756
r[28]=16331
r[29]=4872
r[30]=15641
r[31]=6708
r[32]=19217
r[33]=7142
r[34]=18621
r[35]=8488
r[36]=15151
r[37]=12889
r[38]=15699
r[39]=9673
r[40]=21131
r[41]=11486
r[42]=21821
r[43]=9610
r[44]=18350
r[45]=8474
r[46]=19682
r[47]=6830
r[48]=17142
r[49]=8375
r[50]=14772
r[51]=6541
r[52]=14339
r[53]=9858
r[54]=12339
r[55]=10518
r[56]=16680
r[57]=10986
r[58]=17886
r[59]=7290
r[60]=15775
r[61]=11253
r[62]=15955
r[63]=10667
r[64]=16484
r[65]=18379
r[66]=15442
r[67]=17213
r[68]=16610
r[69]=19798
r[70]=18072
r[71]=16630
r[72]=13344
r[73]=15249
r[74]=15652
r[75]=12771
r[76]=13993
r[77]=14905
r[78]=16035
r[79]=14055
r[80]=15418
r[81]=11886
r[82]=16012
r[83]=11544
r[84]=16951
r[85]=12954
r[86]=17219
r[87]=9388
r[88]=17873
r[89]=13548
r[90]=16907
r[91]=14394
r[92]=17946
r[93]=11000
r[94]=19210
r[95]=11598
r[96]=17988
r[97]=8832
r[98]=16332
r[99]=9782
r[100]=12869
r[101]=12020
r[102]=15811
r[103]=13942
r[104]=18858
r[105]=10756
r[106]=20234
r[107]=8778
r[108]=17731
r[109]=9504
r[110]=17457
r[111]=7010
r[112]=13867
r[113]=12242
r[114]=15831
r[115]=9772
r[116]=13776
r[117]=12722
r[118]=14550
r[119]=11524
r[120]=19961
r[121]=10212
r[122]=16587
r[123]=10142
r[124]=15235
r[125]=8203
r[126]=18257
r[127]=7023
r[128]=20187
r[129]=3631
r[130]=23415
r[131]=4205
r[132]=18420
r[133]=7253
r[134]=22106
r[135]=4583
r[136]=21370
r[137]=6908
r[138]=22034
r[139]=5058
r[140]=19523
r[141]=9822
r[142]=19497
r[143]=7020
r[144]=18521
r[145]=11092
r[146]=20791
r[147]=9510
r[148]=18118
r[149]=8045
r[150]=16786
r[151]=10941
r[152]=22790
r[153]=7602
r[154]=21214
r[155]=8732
r[156]=19784
r[157]=5257
r[158]=22052
r[159]=5845
r[160]=19050
r[161]=10389
r[162]=19772
r[163]=11593
r[164]=21014
r[165]=9842
r[166]=18684
r[167]=7688
r[168]=16613
r[169]=9748
r[170]=20709
r[171]=6156
r[172]=21079
r[173]=10105
r[174]=19047
r[175]=12439
r[176]=20905
r[177]=11656
r[178]=-30488
r[179]=24381
r[180]=18305
r[181]=9890
r[182]=-30028
r[183]=23671
r[184]=22397
r[185]=9592
r[186]=-29043
r[187]=23677
r[188]=21121
r[189]=12242
r[190]=-27589
r[191]=23067
r[192]=19279
r[193]=7037
r[194]=-27893
r[195]=19190
r[196]=16679
r[197]=7295
r[198]=-29447
r[199]=17412
r[200]=19751
r[201]=6773
r[202]=-25634
r[203]=16653
r[204]=17555
r[205]=4667
r[206]=-26022
r[207]=18313
r[208]=15217
r[209]=7144
r[210]=-25529
r[211]=14659
r[212]=13415
r[213]=7324
r[214]=-25481
r[215]=18455
r[216]=17754
r[217]=7424
r[218]=-22803
r[219]=17558
r[220]=15990
r[221]=11088
r[222]=-24711
r[223]=15072
r[224]=21617
r[225]=9524
r[226]=-26944
r[227]=20930
r[228]=21759
r[229]=6570
r[230]=-24526
r[231]=19468
r[232]=20851
r[233]=6657
r[234]=-27070
r[235]=16983
r[236]=18337
r[237]=5897
r[238]=-27136
r[239]=17891
r[240]=16172
r[241]=4243
r[242]=-27827
r[243]=20539
r[244]=17744
r[245]=6759
r[246]=-24915
r[247]=19451
r[248]=20236
r[249]=4556
r[250]=-20304
r[251]=18732
r[252]=18732
r[253]=5762
r[254]=-24526
r[255]=19670
j 176 t -945j 177 t -998k 110 zeta 220 len 2 start 180
r[0]=12185
r[1]=8995
r[2]=13951
r[3]=8061
r[4]=14009
r[5]=8749
r[6]=13111
r[7]=8807
r[8]=13670
r[9]=9914
r[10]=15860
r[11]=8970
r[12]=14845
r[13]=6430
r[14]=14353
r[15]=6234
r[16]=13525
r[17]=10490
r[18]=13961
r[19]=9020
r[20]=15113
r[21]=10319
r[22]=17165
r[23]=10019
r[24]=16374
r[25]=10360
r[26]=20802
r[27]=8756
r[28]=16331
r[29]=4872
r[30]=15641
r[31]=6708
r[32]=19217
r[33]=7142
r[34]=18621
r[35]=8488
r[36]=15151
r[37]=12889
r[38]=15699
r[39]=9673
r[40]=21131
r[41]=11486
r[42]=21821
r[43]=9610
r[44]=18350
r[45]=8474
r[46]=19682
r[47]=6830
r[48]=17142
r[49]=8375
r[50]=14772
r[51]=6541
r[52]=14339
r[53]=9858
r[54]=12339
r[55]=10518
r[56]=16680
r[57]=10986
r[58]=17886
r[59]=7290
r[60]=15775
r[61]=11253
r[62]=15955
r[63]=10667
r[64]=16484
r[65]=18379
r[66]=15442
r[67]=17213
r[68]=16610
r[69]=19798
r[70]=18072
r[71]=16630
r[72]=13344
r[73]=15249
r[74]=15652
r[75]=12771
r[76]=13993
r[77]=14905
r[78]=16035
r[79]=14055
r[80]=15418
r[81]=11886
r[82]=16012
r[83]=11544
r[84]=16951
r[85]=12954
r[86]=17219
r[87]=9388
r[88]=17873
r[89]=13548
r[90]=16907
r[91]=14394
r[92]=17946
r[93]=11000
r[94]=19210
r[95]=11598
r[96]=17988
r[97]=8832
r[98]=16332
r[99]=9782
r[100]=12869
r[101]=12020
r[102]=15811
r[103]=13942
r[104]=18858
r[105]=10756
r[106]=20234
r[107]=8778
r[108]=17731
r[109]=9504
r[110]=17457
r[111]=7010
r[112]=13867
r[113]=12242
r[114]=15831
r[115]=9772
r[116]=13776
r[117]=12722
r[118]=14550
r[119]=11524
r[120]=19961
r[121]=10212
r[122]=16587
r[123]=10142
r[124]=15235
r[125]=8203
r[126]=18257
r[127]=7023
r[128]=20187
r[129]=3631
r[130]=23415
r[131]=4205
r[132]=18420
r[133]=7253
r[134]=22106
r[135]=4583
r[136]=21370
r[137]=6908
r[138]=22034
r[139]=5058
r[140]=19523
r[141]=9822
r[142]=19497
r[143]=7020
r[144]=18521
r[145]=11092
r[146]=20791
r[147]=9510
r[148]=18118
r[149]=8045
r[150]=16786
r[151]=10941
r[152]=22790
r[153]=7602
r[154]=21214
r[155]=8732
r[156]=19784
r[157]=5257
r[158]=22052
r[159]=5845
r[160]=19050
r[161]=10389
r[162]=19772
r[163]=11593
r[164]=21014
r[165]=9842
r[166]=18684
r[167]=7688
r[168]=16613
r[169]=9748
r[170]=20709
r[171]=6156
r[172]=21079
r[173]=10105
r[174]=19047
r[175]=12439
r[176]=19960
r[177]=10658
r[178]=21850
r[179]=12654
r[180]=18305
r[181]=9890
r[182]=-30028
r[183]=23671
r[184]=22397
r[185]=9592
r[186]=-29043
r[187]=23677
r[188]=21121
r[189]=12242
r[190]=-27589
r[191]=23067
r[192]=19279
r[193]=7037
r[194]=-27893
r[195]=19190
r[196]=16679
r[197]=7295
r[198]=-29447
r[199]=17412
r[200]=19751
r[201]=6773
r[202]=-25634
r[203]=16653
r[204]=17555
r[205]=4667
r[206]=-26022
r[207]=18313
r[208]=15217
r[209]=7144
r[210]=-25529
r[211]=14659
r[212]=13415
r[213]=7324
r[214]=-25481
r[215]=18455
r[216]=17754
r[217]=7424
r[218]=-22803
r[219]=17558
r[220]=15990
r[221]=11088
r[222]=-24711
r[223]=15072
r[224]=21617
r[225]=9524
r[226]=-26944
r[227]=20930
r[228]=21759
r[229]=6570
r[230]=-24526
r[231]=19468
r[232]=20851
r[233]=6657
r[234]=-27070
r[235]=16983
r[236]=18337
r[237]=5897
r[238]=-27136
r[239]=17891
r[240]=16172
r[241]=4243
r[242]=-27827
r[243]=20539
r[244]=17744
r[245]=6759
r[246]=-24915
r[247]=19451
r[248]=20236
r[249]=4556
r[250]=-20304
r[251]=18732
r[252]=18732
r[253]=5762
r[254]=-24526
r[255]=19670
j 180 t -968j 181 t 50k 111 zeta -1187 len 2 start 184
r[0]=12185
r[1]=8995
r[2]=13951
r[3]=8061
r[4]=14009
r[5]=8749
r[6]=13111
r[7]=8807
r[8]=13670
r[9]=9914
r[10]=15860
r[11]=8970
r[12]=14845
r[13]=6430
r[14]=14353
r[15]=6234
r[16]=13525
r[17]=10490
r[18]=13961
r[19]=9020
r[20]=15113
r[21]=10319
r[22]=17165
r[23]=10019
r[24]=16374
r[25]=10360
r[26]=20802
r[27]=8756
r[28]=16331
r[29]=4872
r[30]=15641
r[31]=6708
r[32]=19217
r[33]=7142
r[34]=18621
r[35]=8488
r[36]=15151
r[37]=12889
r[38]=15699
r[39]=9673
r[40]=21131
r[41]=11486
r[42]=21821
r[43]=9610
r[44]=18350
r[45]=8474
r[46]=19682
r[47]=6830
r[48]=17142
r[49]=8375
r[50]=14772
r[51]=6541
r[52]=14339
r[53]=9858
r[54]=12339
r[55]=10518
r[56]=16680
r[57]=10986
r[58]=17886
r[59]=7290
r[60]=15775
r[61]=11253
r[62]=15955
r[63]=10667
r[64]=16484
r[65]=18379
r[66]=15442
r[67]=17213
r[68]=16610
r[69]=19798
r[70]=18072
r[71]=16630
r[72]=13344
r[73]=15249
r[74]=15652
r[75]=12771
r[76]=13993
r[77]=14905
r[78]=16035
r[79]=14055
r[80]=15418
r[81]=11886
r[82]=16012
r[83]=11544
r[84]=16951
r[85]=12954
r[86]=17219
r[87]=9388
r[88]=17873
r[89]=13548
r[90]=16907
r[91]=14394
r[92]=17946
r[93]=11000
r[94]=19210
r[95]=11598
r[96]=17988
r[97]=8832
r[98]=16332
r[99]=9782
r[100]=12869
r[101]=12020
r[102]=15811
r[103]=13942
r[104]=18858
r[105]=10756
r[106]=20234
r[107]=8778
r[108]=17731
r[109]=9504
r[110]=17457
r[111]=7010
r[112]=13867
r[113]=12242
r[114]=15831
r[115]=9772
r[116]=13776
r[117]=12722
r[118]=14550
r[119]=11524
r[120]=19961
r[121]=10212
r[122]=16587
r[123]=10142
r[124]=15235
r[125]=8203
r[126]=18257
r[127]=7023
r[128]=20187
r[129]=3631
r[130]=23415
r[131]=4205
r[132]=18420
r[133]=7253
r[134]=22106
r[135]=4583
r[136]=21370
r[137]=6908
r[138]=22034
r[139]=5058
r[140]=19523
r[141]=9822
r[142]=19497
r[143]=7020
r[144]=18521
r[145]=11092
r[146]=20791
r[147]=9510
r[148]=18118
r[149]=8045
r[150]=16786
r[151]=10941
r[152]=22790
r[153]=7602
r[154]=21214
r[155]=8732
r[156]=19784
r[157]=5257
r[158]=22052
r[159]=5845
r[160]=19050
r[161]=10389
r[162]=19772
r[163]=11593
r[164]=21014
r[165]=9842
r[166]=18684
r[167]=7688
r[168]=16613
r[169]=9748
r[170]=20709
r[171]=6156
r[172]=21079
r[173]=10105
r[174]=19047
r[175]=12439
r[176]=19960
r[177]=10658
r[178]=21850
r[179]=12654
r[180]=17337
r[181]=9940
r[182]=19273
r[183]=9840
r[184]=22397
r[185]=9592
r[186]=-29043
r[187]=23677
r[188]=21121
r[189]=12242
r[190]=-27589
r[191]=23067
r[192]=19279
r[193]=7037
r[194]=-27893
r[195]=19190
r[196]=16679
r[197]=7295
r[198]=-29447
r[199]=17412
r[200]=19751
r[201]=6773
r[202]=-25634
r[203]=16653
r[204]=17555
r[205]=4667
r[206]=-26022
r[207]=18313
r[208]=15217
r[209]=7144
r[210]=-25529
r[211]=14659
r[212]=13415
r[213]=7324
r[214]=-25481
r[215]=18455
r[216]=17754
r[217]=7424
r[218]=-22803
r[219]=17558
r[220]=15990
r[221]=11088
r[222]=-24711
r[223]=15072
r[224]=21617
r[225]=9524
r[226]=-26944
r[227]=20930
r[228]=21759
r[229]=6570
r[230]=-24526
r[231]=19468
r[232]=20851
r[233]=6657
r[234]=-27070
r[235]=16983
r[236]=18337
r[237]=5897
r[238]=-27136
r[239]=17891
r[240]=16172
r[241]=4243
r[242]=-27827
r[243]=20539
r[244]=17744
r[245]=6759
r[246]=-24915
r[247]=19451
r[248]=20236
r[249]=4556
r[250]=-20304
r[251]=18732
r[252]=18732
r[253]=5762
r[254]=-24526
r[255]=19670
j 184 t 68j 185 t 151k 112 zeta -1659 len 2 start 188
r[0]=12185
r[1]=8995
r[2]=13951
r[3]=8061
r[4]=14009
r[5]=8749
r[6]=13111
r[7]=8807
r[8]=13670
r[9]=9914
r[10]=15860
r[11]=8970
r[12]=14845
r[13]=6430
r[14]=14353
r[15]=6234
r[16]=13525
r[17]=10490
r[18]=13961
r[19]=9020
r[20]=15113
r[21]=10319
r[22]=17165
r[23]=10019
r[24]=16374
r[25]=10360
r[26]=20802
r[27]=8756
r[28]=16331
r[29]=4872
r[30]=15641
r[31]=6708
r[32]=19217
r[33]=7142
r[34]=18621
r[35]=8488
r[36]=15151
r[37]=12889
r[38]=15699
r[39]=9673
r[40]=21131
r[41]=11486
r[42]=21821
r[43]=9610
r[44]=18350
r[45]=8474
r[46]=19682
r[47]=6830
r[48]=17142
r[49]=8375
r[50]=14772
r[51]=6541
r[52]=14339
r[53]=9858
r[54]=12339
r[55]=10518
r[56]=16680
r[57]=10986
r[58]=17886
r[59]=7290
r[60]=15775
r[61]=11253
r[62]=15955
r[63]=10667
r[64]=16484
r[65]=18379
r[66]=15442
r[67]=17213
r[68]=16610
r[69]=19798
r[70]=18072
r[71]=16630
r[72]=13344
r[73]=15249
r[74]=15652
r[75]=12771
r[76]=13993
r[77]=14905
r[78]=16035
r[79]=14055
r[80]=15418
r[81]=11886
r[82]=16012
r[83]=11544
r[84]=16951
r[85]=12954
r[86]=17219
r[87]=9388
r[88]=17873
r[89]=13548
r[90]=16907
r[91]=14394
r[92]=17946
r[93]=11000
r[94]=19210
r[95]=11598
r[96]=17988
r[97]=8832
r[98]=16332
r[99]=9782
r[100]=12869
r[101]=12020
r[102]=15811
r[103]=13942
r[104]=18858
r[105]=10756
r[106]=20234
r[107]=8778
r[108]=17731
r[109]=9504
r[110]=17457
r[111]=7010
r[112]=13867
r[113]=12242
r[114]=15831
r[115]=9772
r[116]=13776
r[117]=12722
r[118]=14550
r[119]=11524
r[120]=19961
r[121]=10212
r[122]=16587
r[123]=10142
r[124]=15235
r[125]=8203
r[126]=18257
r[127]=7023
r[128]=20187
r[129]=3631
r[130]=23415
r[131]=4205
r[132]=18420
r[133]=7253
r[134]=22106
r[135]=4583
r[136]=21370
r[137]=6908
r[138]=22034
r[139]=5058
r[140]=19523
r[141]=9822
r[142]=19497
r[143]=7020
r[144]=18521
r[145]=11092
r[146]=20791
r[147]=9510
r[148]=18118
r[149]=8045
r[150]=16786
r[151]=10941
r[152]=22790
r[153]=7602
r[154]=21214
r[155]=8732
r[156]=19784
r[157]=5257
r[158]=22052
r[159]=5845
r[160]=19050
r[161]=10389
r[162]=19772
r[163]=11593
r[164]=21014
r[165]=9842
r[166]=18684
r[167]=7688
r[168]=16613
r[169]=9748
r[170]=20709
r[171]=6156
r[172]=21079
r[173]=10105
r[174]=19047
r[175]=12439
r[176]=19960
r[177]=10658
r[178]=21850
r[179]=12654
r[180]=17337
r[181]=9940
r[182]=19273
r[183]=9840
r[184]=22465
r[185]=9743
r[186]=22329
r[187]=9441
r[188]=21121
r[189]=12242
r[190]=-27589
r[191]=23067
r[192]=19279
r[193]=7037
r[194]=-27893
r[195]=19190
r[196]=16679
r[197]=7295
r[198]=-29447
r[199]=17412
r[200]=19751
r[201]=6773
r[202]=-25634
r[203]=16653
r[204]=17555
r[205]=4667
r[206]=-26022
r[207]=18313
r[208]=15217
r[209]=7144
r[210]=-25529
r[211]=14659
r[212]=13415
r[213]=7324
r[214]=-25481
r[215]=18455
r[216]=17754
r[217]=7424
r[218]=-22803
r[219]=17558
r[220]=15990
r[221]=11088
r[222]=-24711
r[223]=15072
r[224]=21617
r[225]=9524
r[226]=-26944
r[227]=20930
r[228]=21759
r[229]=6570
r[230]=-24526
r[231]=19468
r[232]=20851
r[233]=6657
r[234]=-27070
r[235]=16983
r[236]=18337
r[237]=5897
r[238]=-27136
r[239]=17891
r[240]=16172
r[241]=4243
r[242]=-27827
r[243]=20539
r[244]=17744
r[245]=6759
r[246]=-24915
r[247]=19451
r[248]=20236
r[249]=4556
r[250]=-20304
r[251]=18732
r[252]=18732
r[253]=5762
r[254]=-24526
r[255]=19670
j 188 t 976j 189 t 352k 113 zeta -1185 len 2 start 192
r[0]=12185
r[1]=8995
r[2]=13951
r[3]=8061
r[4]=14009
r[5]=8749
r[6]=13111
r[7]=8807
r[8]=13670
r[9]=9914
r[10]=15860
r[11]=8970
r[12]=14845
r[13]=6430
r[14]=14353
r[15]=6234
r[16]=13525
r[17]=10490
r[18]=13961
r[19]=9020
r[20]=15113
r[21]=10319
r[22]=17165
r[23]=10019
r[24]=16374
r[25]=10360
r[26]=20802
r[27]=8756
r[28]=16331
r[29]=4872
r[30]=15641
r[31]=6708
r[32]=19217
r[33]=7142
r[34]=18621
r[35]=8488
r[36]=15151
r[37]=12889
r[38]=15699
r[39]=9673
r[40]=21131
r[41]=11486
r[42]=21821
r[43]=9610
r[44]=18350
r[45]=8474
r[46]=19682
r[47]=6830
r[48]=17142
r[49]=8375
r[50]=14772
r[51]=6541
r[52]=14339
r[53]=9858
r[54]=12339
r[55]=10518
r[56]=16680
r[57]=10986
r[58]=17886
r[59]=7290
r[60]=15775
r[61]=11253
r[62]=15955
r[63]=10667
r[64]=16484
r[65]=18379
r[66]=15442
r[67]=17213
r[68]=16610
r[69]=19798
r[70]=18072
r[71]=16630
r[72]=13344
r[73]=15249
r[74]=15652
r[75]=12771
r[76]=13993
r[77]=14905
r[78]=16035
r[79]=14055
r[80]=15418
r[81]=11886
r[82]=16012
r[83]=11544
r[84]=16951
r[85]=12954
r[86]=17219
r[87]=9388
r[88]=17873
r[89]=13548
r[90]=16907
r[91]=14394
r[92]=17946
r[93]=11000
r[94]=19210
r[95]=11598
r[96]=17988
r[97]=8832
r[98]=16332
r[99]=9782
r[100]=12869
r[101]=12020
r[102]=15811
r[103]=13942
r[104]=18858
r[105]=10756
r[106]=20234
r[107]=8778
r[108]=17731
r[109]=9504
r[110]=17457
r[111]=7010
r[112]=13867
r[113]=12242
r[114]=15831
r[115]=9772
r[116]=13776
r[117]=12722
r[118]=14550
r[119]=11524
r[120]=19961
r[121]=10212
r[122]=16587
r[123]=10142
r[124]=15235
r[125]=8203
r[126]=18257
r[127]=7023
r[128]=20187
r[129]=3631
r[130]=23415
r[131]=4205
r[132]=18420
r[133]=7253
r[134]=22106
r[135]=4583
r[136]=21370
r[137]=6908
r[138]=22034
r[139]=5058
r[140]=19523
r[141]=9822
r[142]=19497
r[143]=7020
r[144]=18521
r[145]=11092
r[146]=20791
r[147]=9510
r[148]=18118
r[149]=8045
r[150]=16786
r[151]=10941
r[152]=22790
r[153]=7602
r[154]=21214
r[155]=8732
r[156]=19784
r[157]=5257
r[158]=22052
r[159]=5845
r[160]=19050
r[161]=10389
r[162]=19772
r[163]=11593
r[164]=21014
r[165]=9842
r[166]=18684
r[167]=7688
r[168]=16613
r[169]=9748
r[170]=20709
r[171]=6156
r[172]=21079
r[173]=10105
r[174]=19047
r[175]=12439
r[176]=19960
r[177]=10658
r[178]=21850
r[179]=12654
r[180]=17337
r[181]=9940
r[182]=19273
r[183]=9840
r[184]=22465
r[185]=9743
r[186]=22329
r[187]=9441
r[188]=22097
r[189]=12594
r[190]=20145
r[191]=11890
r[192]=19279
r[193]=7037
r[194]=-27893
r[195]=19190
r[196]=16679
r[197]=7295
r[198]=-29447
r[199]=17412
r[200]=19751
r[201]=6773
r[202]=-25634
r[203]=16653
r[204]=17555
r[205]=4667
r[206]=-26022
r[207]=18313
r[208]=15217
r[209]=7144
r[210]=-25529
r[211]=14659
r[212]=13415
r[213]=7324
r[214]=-25481
r[215]=18455
r[216]=17754
r[217]=7424
r[218]=-22803
r[219]=17558
r[220]=15990
r[221]=11088
r[222]=-24711
r[223]=15072
r[224]=21617
r[225]=9524
r[226]=-26944
r[227]=20930
r[228]=21759
r[229]=6570
r[230]=-24526
r[231]=19468
r[232]=20851
r[233]=6657
r[234]=-27070
r[235]=16983
r[236]=18337
r[237]=5897
r[238]=-27136
r[239]=17891
r[240]=16172
r[241]=4243
r[242]=-27827
r[243]=20539
r[244]=17744
r[245]=6759
r[246]=-24915
r[247]=19451
r[248]=20236
r[249]=4556
r[250]=-20304
r[251]=18732
r[252]=18732
r[253]=5762
r[254]=-24526
r[255]=19670
j 192 t -446j 193 t -1196k 114 zeta -1530 len 2 start 196
r[0]=12185
r[1]=8995
r[2]=13951
r[3]=8061
r[4]=14009
r[5]=8749
r[6]=13111
r[7]=8807
r[8]=13670
r[9]=9914
r[10]=15860
r[11]=8970
r[12]=14845
r[13]=6430
r[14]=14353
r[15]=6234
r[16]=13525
r[17]=10490
r[18]=13961
r[19]=9020
r[20]=15113
r[21]=10319
r[22]=17165
r[23]=10019
r[24]=16374
r[25]=10360
r[26]=20802
r[27]=8756
r[28]=16331
r[29]=4872
r[30]=15641
r[31]=6708
r[32]=19217
r[33]=7142
r[34]=18621
r[35]=8488
r[36]=15151
r[37]=12889
r[38]=15699
r[39]=9673
r[40]=21131
r[41]=11486
r[42]=21821
r[43]=9610
r[44]=18350
r[45]=8474
r[46]=19682
r[47]=6830
r[48]=17142
r[49]=8375
r[50]=14772
r[51]=6541
r[52]=14339
r[53]=9858
r[54]=12339
r[55]=10518
r[56]=16680
r[57]=10986
r[58]=17886
r[59]=7290
r[60]=15775
r[61]=11253
r[62]=15955
r[63]=10667
r[64]=16484
r[65]=18379
r[66]=15442
r[67]=17213
r[68]=16610
r[69]=19798
r[70]=18072
r[71]=16630
r[72]=13344
r[73]=15249
r[74]=15652
r[75]=12771
r[76]=13993
r[77]=14905
r[78]=16035
r[79]=14055
r[80]=15418
r[81]=11886
r[82]=16012
r[83]=11544
r[84]=16951
r[85]=12954
r[86]=17219
r[87]=9388
r[88]=17873
r[89]=13548
r[90]=16907
r[91]=14394
r[92]=17946
r[93]=11000
r[94]=19210
r[95]=11598
r[96]=17988
r[97]=8832
r[98]=16332
r[99]=9782
r[100]=12869
r[101]=12020
r[102]=15811
r[103]=13942
r[104]=18858
r[105]=10756
r[106]=20234
r[107]=8778
r[108]=17731
r[109]=9504
r[110]=17457
r[111]=7010
r[112]=13867
r[113]=12242
r[114]=15831
r[115]=9772
r[116]=13776
r[117]=12722
r[118]=14550
r[119]=11524
r[120]=19961
r[121]=10212
r[122]=16587
r[123]=10142
r[124]=15235
r[125]=8203
r[126]=18257
r[127]=7023
r[128]=20187
r[129]=3631
r[130]=23415
r[131]=4205
r[132]=18420
r[133]=7253
r[134]=22106
r[135]=4583
r[136]=21370
r[137]=6908
r[138]=22034
r[139]=5058
r[140]=19523
r[141]=9822
r[142]=19497
r[143]=7020
r[144]=18521
r[145]=11092
r[146]=20791
r[147]=9510
r[148]=18118
r[149]=8045
r[150]=16786
r[151]=10941
r[152]=22790
r[153]=7602
r[154]=21214
r[155]=8732
r[156]=19784
r[157]=5257
r[158]=22052
r[159]=5845
r[160]=19050
r[161]=10389
r[162]=19772
r[163]=11593
r[164]=21014
r[165]=9842
r[166]=18684
r[167]=7688
r[168]=16613
r[169]=9748
r[170]=20709
r[171]=6156
r[172]=21079
r[173]=10105
r[174]=19047
r[175]=12439
r[176]=19960
r[177]=10658
r[178]=21850
r[179]=12654
r[180]=17337
r[181]=9940
r[182]=19273
r[183]=9840
r[184]=22465
r[185]=9743
r[186]=22329
r[187]=9441
r[188]=22097
r[189]=12594
r[190]=20145
r[191]=11890
r[192]=18833
r[193]=5841
r[194]=19725
r[195]=8233
r[196]=16679
r[197]=7295
r[198]=-29447
r[199]=17412
r[200]=19751
r[201]=6773
r[202]=-25634
r[203]=16653
r[204]=17555
r[205]=4667
r[206]=-26022
r[207]=18313
r[208]=15217
r[209]=7144
r[210]=-25529
r[211]=14659
r[212]=13415
r[213]=7324
r[214]=-25481
r[215]=18455
r[216]=17754
r[217]=7424
r[218]=-22803
r[219]=17558
r[220]=15990
r[221]=11088
r[222]=-24711
r[223]=15072
r[224]=21617
r[225]=9524
r[226]=-26944
r[227]=20930
r[228]=21759
r[229]=6570
r[230]=-24526
r[231]=19468
r[232]=20851
r[233]=6657
r[234]=-27070
r[235]=16983
r[236]=18337
r[237]=5897
r[238]=-27136
r[239]=17891
r[240]=16172
r[241]=4243
r[242]=-27827
r[243]=20539
r[244]=17744
r[245]=6759
r[246]=-24915
r[247]=19451
r[248]=20236
r[249]=4556
r[250]=-20304
r[251]=18732
r[252]=18732
r[253]=5762
r[254]=-24526
r[255]=19670
j 196 t 2016j 197 t -1344k 115 zeta -1278 len 2 start 200
r[0]=12185
r[1]=8995
r[2]=13951
r[3]=8061
r[4]=14009
r[5]=8749
r[6]=13111
r[7]=8807
r[8]=13670
r[9]=9914
r[10]=15860
r[11]=8970
r[12]=14845
r[13]=6430
r[14]=14353
r[15]=6234
r[16]=13525
r[17]=10490
r[18]=13961
r[19]=9020
r[20]=15113
r[21]=10319
r[22]=17165
r[23]=10019
r[24]=16374
r[25]=10360
r[26]=20802
r[27]=8756
r[28]=16331
r[29]=4872
r[30]=15641
r[31]=6708
r[32]=19217
r[33]=7142
r[34]=18621
r[35]=8488
r[36]=15151
r[37]=12889
r[38]=15699
r[39]=9673
r[40]=21131
r[41]=11486
r[42]=21821
r[43]=9610
r[44]=18350
r[45]=8474
r[46]=19682
r[47]=6830
r[48]=17142
r[49]=8375
r[50]=14772
r[51]=6541
r[52]=14339
r[53]=9858
r[54]=12339
r[55]=10518
r[56]=16680
r[57]=10986
r[58]=17886
r[59]=7290
r[60]=15775
r[61]=11253
r[62]=15955
r[63]=10667
r[64]=16484
r[65]=18379
r[66]=15442
r[67]=17213
r[68]=16610
r[69]=19798
r[70]=18072
r[71]=16630
r[72]=13344
r[73]=15249
r[74]=15652
r[75]=12771
r[76]=13993
r[77]=14905
r[78]=16035
r[79]=14055
r[80]=15418
r[81]=11886
r[82]=16012
r[83]=11544
r[84]=16951
r[85]=12954
r[86]=17219
r[87]=9388
r[88]=17873
r[89]=13548
r[90]=16907
r[91]=14394
r[92]=17946
r[93]=11000
r[94]=19210
r[95]=11598
r[96]=17988
r[97]=8832
r[98]=16332
r[99]=9782
r[100]=12869
r[101]=12020
r[102]=15811
r[103]=13942
r[104]=18858
r[105]=10756
r[106]=20234
r[107]=8778
r[108]=17731
r[109]=9504
r[110]=17457
r[111]=7010
r[112]=13867
r[113]=12242
r[114]=15831
r[115]=9772
r[116]=13776
r[117]=12722
r[118]=14550
r[119]=11524
r[120]=19961
r[121]=10212
r[122]=16587
r[123]=10142
r[124]=15235
r[125]=8203
r[126]=18257
r[127]=7023
r[128]=20187
r[129]=3631
r[130]=23415
r[131]=4205
r[132]=18420
r[133]=7253
r[134]=22106
r[135]=4583
r[136]=21370
r[137]=6908
r[138]=22034
r[139]=5058
r[140]=19523
r[141]=9822
r[142]=19497
r[143]=7020
r[144]=18521
r[145]=11092
r[146]=20791
r[147]=9510
r[148]=18118
r[149]=8045
r[150]=16786
r[151]=10941
r[152]=22790
r[153]=7602
r[154]=21214
r[155]=8732
r[156]=19784
r[157]=5257
r[158]=22052
r[159]=5845
r[160]=19050
r[161]=10389
r[162]=19772
r[163]=11593
r[164]=21014
r[165]=9842
r[166]=18684
r[167]=7688
r[168]=16613
r[169]=9748
r[170]=20709
r[171]=6156
r[172]=21079
r[173]=10105
r[174]=19047
r[175]=12439
r[176]=19960
r[177]=10658
r[178]=21850
r[179]=12654
r[180]=17337
r[181]=9940
r[182]=19273
r[183]=9840
r[184]=22465
r[185]=9743
r[186]=22329
r[187]=9441
r[188]=22097
r[189]=12594
r[190]=20145
r[191]=11890
r[192]=18833
r[193]=5841
r[194]=19725
r[195]=8233
r[196]=18695
r[197]=5951
r[198]=14663
r[199]=8639
r[200]=19751
r[201]=6773
r[202]=-25634
r[203]=16653
r[204]=17555
r[205]=4667
r[206]=-26022
r[207]=18313
r[208]=15217
r[209]=7144
r[210]=-25529
r[211]=14659
r[212]=13415
r[213]=7324
r[214]=-25481
r[215]=18455
r[216]=17754
r[217]=7424
r[218]=-22803
r[219]=17558
r[220]=15990
r[221]=11088
r[222]=-24711
r[223]=15072
r[224]=21617
r[225]=9524
r[226]=-26944
r[227]=20930
r[228]=21759
r[229]=6570
r[230]=-24526
r[231]=19468
r[232]=20851
r[233]=6657
r[234]=-27070
r[235]=16983
r[236]=18337
r[237]=5897
r[238]=-27136
r[239]=17891
r[240]=16172
r[241]=4243
r[242]=-27827
r[243]=20539
r[244]=17744
r[245]=6759
r[246]=-24915
r[247]=19451
r[248]=20236
r[249]=4556
r[250]=-20304
r[251]=18732
r[252]=18732
r[253]=5762
r[254]=-24526
r[255]=19670
j 200 t -615j 201 t -105k 116 zeta 794 len 2 start 204
r[0]=12185
r[1]=8995
r[2]=13951
r[3]=8061
r[4]=14009
r[5]=8749
r[6]=13111
r[7]=8807
r[8]=13670
r[9]=9914
r[10]=15860
r[11]=8970
r[12]=14845
r[13]=6430
r[14]=14353
r[15]=6234
r[16]=13525
r[17]=10490
r[18]=13961
r[19]=9020
r[20]=15113
r[21]=10319
r[22]=17165
r[23]=10019
r[24]=16374
r[25]=10360
r[26]=20802
r[27]=8756
r[28]=16331
r[29]=4872
r[30]=15641
r[31]=6708
r[32]=19217
r[33]=7142
r[34]=18621
r[35]=8488
r[36]=15151
r[37]=12889
r[38]=15699
r[39]=9673
r[40]=21131
r[41]=11486
r[42]=21821
r[43]=9610
r[44]=18350
r[45]=8474
r[46]=19682
r[47]=6830
r[48]=17142
r[49]=8375
r[50]=14772
r[51]=6541
r[52]=14339
r[53]=9858
r[54]=12339
r[55]=10518
r[56]=16680
r[57]=10986
r[58]=17886
r[59]=7290
r[60]=15775
r[61]=11253
r[62]=15955
r[63]=10667
r[64]=16484
r[65]=18379
r[66]=15442
r[67]=17213
r[68]=16610
r[69]=19798
r[70]=18072
r[71]=16630
r[72]=13344
r[73]=15249
r[74]=15652
r[75]=12771
r[76]=13993
r[77]=14905
r[78]=16035
r[79]=14055
r[80]=15418
r[81]=11886
r[82]=16012
r[83]=11544
r[84]=16951
r[85]=12954
r[86]=17219
r[87]=9388
r[88]=17873
r[89]=13548
r[90]=16907
r[91]=14394
r[92]=17946
r[93]=11000
r[94]=19210
r[95]=11598
r[96]=17988
r[97]=8832
r[98]=16332
r[99]=9782
r[100]=12869
r[101]=12020
r[102]=15811
r[103]=13942
r[104]=18858
r[105]=10756
r[106]=20234
r[107]=8778
r[108]=17731
r[109]=9504
r[110]=17457
r[111]=7010
r[112]=13867
r[113]=12242
r[114]=15831
r[115]=9772
r[116]=13776
r[117]=12722
r[118]=14550
r[119]=11524
r[120]=19961
r[121]=10212
r[122]=16587
r[123]=10142
r[124]=15235
r[125]=8203
r[126]=18257
r[127]=7023
r[128]=20187
r[129]=3631
r[130]=23415
r[131]=4205
r[132]=18420
r[133]=7253
r[134]=22106
r[135]=4583
r[136]=21370
r[137]=6908
r[138]=22034
r[139]=5058
r[140]=19523
r[141]=9822
r[142]=19497
r[143]=7020
r[144]=18521
r[145]=11092
r[146]=20791
r[147]=9510
r[148]=18118
r[149]=8045
r[150]=16786
r[151]=10941
r[152]=22790
r[153]=7602
r[154]=21214
r[155]=8732
r[156]=19784
r[157]=5257
r[158]=22052
r[159]=5845
r[160]=19050
r[161]=10389
r[162]=19772
r[163]=11593
r[164]=21014
r[165]=9842
r[166]=18684
r[167]=7688
r[168]=16613
r[169]=9748
r[170]=20709
r[171]=6156
r[172]=21079
r[173]=10105
r[174]=19047
r[175]=12439
r[176]=19960
r[177]=10658
r[178]=21850
r[179]=12654
r[180]=17337
r[181]=9940
r[182]=19273
r[183]=9840
r[184]=22465
r[185]=9743
r[186]=22329
r[187]=9441
r[188]=22097
r[189]=12594
r[190]=20145
r[191]=11890
r[192]=18833
r[193]=5841
r[194]=19725
r[195]=8233
r[196]=18695
r[197]=5951
r[198]=14663
r[199]=8639
r[200]=19136
r[201]=6668
r[202]=20366
r[203]=6878
r[204]=17555
r[205]=4667
r[206]=-26022
r[207]=18313
r[208]=15217
r[209]=7144
r[210]=-25529
r[211]=14659
r[212]=13415
r[213]=7324
r[214]=-25481
r[215]=18455
r[216]=17754
r[217]=7424
r[218]=-22803
r[219]=17558
r[220]=15990
r[221]=11088
r[222]=-24711
r[223]=15072
r[224]=21617
r[225]=9524
r[226]=-26944
r[227]=20930
r[228]=21759
r[229]=6570
r[230]=-24526
r[231]=19468
r[232]=20851
r[233]=6657
r[234]=-27070
r[235]=16983
r[236]=18337
r[237]=5897
r[238]=-27136
r[239]=17891
r[240]=16172
r[241]=4243
r[242]=-27827
r[243]=20539
r[244]=17744
r[245]=6759
r[246]=-24915
r[247]=19451
r[248]=20236
r[249]=4556
r[250]=-20304
r[251]=18732
r[252]=18732
r[253]=5762
r[254]=-24526
r[255]=19670
j 204 t 8j 205 t 262k 117 zeta -1510 len 2 start 208
r[0]=12185
r[1]=8995
r[2]=13951
r[3]=8061
r[4]=14009
r[5]=8749
r[6]=13111
r[7]=8807
r[8]=13670
r[9]=9914
r[10]=15860
r[11]=8970
r[12]=14845
r[13]=6430
r[14]=14353
r[15]=6234
r[16]=13525
r[17]=10490
r[18]=13961
r[19]=9020
r[20]=15113
r[21]=10319
r[22]=17165
r[23]=10019
r[24]=16374
r[25]=10360
r[26]=20802
r[27]=8756
r[28]=16331
r[29]=4872
r[30]=15641
r[31]=6708
r[32]=19217
r[33]=7142
r[34]=18621
r[35]=8488
r[36]=15151
r[37]=12889
r[38]=15699
r[39]=9673
r[40]=21131
r[41]=11486
r[42]=21821
r[43]=9610
r[44]=18350
r[45]=8474
r[46]=19682
r[47]=6830
r[48]=17142
r[49]=8375
r[50]=14772
r[51]=6541
r[52]=14339
r[53]=9858
r[54]=12339
r[55]=10518
r[56]=16680
r[57]=10986
r[58]=17886
r[59]=7290
r[60]=15775
r[61]=11253
r[62]=15955
r[63]=10667
r[64]=16484
r[65]=18379
r[66]=15442
r[67]=17213
r[68]=16610
r[69]=19798
r[70]=18072
r[71]=16630
r[72]=13344
r[73]=15249
r[74]=15652
r[75]=12771
r[76]=13993
r[77]=14905
r[78]=16035
r[79]=14055
r[80]=15418
r[81]=11886
r[82]=16012
r[83]=11544
r[84]=16951
r[85]=12954
r[86]=17219
r[87]=9388
r[88]=17873
r[89]=13548
r[90]=16907
r[91]=14394
r[92]=17946
r[93]=11000
r[94]=19210
r[95]=11598
r[96]=17988
r[97]=8832
r[98]=16332
r[99]=9782
r[100]=12869
r[101]=12020
r[102]=15811
r[103]=13942
r[104]=18858
r[105]=10756
r[106]=20234
r[107]=8778
r[108]=17731
r[109]=9504
r[110]=17457
r[111]=7010
r[112]=13867
r[113]=12242
r[114]=15831
r[115]=9772
r[116]=13776
r[117]=12722
r[118]=14550
r[119]=11524
r[120]=19961
r[121]=10212
r[122]=16587
r[123]=10142
r[124]=15235
r[125]=8203
r[126]=18257
r[127]=7023
r[128]=20187
r[129]=3631
r[130]=23415
r[131]=4205
r[132]=18420
r[133]=7253
r[134]=22106
r[135]=4583
r[136]=21370
r[137]=6908
r[138]=22034
r[139]=5058
r[140]=19523
r[141]=9822
r[142]=19497
r[143]=7020
r[144]=18521
r[145]=11092
r[146]=20791
r[147]=9510
r[148]=18118
r[149]=8045
r[150]=16786
r[151]=10941
r[152]=22790
r[153]=7602
r[154]=21214
r[155]=8732
r[156]=19784
r[157]=5257
r[158]=22052
r[159]=5845
r[160]=19050
r[161]=10389
r[162]=19772
r[163]=11593
r[164]=21014
r[165]=9842
r[166]=18684
r[167]=7688
r[168]=16613
r[169]=9748
r[170]=20709
r[171]=6156
r[172]=21079
r[173]=10105
r[174]=19047
r[175]=12439
r[176]=19960
r[177]=10658
r[178]=21850
r[179]=12654
r[180]=17337
r[181]=9940
r[182]=19273
r[183]=9840
r[184]=22465
r[185]=9743
r[186]=22329
r[187]=9441
r[188]=22097
r[189]=12594
r[190]=20145
r[191]=11890
r[192]=18833
r[193]=5841
r[194]=19725
r[195]=8233
r[196]=18695
r[197]=5951
r[198]=14663
r[199]=8639
r[200]=19136
r[201]=6668
r[202]=20366
r[203]=6878
r[204]=17563
r[205]=4929
r[206]=17547
r[207]=4405
r[208]=15217
r[209]=7144
r[210]=-25529
r[211]=14659
r[212]=13415
r[213]=7324
r[214]=-25481
r[215]=18455
r[216]=17754
r[217]=7424
r[218]=-22803
r[219]=17558
r[220]=15990
r[221]=11088
r[222]=-24711
r[223]=15072
r[224]=21617
r[225]=9524
r[226]=-26944
r[227]=20930
r[228]=21759
r[229]=6570
r[230]=-24526
r[231]=19468
r[232]=20851
r[233]=6657
r[234]=-27070
r[235]=16983
r[236]=18337
r[237]=5897
r[238]=-27136
r[239]=17891
r[240]=16172
r[241]=4243
r[242]=-27827
r[243]=20539
r[244]=17744
r[245]=6759
r[246]=-24915
r[247]=19451
r[248]=20236
r[249]=4556
r[250]=-20304
r[251]=18732
r[252]=18732
r[253]=5762
r[254]=-24526
r[255]=19670
j 208 t -962j 209 t 380k 118 zeta -854 len 2 start 212
r[0]=12185
r[1]=8995
r[2]=13951
r[3]=8061
r[4]=14009
r[5]=8749
r[6]=13111
r[7]=8807
r[8]=13670
r[9]=9914
r[10]=15860
r[11]=8970
r[12]=14845
r[13]=6430
r[14]=14353
r[15]=6234
r[16]=13525
r[17]=10490
r[18]=13961
r[19]=9020
r[20]=15113
r[21]=10319
r[22]=17165
r[23]=10019
r[24]=16374
r[25]=10360
r[26]=20802
r[27]=8756
r[28]=16331
r[29]=4872
r[30]=15641
r[31]=6708
r[32]=19217
r[33]=7142
r[34]=18621
r[35]=8488
r[36]=15151
r[37]=12889
r[38]=15699
r[39]=9673
r[40]=21131
r[41]=11486
r[42]=21821
r[43]=9610
r[44]=18350
r[45]=8474
r[46]=19682
r[47]=6830
r[48]=17142
r[49]=8375
r[50]=14772
r[51]=6541
r[52]=14339
r[53]=9858
r[54]=12339
r[55]=10518
r[56]=16680
r[57]=10986
r[58]=17886
r[59]=7290
r[60]=15775
r[61]=11253
r[62]=15955
r[63]=10667
r[64]=16484
r[65]=18379
r[66]=15442
r[67]=17213
r[68]=16610
r[69]=19798
r[70]=18072
r[71]=16630
r[72]=13344
r[73]=15249
r[74]=15652
r[75]=12771
r[76]=13993
r[77]=14905
r[78]=16035
r[79]=14055
r[80]=15418
r[81]=11886
r[82]=16012
r[83]=11544
r[84]=16951
r[85]=12954
r[86]=17219
r[87]=9388
r[88]=17873
r[89]=13548
r[90]=16907
r[91]=14394
r[92]=17946
r[93]=11000
r[94]=19210
r[95]=11598
r[96]=17988
r[97]=8832
r[98]=16332
r[99]=9782
r[100]=12869
r[101]=12020
r[102]=15811
r[103]=13942
r[104]=18858
r[105]=10756
r[106]=20234
r[107]=8778
r[108]=17731
r[109]=9504
r[110]=17457
r[111]=7010
r[112]=13867
r[113]=12242
r[114]=15831
r[115]=9772
r[116]=13776
r[117]=12722
r[118]=14550
r[119]=11524
r[120]=19961
r[121]=10212
r[122]=16587
r[123]=10142
r[124]=15235
r[125]=8203
r[126]=18257
r[127]=7023
r[128]=20187
r[129]=3631
r[130]=23415
r[131]=4205
r[132]=18420
r[133]=7253
r[134]=22106
r[135]=4583
r[136]=21370
r[137]=6908
r[138]=22034
r[139]=5058
r[140]=19523
r[141]=9822
r[142]=19497
r[143]=7020
r[144]=18521
r[145]=11092
r[146]=20791
r[147]=9510
r[148]=18118
r[149]=8045
r[150]=16786
r[151]=10941
r[152]=22790
r[153]=7602
r[154]=21214
r[155]=8732
r[156]=19784
r[157]=5257
r[158]=22052
r[159]=5845
r[160]=19050
r[161]=10389
r[162]=19772
r[163]=11593
r[164]=21014
r[165]=9842
r[166]=18684
r[167]=7688
r[168]=16613
r[169]=9748
r[170]=20709
r[171]=6156
r[172]=21079
r[173]=10105
r[174]=19047
r[175]=12439
r[176]=19960
r[177]=10658
r[178]=21850
r[179]=12654
r[180]=17337
r[181]=9940
r[182]=19273
r[183]=9840
r[184]=22465
r[185]=9743
r[186]=22329
r[187]=9441
r[188]=22097
r[189]=12594
r[190]=20145
r[191]=11890
r[192]=18833
r[193]=5841
r[194]=19725
r[195]=8233
r[196]=18695
r[197]=5951
r[198]=14663
r[199]=8639
r[200]=19136
r[201]=6668
r[202]=20366
r[203]=6878
r[204]=17563
r[205]=4929
r[206]=17547
r[207]=4405
r[208]=14255
r[209]=7524
r[210]=16179
r[211]=6764
r[212]=13415
r[213]=7324
r[214]=-25481
r[215]=18455
r[216]=17754
r[217]=7424
r[218]=-22803
r[219]=17558
r[220]=15990
r[221]=11088
r[222]=-24711
r[223]=15072
r[224]=21617
r[225]=9524
r[226]=-26944
r[227]=20930
r[228]=21759
r[229]=6570
r[230]=-24526
r[231]=19468
r[232]=20851
r[233]=6657
r[234]=-27070
r[235]=16983
r[236]=18337
r[237]=5897
r[238]=-27136
r[239]=17891
r[240]=16172
r[241]=4243
r[242]=-27827
r[243]=20539
r[244]=17744
r[245]=6759
r[246]=-24915
r[247]=19451
r[248]=20236
r[249]=4556
r[250]=-20304
r[251]=18732
r[252]=18732
r[253]=5762
r[254]=-24526
r[255]=19670
j 212 t 1203j 213 t -101k 119 zeta -870 len 2 start 216
r[0]=12185
r[1]=8995
r[2]=13951
r[3]=8061
r[4]=14009
r[5]=8749
r[6]=13111
r[7]=8807
r[8]=13670
r[9]=9914
r[10]=15860
r[11]=8970
r[12]=14845
r[13]=6430
r[14]=14353
r[15]=6234
r[16]=13525
r[17]=10490
r[18]=13961
r[19]=9020
r[20]=15113
r[21]=10319
r[22]=17165
r[23]=10019
r[24]=16374
r[25]=10360
r[26]=20802
r[27]=8756
r[28]=16331
r[29]=4872
r[30]=15641
r[31]=6708
r[32]=19217
r[33]=7142
r[34]=18621
r[35]=8488
r[36]=15151
r[37]=12889
r[38]=15699
r[39]=9673
r[40]=21131
r[41]=11486
r[42]=21821
r[43]=9610
r[44]=18350
r[45]=8474
r[46]=19682
r[47]=6830
r[48]=17142
r[49]=8375
r[50]=14772
r[51]=6541
r[52]=14339
r[53]=9858
r[54]=12339
r[55]=10518
r[56]=16680
r[57]=10986
r[58]=17886
r[59]=7290
r[60]=15775
r[61]=11253
r[62]=15955
r[63]=10667
r[64]=16484
r[65]=18379
r[66]=15442
r[67]=17213
r[68]=16610
r[69]=19798
r[70]=18072
r[71]=16630
r[72]=13344
r[73]=15249
r[74]=15652
r[75]=12771
r[76]=13993
r[77]=14905
r[78]=16035
r[79]=14055
r[80]=15418
r[81]=11886
r[82]=16012
r[83]=11544
r[84]=16951
r[85]=12954
r[86]=17219
r[87]=9388
r[88]=17873
r[89]=13548
r[90]=16907
r[91]=14394
r[92]=17946
r[93]=11000
r[94]=19210
r[95]=11598
r[96]=17988
r[97]=8832
r[98]=16332
r[99]=9782
r[100]=12869
r[101]=12020
r[102]=15811
r[103]=13942
r[104]=18858
r[105]=10756
r[106]=20234
r[107]=8778
r[108]=17731
r[109]=9504
r[110]=17457
r[111]=7010
r[112]=13867
r[113]=12242
r[114]=15831
r[115]=9772
r[116]=13776
r[117]=12722
r[118]=14550
r[119]=11524
r[120]=19961
r[121]=10212
r[122]=16587
r[123]=10142
r[124]=15235
r[125]=8203
r[126]=18257
r[127]=7023
r[128]=20187
r[129]=3631
r[130]=23415
r[131]=4205
r[132]=18420
r[133]=7253
r[134]=22106
r[135]=4583
r[136]=21370
r[137]=6908
r[138]=22034
r[139]=5058
r[140]=19523
r[141]=9822
r[142]=19497
r[143]=7020
r[144]=18521
r[145]=11092
r[146]=20791
r[147]=9510
r[148]=18118
r[149]=8045
r[150]=16786
r[151]=10941
r[152]=22790
r[153]=7602
r[154]=21214
r[155]=8732
r[156]=19784
r[157]=5257
r[158]=22052
r[159]=5845
r[160]=19050
r[161]=10389
r[162]=19772
r[163]=11593
r[164]=21014
r[165]=9842
r[166]=18684
r[167]=7688
r[168]=16613
r[169]=9748
r[170]=20709
r[171]=6156
r[172]=21079
r[173]=10105
r[174]=19047
r[175]=12439
r[176]=19960
r[177]=10658
r[178]=21850
r[179]=12654
r[180]=17337
r[181]=9940
r[182]=19273
r[183]=9840
r[184]=22465
r[185]=9743
r[186]=22329
r[187]=9441
r[188]=22097
r[189]=12594
r[190]=20145
r[191]=11890
r[192]=18833
r[193]=5841
r[194]=19725
r[195]=8233
r[196]=18695
r[197]=5951
r[198]=14663
r[199]=8639
r[200]=19136
r[201]=6668
r[202]=20366
r[203]=6878
r[204]=17563
r[205]=4929
r[206]=17547
r[207]=4405
r[208]=14255
r[209]=7524
r[210]=16179
r[211]=6764
r[212]=14618
r[213]=7223
r[214]=12212
r[215]=7425
r[216]=17754
r[217]=7424
r[218]=-22803
r[219]=17558
r[220]=15990
r[221]=11088
r[222]=-24711
r[223]=15072
r[224]=21617
r[225]=9524
r[226]=-26944
r[227]=20930
r[228]=21759
r[229]=6570
r[230]=-24526
r[231]=19468
r[232]=20851
r[233]=6657
r[234]=-27070
r[235]=16983
r[236]=18337
r[237]=5897
r[238]=-27136
r[239]=17891
r[240]=16172
r[241]=4243
r[242]=-27827
r[243]=20539
r[244]=17744
r[245]=6759
r[246]=-24915
r[247]=19451
r[248]=20236
r[249]=4556
r[250]=-20304
r[251]=18732
r[252]=18732
r[253]=5762
r[254]=-24526
r[255]=19670
j 216 t -693j 217 t 206k 120 zeta 478 len 2 start 220
r[0]=12185
r[1]=8995
r[2]=13951
r[3]=8061
r[4]=14009
r[5]=8749
r[6]=13111
r[7]=8807
r[8]=13670
r[9]=9914
r[10]=15860
r[11]=8970
r[12]=14845
r[13]=6430
r[14]=14353
r[15]=6234
r[16]=13525
r[17]=10490
r[18]=13961
r[19]=9020
r[20]=15113
r[21]=10319
r[22]=17165
r[23]=10019
r[24]=16374
r[25]=10360
r[26]=20802
r[27]=8756
r[28]=16331
r[29]=4872
r[30]=15641
r[31]=6708
r[32]=19217
r[33]=7142
r[34]=18621
r[35]=8488
r[36]=15151
r[37]=12889
r[38]=15699
r[39]=9673
r[40]=21131
r[41]=11486
r[42]=21821
r[43]=9610
r[44]=18350
r[45]=8474
r[46]=19682
r[47]=6830
r[48]=17142
r[49]=8375
r[50]=14772
r[51]=6541
r[52]=14339
r[53]=9858
r[54]=12339
r[55]=10518
r[56]=16680
r[57]=10986
r[58]=17886
r[59]=7290
r[60]=15775
r[61]=11253
r[62]=15955
r[63]=10667
r[64]=16484
r[65]=18379
r[66]=15442
r[67]=17213
r[68]=16610
r[69]=19798
r[70]=18072
r[71]=16630
r[72]=13344
r[73]=15249
r[74]=15652
r[75]=12771
r[76]=13993
r[77]=14905
r[78]=16035
r[79]=14055
r[80]=15418
r[81]=11886
r[82]=16012
r[83]=11544
r[84]=16951
r[85]=12954
r[86]=17219
r[87]=9388
r[88]=17873
r[89]=13548
r[90]=16907
r[91]=14394
r[92]=17946
r[93]=11000
r[94]=19210
r[95]=11598
r[96]=17988
r[97]=8832
r[98]=16332
r[99]=9782
r[100]=12869
r[101]=12020
r[102]=15811
r[103]=13942
r[104]=18858
r[105]=10756
r[106]=20234
r[107]=8778
r[108]=17731
r[109]=9504
r[110]=17457
r[111]=7010
r[112]=13867
r[113]=12242
r[114]=15831
r[115]=9772
r[116]=13776
r[117]=12722
r[118]=14550
r[119]=11524
r[120]=19961
r[121]=10212
r[122]=16587
r[123]=10142
r[124]=15235
r[125]=8203
r[126]=18257
r[127]=7023
r[128]=20187
r[129]=3631
r[130]=23415
r[131]=4205
r[132]=18420
r[133]=7253
r[134]=22106
r[135]=4583
r[136]=21370
r[137]=6908
r[138]=22034
r[139]=5058
r[140]=19523
r[141]=9822
r[142]=19497
r[143]=7020
r[144]=18521
r[145]=11092
r[146]=20791
r[147]=9510
r[148]=18118
r[149]=8045
r[150]=16786
r[151]=10941
r[152]=22790
r[153]=7602
r[154]=21214
r[155]=8732
r[156]=19784
r[157]=5257
r[158]=22052
r[159]=5845
r[160]=19050
r[161]=10389
r[162]=19772
r[163]=11593
r[164]=21014
r[165]=9842
r[166]=18684
r[167]=7688
r[168]=16613
r[169]=9748
r[170]=20709
r[171]=6156
r[172]=21079
r[173]=10105
r[174]=19047
r[175]=12439
r[176]=19960
r[177]=10658
r[178]=21850
r[179]=12654
r[180]=17337
r[181]=9940
r[182]=19273
r[183]=9840
r[184]=22465
r[185]=9743
r[186]=22329
r[187]=9441
r[188]=22097
r[189]=12594
r[190]=20145
r[191]=11890
r[192]=18833
r[193]=5841
r[194]=19725
r[195]=8233
r[196]=18695
r[197]=5951
r[198]=14663
r[199]=8639
r[200]=19136
r[201]=6668
r[202]=20366
r[203]=6878
r[204]=17563
r[205]=4929
r[206]=17547
r[207]=4405
r[208]=14255
r[209]=7524
r[210]=16179
r[211]=6764
r[212]=14618
r[213]=7223
r[214]=12212
r[215]=7425
r[216]=17061
r[217]=7630
r[218]=18447
r[219]=7218
r[220]=15990
r[221]=11088
r[222]=-24711
r[223]=15072
r[224]=21617
r[225]=9524
r[226]=-26944
r[227]=20930
r[228]=21759
r[229]=6570
r[230]=-24526
r[231]=19468
r[232]=20851
r[233]=6657
r[234]=-27070
r[235]=16983
r[236]=18337
r[237]=5897
r[238]=-27136
r[239]=17891
r[240]=16172
r[241]=4243
r[242]=-27827
r[243]=20539
r[244]=17744
r[245]=6759
r[246]=-24915
r[247]=19451
r[248]=20236
r[249]=4556
r[250]=-20304
r[251]=18732
r[252]=18732
r[253]=5762
r[254]=-24526
r[255]=19670
j 220 t 887j 221 t 1173k 121 zeta -108 len 2 start 224
r[0]=12185
r[1]=8995
r[2]=13951
r[3]=8061
r[4]=14009
r[5]=8749
r[6]=13111
r[7]=8807
r[8]=13670
r[9]=9914
r[10]=15860
r[11]=8970
r[12]=14845
r[13]=6430
r[14]=14353
r[15]=6234
r[16]=13525
r[17]=10490
r[18]=13961
r[19]=9020
r[20]=15113
r[21]=10319
r[22]=17165
r[23]=10019
r[24]=16374
r[25]=10360
r[26]=20802
r[27]=8756
r[28]=16331
r[29]=4872
r[30]=15641
r[31]=6708
r[32]=19217
r[33]=7142
r[34]=18621
r[35]=8488
r[36]=15151
r[37]=12889
r[38]=15699
r[39]=9673
r[40]=21131
r[41]=11486
r[42]=21821
r[43]=9610
r[44]=18350
r[45]=8474
r[46]=19682
r[47]=6830
r[48]=17142
r[49]=8375
r[50]=14772
r[51]=6541
r[52]=14339
r[53]=9858
r[54]=12339
r[55]=10518
r[56]=16680
r[57]=10986
r[58]=17886
r[59]=7290
r[60]=15775
r[61]=11253
r[62]=15955
r[63]=10667
r[64]=16484
r[65]=18379
r[66]=15442
r[67]=17213
r[68]=16610
r[69]=19798
r[70]=18072
r[71]=16630
r[72]=13344
r[73]=15249
r[74]=15652
r[75]=12771
r[76]=13993
r[77]=14905
r[78]=16035
r[79]=14055
r[80]=15418
r[81]=11886
r[82]=16012
r[83]=11544
r[84]=16951
r[85]=12954
r[86]=17219
r[87]=9388
r[88]=17873
r[89]=13548
r[90]=16907
r[91]=14394
r[92]=17946
r[93]=11000
r[94]=19210
r[95]=11598
r[96]=17988
r[97]=8832
r[98]=16332
r[99]=9782
r[100]=12869
r[101]=12020
r[102]=15811
r[103]=13942
r[104]=18858
r[105]=10756
r[106]=20234
r[107]=8778
r[108]=17731
r[109]=9504
r[110]=17457
r[111]=7010
r[112]=13867
r[113]=12242
r[114]=15831
r[115]=9772
r[116]=13776
r[117]=12722
r[118]=14550
r[119]=11524
r[120]=19961
r[121]=10212
r[122]=16587
r[123]=10142
r[124]=15235
r[125]=8203
r[126]=18257
r[127]=7023
r[128]=20187
r[129]=3631
r[130]=23415
r[131]=4205
r[132]=18420
r[133]=7253
r[134]=22106
r[135]=4583
r[136]=21370
r[137]=6908
r[138]=22034
r[139]=5058
r[140]=19523
r[141]=9822
r[142]=19497
r[143]=7020
r[144]=18521
r[145]=11092
r[146]=20791
r[147]=9510
r[148]=18118
r[149]=8045
r[150]=16786
r[151]=10941
r[152]=22790
r[153]=7602
r[154]=21214
r[155]=8732
r[156]=19784
r[157]=5257
r[158]=22052
r[159]=5845
r[160]=19050
r[161]=10389
r[162]=19772
r[163]=11593
r[164]=21014
r[165]=9842
r[166]=18684
r[167]=7688
r[168]=16613
r[169]=9748
r[170]=20709
r[171]=6156
r[172]=21079
r[173]=10105
r[174]=19047
r[175]=12439
r[176]=19960
r[177]=10658
r[178]=21850
r[179]=12654
r[180]=17337
r[181]=9940
r[182]=19273
r[183]=9840
r[184]=22465
r[185]=9743
r[186]=22329
r[187]=9441
r[188]=22097
r[189]=12594
r[190]=20145
r[191]=11890
r[192]=18833
r[193]=5841
r[194]=19725
r[195]=8233
r[196]=18695
r[197]=5951
r[198]=14663
r[199]=8639
r[200]=19136
r[201]=6668
r[202]=20366
r[203]=6878
r[204]=17563
r[205]=4929
r[206]=17547
r[207]=4405
r[208]=14255
r[209]=7524
r[210]=16179
r[211]=6764
r[212]=14618
r[213]=7223
r[214]=12212
r[215]=7425
r[216]=17061
r[217]=7630
r[218]=18447
r[219]=7218
r[220]=16877
r[221]=12261
r[222]=15103
r[223]=9915
r[224]=21617
r[225]=9524
r[226]=-26944
r[227]=20930
r[228]=21759
r[229]=6570
r[230]=-24526
r[231]=19468
r[232]=20851
r[233]=6657
r[234]=-27070
r[235]=16983
r[236]=18337
r[237]=5897
r[238]=-27136
r[239]=17891
r[240]=16172
r[241]=4243
r[242]=-27827
r[243]=20539
r[244]=17744
r[245]=6759
r[246]=-24915
r[247]=19451
r[248]=20236
r[249]=4556
r[250]=-20304
r[251]=18732
r[252]=18732
r[253]=5762
r[254]=-24526
r[255]=19670
j 224 t -1295j 225 t -1623k 122 zeta -308 len 2 start 228
r[0]=12185
r[1]=8995
r[2]=13951
r[3]=8061
r[4]=14009
r[5]=8749
r[6]=13111
r[7]=8807
r[8]=13670
r[9]=9914
r[10]=15860
r[11]=8970
r[12]=14845
r[13]=6430
r[14]=14353
r[15]=6234
r[16]=13525
r[17]=10490
r[18]=13961
r[19]=9020
r[20]=15113
r[21]=10319
r[22]=17165
r[23]=10019
r[24]=16374
r[25]=10360
r[26]=20802
r[27]=8756
r[28]=16331
r[29]=4872
r[30]=15641
r[31]=6708
r[32]=19217
r[33]=7142
r[34]=18621
r[35]=8488
r[36]=15151
r[37]=12889
r[38]=15699
r[39]=9673
r[40]=21131
r[41]=11486
r[42]=21821
r[43]=9610
r[44]=18350
r[45]=8474
r[46]=19682
r[47]=6830
r[48]=17142
r[49]=8375
r[50]=14772
r[51]=6541
r[52]=14339
r[53]=9858
r[54]=12339
r[55]=10518
r[56]=16680
r[57]=10986
r[58]=17886
r[59]=7290
r[60]=15775
r[61]=11253
r[62]=15955
r[63]=10667
r[64]=16484
r[65]=18379
r[66]=15442
r[67]=17213
r[68]=16610
r[69]=19798
r[70]=18072
r[71]=16630
r[72]=13344
r[73]=15249
r[74]=15652
r[75]=12771
r[76]=13993
r[77]=14905
r[78]=16035
r[79]=14055
r[80]=15418
r[81]=11886
r[82]=16012
r[83]=11544
r[84]=16951
r[85]=12954
r[86]=17219
r[87]=9388
r[88]=17873
r[89]=13548
r[90]=16907
r[91]=14394
r[92]=17946
r[93]=11000
r[94]=19210
r[95]=11598
r[96]=17988
r[97]=8832
r[98]=16332
r[99]=9782
r[100]=12869
r[101]=12020
r[102]=15811
r[103]=13942
r[104]=18858
r[105]=10756
r[106]=20234
r[107]=8778
r[108]=17731
r[109]=9504
r[110]=17457
r[111]=7010
r[112]=13867
r[113]=12242
r[114]=15831
r[115]=9772
r[116]=13776
r[117]=12722
r[118]=14550
r[119]=11524
r[120]=19961
r[121]=10212
r[122]=16587
r[123]=10142
r[124]=15235
r[125]=8203
r[126]=18257
r[127]=7023
r[128]=20187
r[129]=3631
r[130]=23415
r[131]=4205
r[132]=18420
r[133]=7253
r[134]=22106
r[135]=4583
r[136]=21370
r[137]=6908
r[138]=22034
r[139]=5058
r[140]=19523
r[141]=9822
r[142]=19497
r[143]=7020
r[144]=18521
r[145]=11092
r[146]=20791
r[147]=9510
r[148]=18118
r[149]=8045
r[150]=16786
r[151]=10941
r[152]=22790
r[153]=7602
r[154]=21214
r[155]=8732
r[156]=19784
r[157]=5257
r[158]=22052
r[159]=5845
r[160]=19050
r[161]=10389
r[162]=19772
r[163]=11593
r[164]=21014
r[165]=9842
r[166]=18684
r[167]=7688
r[168]=16613
r[169]=9748
r[170]=20709
r[171]=6156
r[172]=21079
r[173]=10105
r[174]=19047
r[175]=12439
r[176]=19960
r[177]=10658
r[178]=21850
r[179]=12654
r[180]=17337
r[181]=9940
r[182]=19273
r[183]=9840
r[184]=22465
r[185]=9743
r[186]=22329
r[187]=9441
r[188]=22097
r[189]=12594
r[190]=20145
r[191]=11890
r[192]=18833
r[193]=5841
r[194]=19725
r[195]=8233
r[196]=18695
r[197]=5951
r[198]=14663
r[199]=8639
r[200]=19136
r[201]=6668
r[202]=20366
r[203]=6878
r[204]=17563
r[205]=4929
r[206]=17547
r[207]=4405
r[208]=14255
r[209]=7524
r[210]=16179
r[211]=6764
r[212]=14618
r[213]=7223
r[214]=12212
r[215]=7425
r[216]=17061
r[217]=7630
r[218]=18447
r[219]=7218
r[220]=16877
r[221]=12261
r[222]=15103
r[223]=9915
r[224]=20322
r[225]=7901
r[226]=22912
r[227]=11147
r[228]=21759
r[229]=6570
r[230]=-24526
r[231]=19468
r[232]=20851
r[233]=6657
r[234]=-27070
r[235]=16983
r[236]=18337
r[237]=5897
r[238]=-27136
r[239]=17891
r[240]=16172
r[241]=4243
r[242]=-27827
r[243]=20539
r[244]=17744
r[245]=6759
r[246]=-24915
r[247]=19451
r[248]=20236
r[249]=4556
r[250]=-20304
r[251]=18732
r[252]=18732
r[253]=5762
r[254]=-24526
r[255]=19670
j 228 t -871j 229 t -736k 123 zeta 996 len 2 start 232
r[0]=12185
r[1]=8995
r[2]=13951
r[3]=8061
r[4]=14009
r[5]=8749
r[6]=13111
r[7]=8807
r[8]=13670
r[9]=9914
r[10]=15860
r[11]=8970
r[12]=14845
r[13]=6430
r[14]=14353
r[15]=6234
r[16]=13525
r[17]=10490
r[18]=13961
r[19]=9020
r[20]=15113
r[21]=10319
r[22]=17165
r[23]=10019
r[24]=16374
r[25]=10360
r[26]=20802
r[27]=8756
r[28]=16331
r[29]=4872
r[30]=15641
r[31]=6708
r[32]=19217
r[33]=7142
r[34]=18621
r[35]=8488
r[36]=15151
r[37]=12889
r[38]=15699
r[39]=9673
r[40]=21131
r[41]=11486
r[42]=21821
r[43]=9610
r[44]=18350
r[45]=8474
r[46]=19682
r[47]=6830
r[48]=17142
r[49]=8375
r[50]=14772
r[51]=6541
r[52]=14339
r[53]=9858
r[54]=12339
r[55]=10518
r[56]=16680
r[57]=10986
r[58]=17886
r[59]=7290
r[60]=15775
r[61]=11253
r[62]=15955
r[63]=10667
r[64]=16484
r[65]=18379
r[66]=15442
r[67]=17213
r[68]=16610
r[69]=19798
r[70]=18072
r[71]=16630
r[72]=13344
r[73]=15249
r[74]=15652
r[75]=12771
r[76]=13993
r[77]=14905
r[78]=16035
r[79]=14055
r[80]=15418
r[81]=11886
r[82]=16012
r[83]=11544
r[84]=16951
r[85]=12954
r[86]=17219
r[87]=9388
r[88]=17873
r[89]=13548
r[90]=16907
r[91]=14394
r[92]=17946
r[93]=11000
r[94]=19210
r[95]=11598
r[96]=17988
r[97]=8832
r[98]=16332
r[99]=9782
r[100]=12869
r[101]=12020
r[102]=15811
r[103]=13942
r[104]=18858
r[105]=10756
r[106]=20234
r[107]=8778
r[108]=17731
r[109]=9504
r[110]=17457
r[111]=7010
r[112]=13867
r[113]=12242
r[114]=15831
r[115]=9772
r[116]=13776
r[117]=12722
r[118]=14550
r[119]=11524
r[120]=19961
r[121]=10212
r[122]=16587
r[123]=10142
r[124]=15235
r[125]=8203
r[126]=18257
r[127]=7023
r[128]=20187
r[129]=3631
r[130]=23415
r[131]=4205
r[132]=18420
r[133]=7253
r[134]=22106
r[135]=4583
r[136]=21370
r[137]=6908
r[138]=22034
r[139]=5058
r[140]=19523
r[141]=9822
r[142]=19497
r[143]=7020
r[144]=18521
r[145]=11092
r[146]=20791
r[147]=9510
r[148]=18118
r[149]=8045
r[150]=16786
r[151]=10941
r[152]=22790
r[153]=7602
r[154]=21214
r[155]=8732
r[156]=19784
r[157]=5257
r[158]=22052
r[159]=5845
r[160]=19050
r[161]=10389
r[162]=19772
r[163]=11593
r[164]=21014
r[165]=9842
r[166]=18684
r[167]=7688
r[168]=16613
r[169]=9748
r[170]=20709
r[171]=6156
r[172]=21079
r[173]=10105
r[174]=19047
r[175]=12439
r[176]=19960
r[177]=10658
r[178]=21850
r[179]=12654
r[180]=17337
r[181]=9940
r[182]=19273
r[183]=9840
r[184]=22465
r[185]=9743
r[186]=22329
r[187]=9441
r[188]=22097
r[189]=12594
r[190]=20145
r[191]=11890
r[192]=18833
r[193]=5841
r[194]=19725
r[195]=8233
r[196]=18695
r[197]=5951
r[198]=14663
r[199]=8639
r[200]=19136
r[201]=6668
r[202]=20366
r[203]=6878
r[204]=17563
r[205]=4929
r[206]=17547
r[207]=4405
r[208]=14255
r[209]=7524
r[210]=16179
r[211]=6764
r[212]=14618
r[213]=7223
r[214]=12212
r[215]=7425
r[216]=17061
r[217]=7630
r[218]=18447
r[219]=7218
r[220]=16877
r[221]=12261
r[222]=15103
r[223]=9915
r[224]=20322
r[225]=7901
r[226]=22912
r[227]=11147
r[228]=20888
r[229]=5834
r[230]=22630
r[231]=7306
r[232]=20851
r[233]=6657
r[234]=-27070
r[235]=16983
r[236]=18337
r[237]=5897
r[238]=-27136
r[239]=17891
r[240]=16172
r[241]=4243
r[242]=-27827
r[243]=20539
r[244]=17744
r[245]=6759
r[246]=-24915
r[247]=19451
r[248]=20236
r[249]=4556
r[250]=-20304
r[251]=18732
r[252]=18732
r[253]=5762
r[254]=-24526
r[255]=19670
j 232 t -1878j 233 t 902k 124 zeta 991 len 2 start 236
r[0]=12185
r[1]=8995
r[2]=13951
r[3]=8061
r[4]=14009
r[5]=8749
r[6]=13111
r[7]=8807
r[8]=13670
r[9]=9914
r[10]=15860
r[11]=8970
r[12]=14845
r[13]=6430
r[14]=14353
r[15]=6234
r[16]=13525
r[17]=10490
r[18]=13961
r[19]=9020
r[20]=15113
r[21]=10319
r[22]=17165
r[23]=10019
r[24]=16374
r[25]=10360
r[26]=20802
r[27]=8756
r[28]=16331
r[29]=4872
r[30]=15641
r[31]=6708
r[32]=19217
r[33]=7142
r[34]=18621
r[35]=8488
r[36]=15151
r[37]=12889
r[38]=15699
r[39]=9673
r[40]=21131
r[41]=11486
r[42]=21821
r[43]=9610
r[44]=18350
r[45]=8474
r[46]=19682
r[47]=6830
r[48]=17142
r[49]=8375
r[50]=14772
r[51]=6541
r[52]=14339
r[53]=9858
r[54]=12339
r[55]=10518
r[56]=16680
r[57]=10986
r[58]=17886
r[59]=7290
r[60]=15775
r[61]=11253
r[62]=15955
r[63]=10667
r[64]=16484
r[65]=18379
r[66]=15442
r[67]=17213
r[68]=16610
r[69]=19798
r[70]=18072
r[71]=16630
r[72]=13344
r[73]=15249
r[74]=15652
r[75]=12771
r[76]=13993
r[77]=14905
r[78]=16035
r[79]=14055
r[80]=15418
r[81]=11886
r[82]=16012
r[83]=11544
r[84]=16951
r[85]=12954
r[86]=17219
r[87]=9388
r[88]=17873
r[89]=13548
r[90]=16907
r[91]=14394
r[92]=17946
r[93]=11000
r[94]=19210
r[95]=11598
r[96]=17988
r[97]=8832
r[98]=16332
r[99]=9782
r[100]=12869
r[101]=12020
r[102]=15811
r[103]=13942
r[104]=18858
r[105]=10756
r[106]=20234
r[107]=8778
r[108]=17731
r[109]=9504
r[110]=17457
r[111]=7010
r[112]=13867
r[113]=12242
r[114]=15831
r[115]=9772
r[116]=13776
r[117]=12722
r[118]=14550
r[119]=11524
r[120]=19961
r[121]=10212
r[122]=16587
r[123]=10142
r[124]=15235
r[125]=8203
r[126]=18257
r[127]=7023
r[128]=20187
r[129]=3631
r[130]=23415
r[131]=4205
r[132]=18420
r[133]=7253
r[134]=22106
r[135]=4583
r[136]=21370
r[137]=6908
r[138]=22034
r[139]=5058
r[140]=19523
r[141]=9822
r[142]=19497
r[143]=7020
r[144]=18521
r[145]=11092
r[146]=20791
r[147]=9510
r[148]=18118
r[149]=8045
r[150]=16786
r[151]=10941
r[152]=22790
r[153]=7602
r[154]=21214
r[155]=8732
r[156]=19784
r[157]=5257
r[158]=22052
r[159]=5845
r[160]=19050
r[161]=10389
r[162]=19772
r[163]=11593
r[164]=21014
r[165]=9842
r[166]=18684
r[167]=7688
r[168]=16613
r[169]=9748
r[170]=20709
r[171]=6156
r[172]=21079
r[173]=10105
r[174]=19047
r[175]=12439
r[176]=19960
r[177]=10658
r[178]=21850
r[179]=12654
r[180]=17337
r[181]=9940
r[182]=19273
r[183]=9840
r[184]=22465
r[185]=9743
r[186]=22329
r[187]=9441
r[188]=22097
r[189]=12594
r[190]=20145
r[191]=11890
r[192]=18833
r[193]=5841
r[194]=19725
r[195]=8233
r[196]=18695
r[197]=5951
r[198]=14663
r[199]=8639
r[200]=19136
r[201]=6668
r[202]=20366
r[203]=6878
r[204]=17563
r[205]=4929
r[206]=17547
r[207]=4405
r[208]=14255
r[209]=7524
r[210]=16179
r[211]=6764
r[212]=14618
r[213]=7223
r[214]=12212
r[215]=7425
r[216]=17061
r[217]=7630
r[218]=18447
r[219]=7218
r[220]=16877
r[221]=12261
r[222]=15103
r[223]=9915
r[224]=20322
r[225]=7901
r[226]=22912
r[227]=11147
r[228]=20888
r[229]=5834
r[230]=22630
r[231]=7306
r[232]=18973
r[233]=7559
r[234]=22729
r[235]=5755
r[236]=18337
r[237]=5897
r[238]=-27136
r[239]=17891
r[240]=16172
r[241]=4243
r[242]=-27827
r[243]=20539
r[244]=17744
r[245]=6759
r[246]=-24915
r[247]=19451
r[248]=20236
r[249]=4556
r[250]=-20304
r[251]=18732
r[252]=18732
r[253]=5762
r[254]=-24526
r[255]=19670
j 236 t 708j 237 t 469k 125 zeta 958 len 2 start 240
r[0]=12185
r[1]=8995
r[2]=13951
r[3]=8061
r[4]=14009
r[5]=8749
r[6]=13111
r[7]=8807
r[8]=13670
r[9]=9914
r[10]=15860
r[11]=8970
r[12]=14845
r[13]=6430
r[14]=14353
r[15]=6234
r[16]=13525
r[17]=10490
r[18]=13961
r[19]=9020
r[20]=15113
r[21]=10319
r[22]=17165
r[23]=10019
r[24]=16374
r[25]=10360
r[26]=20802
r[27]=8756
r[28]=16331
r[29]=4872
r[30]=15641
r[31]=6708
r[32]=19217
r[33]=7142
r[34]=18621
r[35]=8488
r[36]=15151
r[37]=12889
r[38]=15699
r[39]=9673
r[40]=21131
r[41]=11486
r[42]=21821
r[43]=9610
r[44]=18350
r[45]=8474
r[46]=19682
r[47]=6830
r[48]=17142
r[49]=8375
r[50]=14772
r[51]=6541
r[52]=14339
r[53]=9858
r[54]=12339
r[55]=10518
r[56]=16680
r[57]=10986
r[58]=17886
r[59]=7290
r[60]=15775
r[61]=11253
r[62]=15955
r[63]=10667
r[64]=16484
r[65]=18379
r[66]=15442
r[67]=17213
r[68]=16610
r[69]=19798
r[70]=18072
r[71]=16630
r[72]=13344
r[73]=15249
r[74]=15652
r[75]=12771
r[76]=13993
r[77]=14905
r[78]=16035
r[79]=14055
r[80]=15418
r[81]=11886
r[82]=16012
r[83]=11544
r[84]=16951
r[85]=12954
r[86]=17219
r[87]=9388
r[88]=17873
r[89]=13548
r[90]=16907
r[91]=14394
r[92]=17946
r[93]=11000
r[94]=19210
r[95]=11598
r[96]=17988
r[97]=8832
r[98]=16332
r[99]=9782
r[100]=12869
r[101]=12020
r[102]=15811
r[103]=13942
r[104]=18858
r[105]=10756
r[106]=20234
r[107]=8778
r[108]=17731
r[109]=9504
r[110]=17457
r[111]=7010
r[112]=13867
r[113]=12242
r[114]=15831
r[115]=9772
r[116]=13776
r[117]=12722
r[118]=14550
r[119]=11524
r[120]=19961
r[121]=10212
r[122]=16587
r[123]=10142
r[124]=15235
r[125]=8203
r[126]=18257
r[127]=7023
r[128]=20187
r[129]=3631
r[130]=23415
r[131]=4205
r[132]=18420
r[133]=7253
r[134]=22106
r[135]=4583
r[136]=21370
r[137]=6908
r[138]=22034
r[139]=5058
r[140]=19523
r[141]=9822
r[142]=19497
r[143]=7020
r[144]=18521
r[145]=11092
r[146]=20791
r[147]=9510
r[148]=18118
r[149]=8045
r[150]=16786
r[151]=10941
r[152]=22790
r[153]=7602
r[154]=21214
r[155]=8732
r[156]=19784
r[157]=5257
r[158]=22052
r[159]=5845
r[160]=19050
r[161]=10389
r[162]=19772
r[163]=11593
r[164]=21014
r[165]=9842
r[166]=18684
r[167]=7688
r[168]=16613
r[169]=9748
r[170]=20709
r[171]=6156
r[172]=21079
r[173]=10105
r[174]=19047
r[175]=12439
r[176]=19960
r[177]=10658
r[178]=21850
r[179]=12654
r[180]=17337
r[181]=9940
r[182]=19273
r[183]=9840
r[184]=22465
r[185]=9743
r[186]=22329
r[187]=9441
r[188]=22097
r[189]=12594
r[190]=20145
r[191]=11890
r[192]=18833
r[193]=5841
r[194]=19725
r[195]=8233
r[196]=18695
r[197]=5951
r[198]=14663
r[199]=8639
r[200]=19136
r[201]=6668
r[202]=20366
r[203]=6878
r[204]=17563
r[205]=4929
r[206]=17547
r[207]=4405
r[208]=14255
r[209]=7524
r[210]=16179
r[211]=6764
r[212]=14618
r[213]=7223
r[214]=12212
r[215]=7425
r[216]=17061
r[217]=7630
r[218]=18447
r[219]=7218
r[220]=16877
r[221]=12261
r[222]=15103
r[223]=9915
r[224]=20322
r[225]=7901
r[226]=22912
r[227]=11147
r[228]=20888
r[229]=5834
r[230]=22630
r[231]=7306
r[232]=18973
r[233]=7559
r[234]=22729
r[235]=5755
r[236]=19045
r[237]=6366
r[238]=17629
r[239]=5428
r[240]=16172
r[241]=4243
r[242]=-27827
r[243]=20539
r[244]=17744
r[245]=6759
r[246]=-24915
r[247]=19451
r[248]=20236
r[249]=4556
r[250]=-20304
r[251]=18732
r[252]=18732
r[253]=5762
r[254]=-24526
r[255]=19670
j 240 t -1397j 241 t 368k 126 zeta -1460 len 2 start 244
r[0]=12185
r[1]=8995
r[2]=13951
r[3]=8061
r[4]=14009
r[5]=8749
r[6]=13111
r[7]=8807
r[8]=13670
r[9]=9914
r[10]=15860
r[11]=8970
r[12]=14845
r[13]=6430
r[14]=14353
r[15]=6234
r[16]=13525
r[17]=10490
r[18]=13961
r[19]=9020
r[20]=15113
r[21]=10319
r[22]=17165
r[23]=10019
r[24]=16374
r[25]=10360
r[26]=20802
r[27]=8756
r[28]=16331
r[29]=4872
r[30]=15641
r[31]=6708
r[32]=19217
r[33]=7142
r[34]=18621
r[35]=8488
r[36]=15151
r[37]=12889
r[38]=15699
r[39]=9673
r[40]=21131
r[41]=11486
r[42]=21821
r[43]=9610
r[44]=18350
r[45]=8474
r[46]=19682
r[47]=6830
r[48]=17142
r[49]=8375
r[50]=14772
r[51]=6541
r[52]=14339
r[53]=9858
r[54]=12339
r[55]=10518
r[56]=16680
r[57]=10986
r[58]=17886
r[59]=7290
r[60]=15775
r[61]=11253
r[62]=15955
r[63]=10667
r[64]=16484
r[65]=18379
r[66]=15442
r[67]=17213
r[68]=16610
r[69]=19798
r[70]=18072
r[71]=16630
r[72]=13344
r[73]=15249
r[74]=15652
r[75]=12771
r[76]=13993
r[77]=14905
r[78]=16035
r[79]=14055
r[80]=15418
r[81]=11886
r[82]=16012
r[83]=11544
r[84]=16951
r[85]=12954
r[86]=17219
r[87]=9388
r[88]=17873
r[89]=13548
r[90]=16907
r[91]=14394
r[92]=17946
r[93]=11000
r[94]=19210
r[95]=11598
r[96]=17988
r[97]=8832
r[98]=16332
r[99]=9782
r[100]=12869
r[101]=12020
r[102]=15811
r[103]=13942
r[104]=18858
r[105]=10756
r[106]=20234
r[107]=8778
r[108]=17731
r[109]=9504
r[110]=17457
r[111]=7010
r[112]=13867
r[113]=12242
r[114]=15831
r[115]=9772
r[116]=13776
r[117]=12722
r[118]=14550
r[119]=11524
r[120]=19961
r[121]=10212
r[122]=16587
r[123]=10142
r[124]=15235
r[125]=8203
r[126]=18257
r[127]=7023
r[128]=20187
r[129]=3631
r[130]=23415
r[131]=4205
r[132]=18420
r[133]=7253
r[134]=22106
r[135]=4583
r[136]=21370
r[137]=6908
r[138]=22034
r[139]=5058
r[140]=19523
r[141]=9822
r[142]=19497
r[143]=7020
r[144]=18521
r[145]=11092
r[146]=20791
r[147]=9510
r[148]=18118
r[149]=8045
r[150]=16786
r[151]=10941
r[152]=22790
r[153]=7602
r[154]=21214
r[155]=8732
r[156]=19784
r[157]=5257
r[158]=22052
r[159]=5845
r[160]=19050
r[161]=10389
r[162]=19772
r[163]=11593
r[164]=21014
r[165]=9842
r[166]=18684
r[167]=7688
r[168]=16613
r[169]=9748
r[170]=20709
r[171]=6156
r[172]=21079
r[173]=10105
r[174]=19047
r[175]=12439
r[176]=19960
r[177]=10658
r[178]=21850
r[179]=12654
r[180]=17337
r[181]=9940
r[182]=19273
r[183]=9840
r[184]=22465
r[185]=9743
r[186]=22329
r[187]=9441
r[188]=22097
r[189]=12594
r[190]=20145
r[191]=11890
r[192]=18833
r[193]=5841
r[194]=19725
r[195]=8233
r[196]=18695
r[197]=5951
r[198]=14663
r[199]=8639
r[200]=19136
r[201]=6668
r[202]=20366
r[203]=6878
r[204]=17563
r[205]=4929
r[206]=17547
r[207]=4405
r[208]=14255
r[209]=7524
r[210]=16179
r[211]=6764
r[212]=14618
r[213]=7223
r[214]=12212
r[215]=7425
r[216]=17061
r[217]=7630
r[218]=18447
r[219]=7218
r[220]=16877
r[221]=12261
r[222]=15103
r[223]=9915
r[224]=20322
r[225]=7901
r[226]=22912
r[227]=11147
r[228]=20888
r[229]=5834
r[230]=22630
r[231]=7306
r[232]=18973
r[233]=7559
r[234]=22729
r[235]=5755
r[236]=19045
r[237]=6366
r[238]=17629
r[239]=5428
r[240]=14775
r[241]=4611
r[242]=17569
r[243]=3875
r[244]=17744
r[245]=6759
r[246]=-24915
r[247]=19451
r[248]=20236
r[249]=4556
r[250]=-20304
r[251]=18732
r[252]=18732
r[253]=5762
r[254]=-24526
r[255]=19670
j 244 t -711j 245 t -336k 127 zeta 1522 len 2 start 248
r[0]=12185
r[1]=8995
r[2]=13951
r[3]=8061
r[4]=14009
r[5]=8749
r[6]=13111
r[7]=8807
r[8]=13670
r[9]=9914
r[10]=15860
r[11]=8970
r[12]=14845
r[13]=6430
r[14]=14353
r[15]=6234
r[16]=13525
r[17]=10490
r[18]=13961
r[19]=9020
r[20]=15113
r[21]=10319
r[22]=17165
r[23]=10019
r[24]=16374
r[25]=10360
r[26]=20802
r[27]=8756
r[28]=16331
r[29]=4872
r[30]=15641
r[31]=6708
r[32]=19217
r[33]=7142
r[34]=18621
r[35]=8488
r[36]=15151
r[37]=12889
r[38]=15699
r[39]=9673
r[40]=21131
r[41]=11486
r[42]=21821
r[43]=9610
r[44]=18350
r[45]=8474
r[46]=19682
r[47]=6830
r[48]=17142
r[49]=8375
r[50]=14772
r[51]=6541
r[52]=14339
r[53]=9858
r[54]=12339
r[55]=10518
r[56]=16680
r[57]=10986
r[58]=17886
r[59]=7290
r[60]=15775
r[61]=11253
r[62]=15955
r[63]=10667
r[64]=16484
r[65]=18379
r[66]=15442
r[67]=17213
r[68]=16610
r[69]=19798
r[70]=18072
r[71]=16630
r[72]=13344
r[73]=15249
r[74]=15652
r[75]=12771
r[76]=13993
r[77]=14905
r[78]=16035
r[79]=14055
r[80]=15418
r[81]=11886
r[82]=16012
r[83]=11544
r[84]=16951
r[85]=12954
r[86]=17219
r[87]=9388
r[88]=17873
r[89]=13548
r[90]=16907
r[91]=14394
r[92]=17946
r[93]=11000
r[94]=19210
r[95]=11598
r[96]=17988
r[97]=8832
r[98]=16332
r[99]=9782
r[100]=12869
r[101]=12020
r[102]=15811
r[103]=13942
r[104]=18858
r[105]=10756
r[106]=20234
r[107]=8778
r[108]=17731
r[109]=9504
r[110]=17457
r[111]=7010
r[112]=13867
r[113]=12242
r[114]=15831
r[115]=9772
r[116]=13776
r[117]=12722
r[118]=14550
r[119]=11524
r[120]=19961
r[121]=10212
r[122]=16587
r[123]=10142
r[124]=15235
r[125]=8203
r[126]=18257
r[127]=7023
r[128]=20187
r[129]=3631
r[130]=23415
r[131]=4205
r[132]=18420
r[133]=7253
r[134]=22106
r[135]=4583
r[136]=21370
r[137]=6908
r[138]=22034
r[139]=5058
r[140]=19523
r[141]=9822
r[142]=19497
r[143]=7020
r[144]=18521
r[145]=11092
r[146]=20791
r[147]=9510
r[148]=18118
r[149]=8045
r[150]=16786
r[151]=10941
r[152]=22790
r[153]=7602
r[154]=21214
r[155]=8732
r[156]=19784
r[157]=5257
r[158]=22052
r[159]=5845
r[160]=19050
r[161]=10389
r[162]=19772
r[163]=11593
r[164]=21014
r[165]=9842
r[166]=18684
r[167]=7688
r[168]=16613
r[169]=9748
r[170]=20709
r[171]=6156
r[172]=21079
r[173]=10105
r[174]=19047
r[175]=12439
r[176]=19960
r[177]=10658
r[178]=21850
r[179]=12654
r[180]=17337
r[181]=9940
r[182]=19273
r[183]=9840
r[184]=22465
r[185]=9743
r[186]=22329
r[187]=9441
r[188]=22097
r[189]=12594
r[190]=20145
r[191]=11890
r[192]=18833
r[193]=5841
r[194]=19725
r[195]=8233
r[196]=18695
r[197]=5951
r[198]=14663
r[199]=8639
r[200]=19136
r[201]=6668
r[202]=20366
r[203]=6878
r[204]=17563
r[205]=4929
r[206]=17547
r[207]=4405
r[208]=14255
r[209]=7524
r[210]=16179
r[211]=6764
r[212]=14618
r[213]=7223
r[214]=12212
r[215]=7425
r[216]=17061
r[217]=7630
r[218]=18447
r[219]=7218
r[220]=16877
r[221]=12261
r[222]=15103
r[223]=9915
r[224]=20322
r[225]=7901
r[226]=22912
r[227]=11147
r[228]=20888
r[229]=5834
r[230]=22630
r[231]=7306
r[232]=18973
r[233]=7559
r[234]=22729
r[235]=5755
r[236]=19045
r[237]=6366
r[238]=17629
r[239]=5428
r[240]=14775
r[241]=4611
r[242]=17569
r[243]=3875
r[244]=17033
r[245]=6423
r[246]=18455
r[247]=7095
r[248]=20236
r[249]=4556
r[250]=-20304
r[251]=18732
r[252]=18732
r[253]=5762
r[254]=-24526
r[255]=19670
j 248 t 902j 249 t -600k 128 zeta 1628 len 2 start 252
r[0]=12185
r[1]=8995
r[2]=13951
r[3]=8061
r[4]=14009
r[5]=8749
r[6]=13111
r[7]=8807
r[8]=13670
r[9]=9914
r[10]=15860
r[11]=8970
r[12]=14845
r[13]=6430
r[14]=14353
r[15]=6234
r[16]=13525
r[17]=10490
r[18]=13961
r[19]=9020
r[20]=15113
r[21]=10319
r[22]=17165
r[23]=10019
r[24]=16374
r[25]=10360
r[26]=20802
r[27]=8756
r[28]=16331
r[29]=4872
r[30]=15641
r[31]=6708
r[32]=19217
r[33]=7142
r[34]=18621
r[35]=8488
r[36]=15151
r[37]=12889
r[38]=15699
r[39]=9673
r[40]=21131
r[41]=11486
r[42]=21821
r[43]=9610
r[44]=18350
r[45]=8474
r[46]=19682
r[47]=6830
r[48]=17142
r[49]=8375
r[50]=14772
r[51]=6541
r[52]=14339
r[53]=9858
r[54]=12339
r[55]=10518
r[56]=16680
r[57]=10986
r[58]=17886
r[59]=7290
r[60]=15775
r[61]=11253
r[62]=15955
r[63]=10667
r[64]=16484
r[65]=18379
r[66]=15442
r[67]=17213
r[68]=16610
r[69]=19798
r[70]=18072
r[71]=16630
r[72]=13344
r[73]=15249
r[74]=15652
r[75]=12771
r[76]=13993
r[77]=14905
r[78]=16035
r[79]=14055
r[80]=15418
r[81]=11886
r[82]=16012
r[83]=11544
r[84]=16951
r[85]=12954
r[86]=17219
r[87]=9388
r[88]=17873
r[89]=13548
r[90]=16907
r[91]=14394
r[92]=17946
r[93]=11000
r[94]=19210
r[95]=11598
r[96]=17988
r[97]=8832
r[98]=16332
r[99]=9782
r[100]=12869
r[101]=12020
r[102]=15811
r[103]=13942
r[104]=18858
r[105]=10756
r[106]=20234
r[107]=8778
r[108]=17731
r[109]=9504
r[110]=17457
r[111]=7010
r[112]=13867
r[113]=12242
r[114]=15831
r[115]=9772
r[116]=13776
r[117]=12722
r[118]=14550
r[119]=11524
r[120]=19961
r[121]=10212
r[122]=16587
r[123]=10142
r[124]=15235
r[125]=8203
r[126]=18257
r[127]=7023
r[128]=20187
r[129]=3631
r[130]=23415
r[131]=4205
r[132]=18420
r[133]=7253
r[134]=22106
r[135]=4583
r[136]=21370
r[137]=6908
r[138]=22034
r[139]=5058
r[140]=19523
r[141]=9822
r[142]=19497
r[143]=7020
r[144]=18521
r[145]=11092
r[146]=20791
r[147]=9510
r[148]=18118
r[149]=8045
r[150]=16786
r[151]=10941
r[152]=22790
r[153]=7602
r[154]=21214
r[155]=8732
r[156]=19784
r[157]=5257
r[158]=22052
r[159]=5845
r[160]=19050
r[161]=10389
r[162]=19772
r[163]=11593
r[164]=21014
r[165]=9842
r[166]=18684
r[167]=7688
r[168]=16613
r[169]=9748
r[170]=20709
r[171]=6156
r[172]=21079
r[173]=10105
r[174]=19047
r[175]=12439
r[176]=19960
r[177]=10658
r[178]=21850
r[179]=12654
r[180]=17337
r[181]=9940
r[182]=19273
r[183]=9840
r[184]=22465
r[185]=9743
r[186]=22329
r[187]=9441
r[188]=22097
r[189]=12594
r[190]=20145
r[191]=11890
r[192]=18833
r[193]=5841
r[194]=19725
r[195]=8233
r[196]=18695
r[197]=5951
r[198]=14663
r[199]=8639
r[200]=19136
r[201]=6668
r[202]=20366
r[203]=6878
r[204]=17563
r[205]=4929
r[206]=17547
r[207]=4405
r[208]=14255
r[209]=7524
r[210]=16179
r[211]=6764
r[212]=14618
r[213]=7223
r[214]=12212
r[215]=7425
r[216]=17061
r[217]=7630
r[218]=18447
r[219]=7218
r[220]=16877
r[221]=12261
r[222]=15103
r[223]=9915
r[224]=20322
r[225]=7901
r[226]=22912
r[227]=11147
r[228]=20888
r[229]=5834
r[230]=22630
r[231]=7306
r[232]=18973
r[233]=7559
r[234]=22729
r[235]=5755
r[236]=19045
r[237]=6366
r[238]=17629
r[239]=5428
r[240]=14775
r[241]=4611
r[242]=17569
r[243]=3875
r[244]=17033
r[245]=6423
r[246]=18455
r[247]=7095
r[248]=21138
r[249]=3956
r[250]=19334
r[251]=5156
r[252]=18732
r[253]=5762
r[254]=-24526
r[255]=19670
j 252 t -1103j 253 t 99712185
8995
13951
8061
14009
8749
13111
8807
13670
9914
15860
8970
14845
6430
14353
6234
13525
10490
13961
9020
15113
10319
17165
10019
16374
10360
20802
8756
16331
4872
15641
6708
19217
7142
18621
8488
15151
12889
15699
9673
21131
11486
21821
9610
18350
8474
19682
6830
17142
8375
14772
6541
14339
9858
12339
10518
16680
10986
17886
7290
15775
11253
15955
10667
16484
18379
15442
17213
16610
19798
18072
16630
13344
15249
15652
12771
13993
14905
16035
14055
15418
11886
16012
11544
16951
12954
17219
9388
17873
13548
16907
14394
17946
11000
19210
11598
17988
8832
16332
9782
12869
12020
15811
13942
18858
10756
20234
8778
17731
9504
17457
7010
13867
12242
15831
9772
13776
12722
14550
11524
19961
10212
16587
10142
15235
8203
18257
7023
20187
3631
23415
4205
18420
7253
22106
4583
21370
6908
22034
5058
19523
9822
19497
7020
18521
11092
20791
9510
18118
8045
16786
10941
22790
7602
21214
8732
19784
5257
22052
5845
19050
10389
19772
11593
21014
9842
18684
7688
16613
9748
20709
6156
21079
10105
19047
12439
19960
10658
21850
12654
17337
9940
19273
9840
22465
9743
22329
9441
22097
12594
20145
11890
18833
5841
19725
8233
18695
5951
14663
8639
19136
6668
20366
6878
17563
4929
17547
4405
14255
7524
16179
6764
14618
7223
12212
7425
17061
7630
18447
7218
16877
12261
15103
9915
20322
7901
22912
11147
20888
5834
22630
7306
18973
7559
22729
5755
19045
6366
17629
5428
14775
4611
17569
3875
17033
6423
18455
7095
21138
3956
19334
5156
17629
6759
19835
4765
